date,hour,region,avg_latency,max_latency,avg_loss,avg_bandwidth,avg_jitter,health_score,breach_count
2025-03-01,0,ap-southeast-1,42.3,42.3,0.07,655.1,3.07,88.3,0
2025-03-01,0,eu-central-1,34.23,34.23,0.31,805.8,0.99,89.0,0
2025-03-01,0,eu-west-1,25.66,25.66,0.01,850.2,0.95,93.1,0
2025-03-01,0,us-east-1,19.34,19.34,0.09,866.0,1.31,94.3,0
2025-03-01,0,us-west-2,14.52,14.52,0.24,813.3,1.48,94.7,0
2025-03-01,1,ap-southeast-1,44.95,44.95,0.1,1000.0,2.21,87.4,0
2025-03-01,1,eu-central-1,18.35,18.35,0.37,792.4,0.96,92.9,0
2025-03-01,1,eu-west-1,19.99,19.99,0.01,899.8,3.63,94.6,0
2025-03-01,1,us-east-1,17.63,17.63,0.23,831.7,0.17,93.9,0
2025-03-01,1,us-west-2,22.08,22.08,0.68,732.5,5.17,90.0,0
2025-03-01,2,ap-southeast-1,46.86,46.86,0.05,850.9,0.96,87.2,0
2025-03-01,2,eu-central-1,28.47,28.47,0.3,658.7,0.99,90.6,0
2025-03-01,2,eu-west-1,23.46,23.46,0.45,1000.0,1.72,91.1,0
2025-03-01,2,us-east-1,19.75,19.75,0.3,935.0,1.07,92.9,0
2025-03-01,2,us-west-2,22.59,22.59,0.11,1000.0,1.82,93.3,0
2025-03-01,3,ap-southeast-1,58.79,58.79,0.09,960.5,2.02,83.8,1
2025-03-01,3,eu-central-1,20.71,20.71,0.88,912.8,2.79,89.2,0
2025-03-01,3,eu-west-1,25.49,25.49,0.04,815.8,0.93,92.9,0
2025-03-01,3,us-east-1,22.11,22.11,0.09,964.8,0.29,93.6,0
2025-03-01,3,us-west-2,21.47,21.47,0.06,1000.0,0.39,93.9,0
2025-03-01,4,ap-southeast-1,48.86,48.86,0.08,861.9,3.28,86.5,0
2025-03-01,4,eu-central-1,38.26,38.26,0.07,979.9,1.89,89.4,0
2025-03-01,4,eu-west-1,23.3,23.3,0.19,866.6,4.18,92.7,0
2025-03-01,4,us-east-1,17.37,17.37,0.04,755.7,4.13,95.1,0
2025-03-01,4,us-west-2,24.33,24.33,0.18,796.3,2.43,92.4,0
2025-03-01,5,ap-southeast-1,49.02,49.02,0.22,849.2,0.11,85.6,0
2025-03-01,5,eu-central-1,26.03,26.03,1.35,1000.0,1.22,84.9,0
2025-03-01,5,eu-west-1,24.18,24.18,0.28,719.7,5.05,91.9,0
2025-03-01,5,us-east-1,17.37,17.37,0.54,690.3,7.38,92.1,0
2025-03-01,5,us-west-2,104.13,104.13,0.08,624.3,1.55,71.7,1
2025-03-01,6,ap-southeast-1,43.2,43.2,0.25,690.6,0.1,87.0,0
2025-03-01,6,eu-central-1,31.13,31.13,0.53,886.6,0.4,88.5,0
2025-03-01,6,eu-west-1,24.66,24.66,0.17,745.8,2.79,92.4,0
2025-03-01,6,us-east-1,22.26,22.26,1.25,629.7,0.19,86.6,0
2025-03-01,6,us-west-2,20.78,20.78,0.22,763.8,6.86,93.1,0
2025-03-01,7,ap-southeast-1,38.39,38.39,0.87,846.8,1.53,84.5,0
2025-03-01,7,eu-central-1,27.85,27.85,0.27,758.0,0.1,91.0,0
2025-03-01,7,eu-west-1,24.7,24.7,0.01,861.7,0.12,93.4,0
2025-03-01,7,us-east-1,20.07,20.07,0.22,911.0,7.76,93.3,0
2025-03-01,7,us-west-2,25.43,25.43,0.1,1000.0,1.24,92.6,0
2025-03-01,8,ap-southeast-1,183.71,183.71,0.07,1000.0,0.35,59.6,1
2025-03-01,8,eu-central-1,28.32,28.32,0.36,840.3,0.62,90.3,0
2025-03-01,8,eu-west-1,28.98,28.98,0.5,1000.0,2.09,89.2,0
2025-03-01,8,us-east-1,19.24,19.24,0.06,932.9,1.85,94.5,0
2025-03-01,8,us-west-2,23.73,23.73,0.66,1000.0,1.29,89.7,0
2025-03-01,9,ap-southeast-1,46.24,46.24,0.34,1000.0,2.73,85.6,0
2025-03-01,9,eu-central-1,27.75,27.75,0.34,1000.0,0.28,90.5,0
2025-03-01,9,eu-west-1,24.18,24.18,0.0,1000.0,3.6,93.5,0
2025-03-01,9,us-east-1,22.38,22.38,0.1,769.1,0.89,93.4,0
2025-03-01,9,us-west-2,25.55,25.55,0.31,894.5,2.63,91.3,0
2025-03-01,10,ap-southeast-1,54.79,54.79,0.56,1000.0,0.6,82.0,1
2025-03-01,10,eu-central-1,39.86,39.86,0.02,824.8,3.85,89.3,0
2025-03-01,10,eu-west-1,25.66,25.66,0.47,1000.0,0.37,90.3,0
2025-03-01,10,us-east-1,19.26,19.26,0.01,1000.0,0.2,94.8,0
2025-03-01,10,us-west-2,118.51,118.51,0.0,1000.0,1.87,68.4,1
2025-03-01,11,ap-southeast-1,38.93,38.93,0.27,1000.0,1.42,88.0,0
2025-03-01,11,eu-central-1,36.82,36.82,0.08,1000.0,0.3,89.7,0
2025-03-01,11,eu-west-1,23.21,23.21,0.74,1000.0,0.65,89.4,0
2025-03-01,11,us-east-1,19.25,19.25,0.81,1000.0,1.74,90.0,0
2025-03-01,11,us-west-2,21.46,21.46,0.54,1000.0,1.17,91.0,0
2025-03-01,12,ap-southeast-1,56.35,56.35,0.1,947.0,0.55,84.4,1
2025-03-01,12,eu-central-1,41.59,41.59,1.08,1000.0,3.22,82.5,0
2025-03-01,12,eu-west-1,32.97,32.97,0.19,1000.0,5.35,90.1,0
2025-03-01,12,us-east-1,21.45,21.45,0.04,1000.0,3.96,94.0,0
2025-03-01,12,us-west-2,21.05,21.05,0.13,1000.0,11.46,93.6,0
2025-03-01,13,ap-southeast-1,50.84,50.84,0.1,1000.0,1.99,85.8,1
2025-03-01,13,eu-central-1,32.47,32.47,0.25,1000.0,1.22,89.8,0
2025-03-01,13,eu-west-1,19.67,19.67,0.25,1000.0,0.1,93.2,0
2025-03-01,13,us-east-1,14.76,14.76,0.28,1000.0,3.07,94.4,0
2025-03-01,13,us-west-2,30.45,30.45,0.13,1000.0,0.9,91.1,0
2025-03-01,14,ap-southeast-1,57.44,57.44,0.01,1000.0,0.31,84.6,1
2025-03-01,14,eu-central-1,33.59,33.59,0.16,1000.0,0.19,90.1,0
2025-03-01,14,eu-west-1,33.72,33.72,0.21,871.4,3.49,89.7,0
2025-03-01,14,us-east-1,15.34,15.34,0.11,1000.0,0.13,95.3,0
2025-03-01,14,us-west-2,23.05,23.05,0.16,1000.0,0.81,92.9,0
2025-03-01,15,ap-southeast-1,46.13,46.13,0.12,1000.0,0.1,87.0,0
2025-03-01,15,eu-central-1,30.91,30.91,0.47,1000.0,4.19,88.9,0
2025-03-01,15,eu-west-1,34.73,34.73,0.61,1000.0,1.61,87.1,0
2025-03-01,15,us-east-1,18.95,18.95,0.27,1000.0,0.19,93.3,0
2025-03-01,15,us-west-2,27.93,27.93,0.33,1000.0,5.0,90.6,0
2025-03-01,16,ap-southeast-1,44.75,44.75,0.45,1000.0,0.13,85.4,0
2025-03-01,16,eu-central-1,30.81,30.81,0.24,728.2,2.17,90.3,0
2025-03-01,16,eu-west-1,27.45,27.45,0.72,1000.0,1.48,88.4,0
2025-03-01,16,us-east-1,17.56,17.56,0.35,1000.0,1.29,93.2,0
2025-03-01,16,us-west-2,18.56,18.56,0.19,873.2,0.1,93.9,0
2025-03-01,17,ap-southeast-1,48.59,48.59,0.02,1000.0,7.71,86.9,0
2025-03-01,17,eu-central-1,27.17,27.17,0.0,1000.0,0.67,92.7,0
2025-03-01,17,eu-west-1,17.52,17.52,0.74,1000.0,0.1,90.9,0
2025-03-01,17,us-east-1,21.68,21.68,0.58,1000.0,0.87,90.7,0
2025-03-01,17,us-west-2,15.8,15.8,0.33,1000.0,0.56,93.8,0
2025-03-01,18,ap-southeast-1,48.41,48.41,0.08,1000.0,0.38,86.6,0
2025-03-01,18,eu-central-1,32.61,32.61,0.44,757.2,5.63,88.7,0
2025-03-01,18,eu-west-1,27.19,27.19,0.14,906.9,4.28,91.9,0
2025-03-01,18,us-east-1,17.88,17.88,0.08,1000.0,0.66,94.8,0
2025-03-01,18,us-west-2,26.68,26.68,0.05,1000.0,2.23,92.6,0
2025-03-01,19,ap-southeast-1,50.44,50.44,0.37,857.7,3.08,84.3,1
2025-03-01,19,eu-central-1,126.76,126.76,0.4,937.9,0.12,63.8,1
2025-03-01,19,eu-west-1,24.76,24.76,0.29,930.3,1.12,91.7,0
2025-03-01,19,us-east-1,14.19,14.19,0.0,888.6,0.82,96.2,0
2025-03-01,19,us-west-2,21.58,21.58,1.05,799.6,0.44,87.9,0
2025-03-01,20,ap-southeast-1,50.38,50.38,0.46,854.4,0.18,83.8,1
2025-03-01,20,eu-central-1,29.86,29.86,0.05,783.4,0.56,91.7,0
2025-03-01,20,eu-west-1,21.21,21.21,0.78,930.6,1.95,89.6,0
2025-03-01,20,us-east-1,21.96,21.96,0.04,769.8,4.07,93.9,0
2025-03-01,20,us-west-2,23.23,23.23,0.39,805.9,10.64,91.5,0
2025-03-01,21,ap-southeast-1,57.86,57.86,0.18,1000.0,0.29,83.5,1
2025-03-01,21,eu-central-1,28.71,28.71,0.94,591.2,3.49,86.7,0
2025-03-01,21,eu-west-1,23.07,23.07,0.98,896.1,2.83,88.0,0
2025-03-01,21,us-east-1,17.39,17.39,0.69,969.0,6.62,91.2,0
2025-03-01,21,us-west-2,28.19,28.19,0.09,746.2,1.56,92.0,0
2025-03-01,22,ap-southeast-1,41.66,41.66,0.36,854.7,1.78,86.7,0
2025-03-01,22,eu-central-1,29.21,29.21,0.08,752.3,3.09,91.8,0
2025-03-01,22,eu-west-1,30.74,30.74,0.21,730.7,3.03,90.5,0
2025-03-01,22,us-east-1,18.18,18.18,0.62,829.0,1.3,91.4,0
2025-03-01,22,us-west-2,17.92,17.92,0.39,770.5,2.27,92.9,0
2025-03-01,23,ap-southeast-1,29.38,29.38,0.15,1000.0,1.56,91.3,0
2025-03-01,23,eu-central-1,35.04,35.04,0.18,781.6,0.85,89.6,0
2025-03-01,23,eu-west-1,27.49,27.49,0.18,879.9,7.81,91.6,0
2025-03-01,23,us-east-1,14.15,14.15,0.27,759.3,5.91,94.6,0
2025-03-01,23,us-west-2,22.13,22.13,0.26,884.8,0.44,92.6,0
2025-03-02,0,ap-southeast-1,42.24,42.24,0.05,694.4,7.57,88.4,0
2025-03-02,0,eu-central-1,128.42,128.42,0.04,992.9,0.16,65.5,1
2025-03-02,0,eu-west-1,21.53,21.53,0.1,708.0,1.89,93.7,0
2025-03-02,0,us-east-1,16.53,16.53,0.28,914.4,0.97,93.9,0
2025-03-02,0,us-west-2,26.88,26.88,0.04,816.7,0.85,92.6,0
2025-03-02,1,ap-southeast-1,46.56,46.56,0.15,846.1,7.24,86.7,0
2025-03-02,1,eu-central-1,31.18,31.18,0.28,873.6,4.88,90.0,0
2025-03-02,1,eu-west-1,19.01,19.01,0.96,819.7,1.28,89.2,0
2025-03-02,1,us-east-1,18.3,18.3,0.33,742.2,1.62,93.2,0
2025-03-02,1,us-west-2,18.39,18.39,0.06,915.5,2.38,94.7,0
2025-03-02,2,ap-southeast-1,49.82,49.82,0.26,758.5,3.78,85.2,0
2025-03-02,2,eu-central-1,36.62,36.62,0.14,891.3,0.94,89.4,0
2025-03-02,2,eu-west-1,23.77,23.77,0.05,973.5,7.68,93.4,0
2025-03-02,2,us-east-1,14.89,14.89,0.06,853.4,0.64,95.7,0
2025-03-02,2,us-west-2,20.07,20.07,0.01,755.8,1.99,94.6,0
2025-03-02,3,ap-southeast-1,47.05,47.05,0.89,790.6,2.3,82.1,0
2025-03-02,3,eu-central-1,33.49,33.49,0.13,991.7,0.54,90.3,0
2025-03-02,3,eu-west-1,24.2,24.2,0.26,945.6,2.57,92.0,0
2025-03-02,3,us-east-1,19.01,19.01,0.74,848.9,2.56,90.5,0
2025-03-02,3,us-west-2,16.17,16.17,0.5,934.9,3.84,92.7,0
2025-03-02,4,ap-southeast-1,41.65,41.65,0.02,793.2,1.52,88.8,0
2025-03-02,4,eu-central-1,32.84,32.84,0.53,838.5,1.81,88.1,0
2025-03-02,4,eu-west-1,26.86,26.86,0.1,851.8,0.89,92.2,0
2025-03-02,4,us-east-1,16.38,16.38,0.16,980.3,9.66,94.7,0
2025-03-02,4,us-west-2,29.38,29.38,0.24,1000.0,0.78,90.7,0
2025-03-02,5,ap-southeast-1,56.57,56.57,0.21,764.6,1.1,83.6,1
2025-03-02,5,eu-central-1,26.71,26.71,0.0,940.5,6.03,92.9,0
2025-03-02,5,eu-west-1,22.99,22.99,0.1,733.0,0.34,93.3,0
2025-03-02,5,us-east-1,17.21,17.21,0.14,907.0,2.31,94.5,0
2025-03-02,5,us-west-2,14.73,14.73,0.11,849.2,2.65,95.4,0
2025-03-02,6,ap-southeast-1,38.02,38.02,0.12,1000.0,7.35,89.1,0
2025-03-02,6,eu-central-1,28.96,28.96,0.48,932.1,0.11,89.4,0
2025-03-02,6,eu-west-1,26.92,26.92,0.16,927.5,4.62,91.9,0
2025-03-02,6,us-east-1,16.38,16.38,0.22,847.0,1.11,94.3,0
2025-03-02,6,us-west-2,24.64,24.64,0.04,912.5,0.86,93.2,0
2025-03-02,7,ap-southeast-1,214.81,214.81,0.21,1000.0,2.31,58.7,1
2025-03-02,7,eu-central-1,22.46,22.46,0.25,695.6,3.63,92.5,0
2025-03-02,7,eu-west-1,32.26,32.26,2.02,852.3,1.12,79.3,0
2025-03-02,7,us-east-1,23.0,23.0,0.01,948.1,2.61,93.8,0
2025-03-02,7,us-west-2,17.64,17.64,0.2,917.2,2.21,94.1,0
2025-03-02,8,ap-southeast-1,43.37,43.37,0.01,1000.0,2.16,88.4,0
2025-03-02,8,eu-central-1,34.61,34.61,1.41,1000.0,2.12,82.3,0
2025-03-02,8,eu-west-1,32.27,32.27,0.02,743.0,2.7,91.3,0
2025-03-02,8,us-east-1,20.66,20.66,0.06,1000.0,0.33,94.1,0
2025-03-02,8,us-west-2,21.31,21.31,0.25,1000.0,2.32,92.8,0
2025-03-02,9,ap-southeast-1,51.9,51.9,0.12,1000.0,0.66,85.4,1
2025-03-02,9,eu-central-1,33.53,33.53,0.89,883.4,1.39,85.7,0
2025-03-02,9,eu-west-1,28.54,28.54,0.28,1000.0,1.59,90.7,0
2025-03-02,9,us-east-1,17.42,17.42,0.44,1000.0,5.49,92.7,0
2025-03-02,9,us-west-2,29.34,29.34,0.4,1000.0,0.32,89.8,0
2025-03-02,10,ap-southeast-1,64.08,64.08,0.57,998.4,0.12,79.5,1
2025-03-02,10,eu-central-1,32.31,32.31,0.02,1000.0,3.41,91.3,0
2025-03-02,10,eu-west-1,27.96,27.96,0.03,1000.0,0.55,92.4,0
2025-03-02,10,us-east-1,23.25,23.25,0.03,1000.0,1.75,93.6,0
2025-03-02,10,us-west-2,22.48,22.48,1.16,751.1,1.99,87.1,0
2025-03-02,11,ap-southeast-1,50.66,50.66,0.27,1000.0,7.26,84.9,1
2025-03-02,11,eu-central-1,37.16,37.16,0.02,868.3,8.44,90.0,0
2025-03-02,11,eu-west-1,27.21,27.21,0.06,1000.0,2.3,92.4,0
2025-03-02,11,us-east-1,16.91,16.91,0.3,900.4,1.49,93.7,0
2025-03-02,11,us-west-2,27.77,27.77,0.19,689.0,0.1,91.5,0
2025-03-02,12,ap-southeast-1,50.7,50.7,0.2,1000.0,0.94,85.3,1
2025-03-02,12,eu-central-1,26.37,26.37,0.71,1000.0,0.65,88.7,0
2025-03-02,12,eu-west-1,131.35,131.35,0.19,934.1,0.16,63.8,1
2025-03-02,12,us-east-1,21.35,21.35,0.09,938.8,2.2,93.7,0
2025-03-02,12,us-west-2,30.54,30.54,0.17,1000.0,1.74,90.8,0
2025-03-02,13,ap-southeast-1,38.59,38.59,0.11,1000.0,1.46,89.0,0
2025-03-02,13,eu-central-1,40.1,40.1,0.61,1000.0,0.39,85.7,0
2025-03-02,13,eu-west-1,26.04,26.04,0.24,609.4,1.33,91.6,0
2025-03-02,13,us-east-1,14.62,14.62,0.16,1000.0,2.45,95.1,0
2025-03-02,13,us-west-2,26.06,26.06,0.15,1000.0,2.99,92.1,0
2025-03-02,14,ap-southeast-1,49.52,49.52,0.12,1000.0,0.3,86.1,0
2025-03-02,14,eu-central-1,36.56,36.56,0.14,1000.0,6.1,89.4,0
2025-03-02,14,eu-west-1,28.95,28.95,0.1,1000.0,1.98,91.7,0
2025-03-02,14,us-east-1,16.58,16.58,0.11,1000.0,0.19,94.9,0
2025-03-02,14,us-west-2,28.67,28.67,0.58,1000.0,0.19,88.9,0
2025-03-02,15,ap-southeast-1,60.68,60.68,0.16,1000.0,4.53,82.9,1
2025-03-02,15,eu-central-1,31.86,31.86,0.32,1000.0,2.76,89.6,0
2025-03-02,15,eu-west-1,28.97,28.97,0.13,1000.0,1.43,91.5,0
2025-03-02,15,us-east-1,21.31,21.31,0.14,1000.0,2.87,93.4,0
2025-03-02,15,us-west-2,25.61,25.61,0.06,1000.0,6.98,92.8,0
2025-03-02,16,ap-southeast-1,49.81,49.81,0.6,1000.0,0.1,83.1,0
2025-03-02,16,eu-central-1,31.48,31.48,0.22,1000.0,1.44,90.3,0
2025-03-02,16,eu-west-1,26.59,26.59,0.03,841.3,3.45,92.7,0
2025-03-02,16,us-east-1,74.26,74.26,0.42,1000.0,0.69,77.7,1
2025-03-02,16,us-west-2,25.78,25.78,0.14,917.5,1.53,92.3,0
2025-03-02,17,ap-southeast-1,49.28,49.28,1.13,982.2,4.49,80.1,0
2025-03-02,17,eu-central-1,34.52,34.52,1.13,1000.0,2.13,84.0,0
2025-03-02,17,eu-west-1,22.83,22.83,0.12,952.4,4.4,93.2,0
2025-03-02,17,us-east-1,21.23,21.23,0.12,1000.0,3.13,93.6,0
2025-03-02,17,us-west-2,22.89,22.89,0.43,1000.0,6.97,91.3,0
2025-03-02,18,ap-southeast-1,60.33,60.33,0.19,898.9,0.38,82.8,1
2025-03-02,18,eu-central-1,39.55,39.55,0.99,1000.0,3.42,83.5,0
2025-03-02,18,eu-west-1,30.14,30.14,1.12,1000.0,3.69,85.2,0
2025-03-02,18,us-east-1,20.34,20.34,0.28,1000.0,4.32,92.9,0
2025-03-02,18,us-west-2,32.62,32.62,0.0,1000.0,0.28,91.3,0
2025-03-02,19,ap-southeast-1,230.46,230.46,0.15,880.1,5.44,59.1,1
2025-03-02,19,eu-central-1,28.43,28.43,1.24,873.1,3.71,85.0,0
2025-03-02,19,eu-west-1,24.77,24.77,0.87,813.3,0.1,88.2,0
2025-03-02,19,us-east-1,17.19,17.19,0.19,908.4,4.07,94.3,0
2025-03-02,19,us-west-2,24.45,24.45,0.1,766.4,7.48,92.9,0
2025-03-02,20,ap-southeast-1,53.72,53.72,0.56,1000.0,3.27,82.3,1
2025-03-02,20,eu-central-1,28.6,28.6,0.6,811.6,6.31,88.7,0
2025-03-02,20,eu-west-1,26.88,26.88,0.12,937.7,0.54,92.1,0
2025-03-02,20,us-east-1,14.01,14.01,0.33,857.7,2.01,94.3,0
2025-03-02,20,us-west-2,23.72,23.72,0.31,942.5,0.29,91.8,0
2025-03-02,21,ap-southeast-1,36.33,36.33,0.17,716.7,0.45,89.3,0
2025-03-02,21,eu-central-1,28.08,28.08,0.72,785.2,1.39,88.2,0
2025-03-02,21,eu-west-1,23.0,23.0,0.25,771.9,1.92,92.3,0
2025-03-02,21,us-east-1,16.06,16.06,0.83,612.9,1.84,90.7,0
2025-03-02,21,us-west-2,24.54,24.54,0.06,852.7,1.55,93.1,0
2025-03-02,22,ap-southeast-1,49.58,49.58,0.24,981.9,2.09,85.3,0
2025-03-02,22,eu-central-1,35.48,35.48,0.07,738.0,0.87,90.1,0
2025-03-02,22,eu-west-1,29.58,29.58,0.72,599.2,6.83,87.8,0
2025-03-02,22,us-east-1,16.76,16.76,0.4,737.3,0.39,93.2,0
2025-03-02,22,us-west-2,19.76,19.76,0.11,903.0,6.95,94.1,0
2025-03-02,23,ap-southeast-1,56.11,56.11,0.08,768.9,0.94,84.6,1
2025-03-02,23,eu-central-1,26.45,26.45,0.53,774.7,2.55,89.7,0
2025-03-02,23,eu-west-1,21.71,21.71,0.0,829.6,4.5,94.2,0
2025-03-02,23,us-east-1,20.85,20.85,0.07,832.7,3.73,94.0,0
2025-03-02,23,us-west-2,25.07,25.07,0.2,1000.0,0.66,92.1,0
2025-03-03,0,ap-southeast-1,51.8,51.8,0.41,793.1,0.49,83.7,1
2025-03-03,0,eu-central-1,27.88,27.88,0.37,807.9,1.34,90.3,0
2025-03-03,0,eu-west-1,31.42,31.42,0.5,818.1,4.62,88.6,0
2025-03-03,0,us-east-1,18.93,18.93,0.01,704.8,0.79,94.9,0
2025-03-03,0,us-west-2,27.13,27.13,0.16,889.3,0.1,91.8,0
2025-03-03,1,ap-southeast-1,32.4,32.4,0.23,959.8,4.9,90.0,0
2025-03-03,1,eu-central-1,34.15,34.15,0.99,791.5,2.26,85.0,0
2025-03-03,1,eu-west-1,18.45,18.45,0.89,802.0,0.9,89.7,0
2025-03-03,1,us-east-1,13.24,13.24,0.09,922.0,1.72,95.9,0
2025-03-03,1,us-west-2,17.44,17.44,0.03,941.7,3.94,95.1,0
2025-03-03,2,ap-southeast-1,40.69,40.69,0.5,819.4,1.29,86.2,0
2025-03-03,2,eu-central-1,28.62,28.62,0.25,771.0,1.36,90.8,0
2025-03-03,2,eu-west-1,26.63,26.63,0.03,836.2,1.4,92.7,0
2025-03-03,2,us-east-1,91.28,91.28,0.27,1000.0,0.84,74.0,1
2025-03-03,2,us-west-2,23.79,23.79,0.84,698.4,2.27,88.6,0
2025-03-03,3,ap-southeast-1,43.37,43.37,0.46,879.8,1.27,85.7,0
2025-03-03,3,eu-central-1,32.78,32.78,0.03,1000.0,0.42,91.1,0
2025-03-03,3,eu-west-1,26.78,26.78,0.05,881.7,1.59,92.5,0
2025-03-03,3,us-east-1,16.96,16.96,0.02,996.3,0.36,95.4,0
2025-03-03,3,us-west-2,22.21,22.21,0.01,938.0,1.8,94.0,0
2025-03-03,4,ap-southeast-1,51.82,51.82,0.07,877.5,0.47,85.7,1
2025-03-03,4,eu-central-1,24.17,24.17,0.27,726.4,1.58,91.9,0
2025-03-03,4,eu-west-1,22.02,22.02,0.97,832.0,0.43,88.3,0
2025-03-03,4,us-east-1,16.17,16.17,0.21,824.4,2.48,94.5,0
2025-03-03,4,us-west-2,20.29,20.29,0.42,1000.0,0.1,92.1,0
2025-03-03,5,ap-southeast-1,36.01,36.01,0.38,769.1,1.21,88.1,0
2025-03-03,5,eu-central-1,27.14,27.14,0.35,867.6,2.94,90.7,0
2025-03-03,5,eu-west-1,26.59,26.59,0.23,698.3,0.1,91.5,0
2025-03-03,5,us-east-1,19.65,19.65,0.27,1000.0,0.14,93.1,0
2025-03-03,5,us-west-2,18.39,18.39,0.02,739.2,2.65,95.0,0
2025-03-03,6,ap-southeast-1,38.12,38.12,0.48,957.4,5.13,86.9,0
2025-03-03,6,eu-central-1,34.23,34.23,0.08,921.1,4.01,90.4,0
2025-03-03,6,eu-west-1,29.8,29.8,0.0,908.3,7.34,92.0,0
2025-03-03,6,us-east-1,20.78,20.78,0.72,867.8,3.45,90.2,0
2025-03-03,6,us-west-2,25.47,25.47,0.19,811.2,0.47,92.1,0
2025-03-03,7,ap-southeast-1,34.17,34.17,0.13,842.6,1.13,90.1,0
2025-03-03,7,eu-central-1,25.16,25.16,0.15,925.6,1.7,92.4,0
2025-03-03,7,eu-west-1,17.21,17.21,0.09,616.1,0.69,94.9,0
2025-03-03,7,us-east-1,20.51,20.51,0.44,809.5,0.96,91.9,0
2025-03-03,7,us-west-2,22.69,22.69,0.06,932.3,6.69,93.6,0
2025-03-03,8,ap-southeast-1,45.34,45.34,0.06,888.4,7.57,87.5,0
2025-03-03,8,eu-central-1,31.47,31.47,0.3,1000.0,0.45,89.8,0
2025-03-03,8,eu-west-1,30.92,30.92,0.2,785.1,0.69,90.6,0
2025-03-03,8,us-east-1,18.09,18.09,0.04,1000.0,0.1,95.0,0
2025-03-03,8,us-west-2,24.51,24.51,0.05,1000.0,2.89,93.2,0
2025-03-03,9,ap-southeast-1,42.03,42.03,0.0,965.8,7.31,88.8,0
2025-03-03,9,eu-central-1,33.44,33.44,0.16,1000.0,1.34,90.2,0
2025-03-03,9,eu-west-1,18.0,18.0,0.39,1000.0,0.22,92.9,0
2025-03-03,9,us-east-1,19.74,19.74,0.03,1000.0,1.79,94.6,0
2025-03-03,9,us-west-2,27.36,27.36,0.04,892.9,3.07,92.4,0
2025-03-03,10,ap-southeast-1,64.15,64.15,0.2,618.8,0.39,81.7,1
2025-03-03,10,eu-central-1,27.42,27.42,0.16,1000.0,3.86,91.8,0
2025-03-03,10,eu-west-1,24.59,24.59,0.44,1000.0,6.6,90.8,0
2025-03-03,10,us-east-1,21.73,21.73,0.43,1000.0,0.12,91.6,0
2025-03-03,10,us-west-2,24.82,24.82,0.2,1000.0,0.66,92.2,0
2025-03-03,11,ap-southeast-1,46.72,46.72,0.14,1000.0,0.49,86.7,0
2025-03-03,11,eu-central-1,30.2,30.2,0.05,1000.0,1.33,91.7,0
2025-03-03,11,eu-west-1,35.78,35.78,1.78,1000.0,2.17,79.8,0
2025-03-03,11,us-east-1,23.73,23.73,0.23,1000.0,0.81,92.3,0
2025-03-03,11,us-west-2,22.63,22.63,0.24,1000.0,5.32,92.5,0
2025-03-03,12,ap-southeast-1,57.11,57.11,0.27,1000.0,4.96,83.2,1
2025-03-03,12,eu-central-1,32.74,32.74,0.93,1000.0,2.98,85.7,0
2025-03-03,12,eu-west-1,26.24,26.24,0.11,887.3,2.75,92.3,0
2025-03-03,12,us-east-1,19.21,19.21,0.38,1000.0,3.07,92.6,0
2025-03-03,12,us-west-2,25.79,25.79,0.05,953.9,1.93,92.8,0
2025-03-03,13,ap-southeast-1,51.89,51.89,0.07,941.6,1.25,85.7,1
2025-03-03,13,eu-central-1,32.43,32.43,0.46,861.3,1.77,88.6,0
2025-03-03,13,eu-west-1,23.69,23.69,0.26,994.6,6.06,92.2,0
2025-03-03,13,us-east-1,20.12,20.12,0.19,1000.0,0.16,93.5,0
2025-03-03,13,us-west-2,25.19,25.19,1.28,1000.0,4.86,85.6,0
2025-03-03,14,ap-southeast-1,51.78,51.78,0.65,1000.0,0.1,82.3,1
2025-03-03,14,eu-central-1,38.38,38.38,0.0,1000.0,0.69,89.8,0
2025-03-03,14,eu-west-1,27.9,27.9,0.25,1000.0,1.06,91.1,0
2025-03-03,14,us-east-1,17.26,17.26,0.09,1000.0,4.57,94.8,0
2025-03-03,14,us-west-2,18.57,18.57,0.1,1000.0,0.79,94.5,0
2025-03-03,15,ap-southeast-1,47.16,47.16,0.1,1000.0,0.8,86.8,0
2025-03-03,15,eu-central-1,39.65,39.65,0.48,926.1,3.98,86.6,0
2025-03-03,15,eu-west-1,37.67,37.67,0.17,856.0,2.43,88.9,0
2025-03-03,15,us-east-1,16.99,16.99,0.56,1000.0,0.1,92.1,0
2025-03-03,15,us-west-2,22.91,22.91,0.9,1000.0,3.52,88.5,0
2025-03-03,16,ap-southeast-1,57.73,57.73,0.08,987.7,2.28,84.1,1
2025-03-03,16,eu-central-1,28.07,28.07,0.44,1000.0,0.22,89.9,0
2025-03-03,16,eu-west-1,20.85,20.85,0.06,989.7,0.1,94.1,0
2025-03-03,16,us-east-1,23.22,23.22,0.53,1000.0,0.71,90.6,0
2025-03-03,16,us-west-2,20.5,20.5,0.46,921.9,2.14,91.8,0
2025-03-03,17,ap-southeast-1,52.95,52.95,1.12,1000.0,4.01,79.2,1
2025-03-03,17,eu-central-1,32.74,32.74,0.0,1000.0,1.86,91.3,0
2025-03-03,17,eu-west-1,24.22,24.22,1.25,1000.0,0.52,86.0,0
2025-03-03,17,us-east-1,24.91,24.91,0.39,873.4,3.38,91.0,0
2025-03-03,17,us-west-2,19.03,19.03,0.22,1000.0,0.12,93.6,0
2025-03-03,18,ap-southeast-1,52.5,52.5,0.23,1000.0,0.36,84.6,1
2025-03-03,18,eu-central-1,35.46,35.46,0.15,1000.0,0.59,89.6,0
2025-03-03,18,eu-west-1,35.21,35.21,0.63,1000.0,4.45,86.8,0
2025-03-03,18,us-east-1,20.48,20.48,0.1,706.6,0.95,93.9,0
2025-03-03,18,us-west-2,27.07,27.07,0.47,1000.0,1.3,90.0,0
2025-03-03,19,ap-southeast-1,40.99,40.99,0.07,1000.0,0.29,88.6,0
2025-03-03,19,eu-central-1,34.37,34.37,0.28,1000.0,0.17,89.2,0
2025-03-03,19,eu-west-1,31.97,31.97,0.21,799.7,3.64,90.2,0
2025-03-03,19,us-east-1,20.71,20.71,0.27,962.1,0.27,92.9,0
2025-03-03,19,us-west-2,19.79,19.79,0.22,820.9,0.51,93.4,0
2025-03-03,20,ap-southeast-1,42.1,42.1,0.1,653.7,6.38,88.2,0
2025-03-03,20,eu-central-1,31.02,31.02,0.18,785.5,1.75,90.6,0
2025-03-03,20,eu-west-1,24.61,24.61,0.28,940.8,1.08,91.8,0
2025-03-03,20,us-east-1,18.98,18.98,0.13,686.0,1.12,94.1,0
2025-03-03,20,us-west-2,25.44,25.44,0.1,790.3,1.11,92.6,0
2025-03-03,21,ap-southeast-1,48.98,48.98,0.06,817.7,3.48,86.6,0
2025-03-03,21,eu-central-1,29.22,29.22,0.45,943.0,1.73,89.5,0
2025-03-03,21,eu-west-1,20.35,20.35,0.08,620.3,1.18,94.1,0
2025-03-03,21,us-east-1,16.26,16.26,0.03,823.0,0.79,95.5,0
2025-03-03,21,us-west-2,15.97,15.97,0.09,693.5,1.21,95.2,0
2025-03-03,22,ap-southeast-1,46.55,46.55,0.38,832.0,2.23,85.3,0
2025-03-03,22,eu-central-1,30.8,30.8,0.17,886.7,3.07,90.8,0
2025-03-03,22,eu-west-1,32.86,32.86,0.24,929.1,1.91,89.8,0
2025-03-03,22,us-east-1,18.98,18.98,0.75,709.6,4.62,90.5,0
2025-03-03,22,us-west-2,21.02,21.02,0.43,745.8,1.61,91.8,0
2025-03-03,23,ap-southeast-1,45.83,45.83,0.44,845.1,3.67,85.1,0
2025-03-03,23,eu-central-1,30.83,30.83,0.05,1000.0,3.41,91.5,0
2025-03-03,23,eu-west-1,30.98,30.98,0.36,753.5,0.1,89.6,0
2025-03-03,23,us-east-1,22.15,22.15,0.04,633.8,0.94,93.8,0
2025-03-03,23,us-west-2,19.97,19.97,0.04,795.7,2.29,94.4,0
2025-03-04,0,ap-southeast-1,39.91,39.91,0.19,936.0,1.4,88.2,0
2025-03-04,0,eu-central-1,24.1,24.1,1.12,919.1,3.25,86.8,0
2025-03-04,0,eu-west-1,27.55,27.55,0.22,886.9,0.69,91.4,0
2025-03-04,0,us-east-1,17.9,17.9,0.9,915.0,3.89,89.8,0
2025-03-04,0,us-west-2,16.79,16.79,0.14,732.9,2.12,94.7,0
2025-03-04,1,ap-southeast-1,58.12,58.12,0.38,1000.0,3.55,82.2,1
2025-03-04,1,eu-central-1,28.81,28.81,0.08,729.0,1.32,91.8,0
2025-03-04,1,eu-west-1,21.95,21.95,1.39,820.3,0.58,85.8,0
2025-03-04,1,us-east-1,22.22,22.22,0.18,941.1,5.56,93.0,0
2025-03-04,1,us-west-2,22.02,22.02,0.05,757.8,0.1,93.8,0
2025-03-04,2,ap-southeast-1,41.76,41.76,0.4,904.6,1.16,86.5,0
2025-03-04,2,eu-central-1,34.13,34.13,0.38,643.2,2.5,88.6,0
2025-03-04,2,eu-west-1,24.82,24.82,0.28,1000.0,0.72,91.7,0
2025-03-04,2,us-east-1,12.5,12.5,0.06,780.8,1.42,96.3,0
2025-03-04,2,us-west-2,17.08,17.08,0.09,869.0,3.47,94.9,0
2025-03-04,3,ap-southeast-1,44.8,44.8,0.04,852.9,0.7,87.8,0
2025-03-04,3,eu-central-1,27.13,27.13,0.05,887.4,2.15,92.5,0
2025-03-04,3,eu-west-1,24.4,24.4,0.14,745.1,4.1,92.7,0
2025-03-04,3,us-east-1,20.22,20.22,0.23,539.1,6.02,93.2,0
2025-03-04,3,us-west-2,22.73,22.73,0.05,883.3,7.45,93.6,0
2025-03-04,4,ap-southeast-1,43.74,43.74,1.02,718.5,3.26,82.2,0
2025-03-04,4,eu-central-1,28.54,28.54,0.12,786.6,1.37,91.7,0
2025-03-04,4,eu-west-1,26.24,26.24,0.44,925.3,0.82,90.3,0
2025-03-04,4,us-east-1,18.24,18.24,0.62,784.5,1.18,91.4,0
2025-03-04,4,us-west-2,24.38,24.38,0.65,980.9,1.07,89.6,0
2025-03-04,5,ap-southeast-1,58.19,58.19,0.52,623.2,1.36,81.4,1
2025-03-04,5,eu-central-1,26.98,26.98,0.18,732.4,2.27,91.8,0
2025-03-04,5,eu-west-1,30.44,30.44,0.06,816.5,0.53,91.5,0
2025-03-04,5,us-east-1,17.19,17.19,0.4,897.0,8.32,93.0,0
2025-03-04,5,us-west-2,22.88,22.88,0.4,758.6,0.5,91.5,0
2025-03-04,6,ap-southeast-1,43.04,43.04,0.07,990.4,9.96,88.1,0
2025-03-04,6,eu-central-1,18.35,18.35,0.06,697.9,7.36,94.7,0
2025-03-04,6,eu-west-1,28.3,28.3,0.15,831.0,1.75,91.6,0
2025-03-04,6,us-east-1,18.25,18.25,0.49,672.5,0.23,92.2,0
2025-03-04,6,us-west-2,23.3,23.3,0.25,852.8,1.94,92.3,0
2025-03-04,7,ap-southeast-1,42.42,42.42,0.06,784.4,1.07,88.3,0
2025-03-04,7,eu-central-1,28.09,28.09,0.18,869.3,0.54,91.4,0
2025-03-04,7,eu-west-1,20.96,20.96,0.13,827.9,5.02,93.6,0
2025-03-04,7,us-east-1,12.63,12.63,0.32,872.0,2.9,94.7,0
2025-03-04,7,us-west-2,25.4,25.4,0.08,799.9,3.05,92.8,0
2025-03-04,8,ap-southeast-1,52.67,52.67,0.04,1000.0,6.37,85.7,1
2025-03-04,8,eu-central-1,33.66,33.66,0.06,1000.0,5.91,90.7,0
2025-03-04,8,eu-west-1,34.69,34.69,0.19,973.1,0.69,89.6,0
2025-03-04,8,us-east-1,20.02,20.02,0.39,1000.0,1.7,92.3,0
2025-03-04,8,us-west-2,25.2,25.2,0.24,1000.0,2.84,91.9,0
2025-03-04,9,ap-southeast-1,46.37,46.37,0.05,1000.0,6.76,87.3,0
2025-03-04,9,eu-central-1,29.72,29.72,0.27,1000.0,0.14,90.5,0
2025-03-04,9,eu-west-1,30.1,30.1,0.5,1000.0,0.2,89.0,0
2025-03-04,9,us-east-1,21.81,21.81,0.62,1000.0,1.23,90.4,0
2025-03-04,9,us-west-2,22.17,22.17,0.24,1000.0,2.37,92.6,0
2025-03-04,10,ap-southeast-1,52.62,52.62,0.46,1000.0,0.69,83.2,1
2025-03-04,10,eu-central-1,26.62,26.62,0.36,1000.0,0.92,90.7,0
2025-03-04,10,eu-west-1,31.71,31.71,0.22,1000.0,1.1,90.2,0
2025-03-04,10,us-east-1,25.29,25.29,0.1,1000.0,2.5,92.7,0
2025-03-04,10,us-west-2,22.99,22.99,0.3,1000.0,0.4,92.1,0
2025-03-04,11,ap-southeast-1,70.16,70.16,0.21,1000.0,4.0,80.0,1
2025-03-04,11,eu-central-1,27.95,27.95,0.02,1000.0,0.85,92.4,0
2025-03-04,11,eu-west-1,35.07,35.07,0.52,1000.0,3.44,87.5,0
2025-03-04,11,us-east-1,19.09,19.09,0.22,953.2,3.04,93.6,0
2025-03-04,11,us-west-2,23.07,23.07,0.02,1000.0,4.53,93.7,0
2025-03-04,12,ap-southeast-1,54.08,54.08,0.5,1000.0,1.42,82.6,1
2025-03-04,12,eu-central-1,35.89,35.89,0.68,903.9,2.46,86.4,0
2025-03-04,12,eu-west-1,82.6,82.6,0.28,1000.0,2.0,76.3,1
2025-03-04,12,us-east-1,18.19,18.19,0.08,1000.0,0.1,94.7,0
2025-03-04,12,us-west-2,21.34,21.34,1.19,1000.0,1.39,87.2,0
2025-03-04,13,ap-southeast-1,53.79,53.79,0.45,996.6,6.24,82.9,1
2025-03-04,13,eu-central-1,41.73,41.73,0.07,1000.0,0.35,88.5,0
2025-03-04,13,eu-west-1,28.6,28.6,0.14,1000.0,4.24,91.5,0
2025-03-04,13,us-east-1,19.14,19.14,1.45,1000.0,0.46,86.2,0
2025-03-04,13,us-west-2,28.28,28.28,0.21,1000.0,0.63,91.2,0
2025-03-04,14,ap-southeast-1,46.18,46.18,0.31,831.8,1.5,85.8,0
2025-03-04,14,eu-central-1,38.88,38.88,0.08,934.2,5.35,89.1,0
2025-03-04,14,eu-west-1,26.46,26.46,0.55,1000.0,8.02,89.7,0
2025-03-04,14,us-east-1,23.54,23.54,0.95,1000.0,3.12,88.0,0
2025-03-04,14,us-west-2,27.3,27.3,0.86,839.1,0.23,87.5,0
2025-03-04,15,ap-southeast-1,65.02,65.02,0.38,1000.0,3.41,80.4,1
2025-03-04,15,eu-central-1,25.71,25.71,0.36,1000.0,4.41,91.0,0
2025-03-04,15,eu-west-1,21.99,21.99,0.09,941.1,3.93,93.6,0
2025-03-04,15,us-east-1,21.72,21.72,0.01,959.4,2.74,94.1,0
2025-03-04,15,us-west-2,18.98,18.98,0.0,1000.0,1.35,94.9,0
2025-03-04,16,ap-southeast-1,66.8,66.8,0.01,1000.0,1.57,82.2,1
2025-03-04,16,eu-central-1,36.33,36.33,0.21,1000.0,2.64,89.1,0
2025-03-04,16,eu-west-1,30.25,30.25,0.08,1000.0,2.31,91.4,0
2025-03-04,16,us-east-1,19.06,19.06,0.4,1000.0,8.46,92.5,0
2025-03-04,16,us-west-2,22.16,22.16,0.09,1000.0,2.41,93.5,0
2025-03-04,17,ap-southeast-1,58.37,58.37,0.12,1000.0,0.65,83.7,1
2025-03-04,17,eu-central-1,29.0,29.0,0.23,1000.0,1.53,90.9,0
2025-03-04,17,eu-west-1,39.58,39.58,0.23,919.9,1.7,88.1,0
2025-03-04,17,us-east-1,22.29,22.29,0.86,967.0,3.58,88.9,0
2025-03-04,17,us-west-2,21.16,21.16,0.04,1000.0,2.74,94.1,0
2025-03-04,18,ap-southeast-1,56.83,56.83,0.34,904.4,0.56,82.8,1
2025-03-04,18,eu-central-1,29.39,29.39,0.04,939.9,6.76,91.9,0
2025-03-04,18,eu-west-1,20.81,20.81,0.1,1000.0,0.1,93.9,0
2025-03-04,18,us-east-1,21.0,21.0,0.07,1000.0,7.53,94.0,0
2025-03-04,18,us-west-2,26.5,26.5,0.48,1000.0,8.22,90.0,0
2025-03-04,19,ap-southeast-1,43.42,43.42,0.0,760.2,1.39,88.4,0
2025-03-04,19,eu-central-1,26.06,26.06,0.49,896.9,4.44,90.1,0
2025-03-04,19,eu-west-1,24.88,24.88,0.0,924.4,10.39,93.3,0
2025-03-04,19,us-east-1,20.62,20.62,0.25,1000.0,3.03,93.0,0
2025-03-04,19,us-west-2,25.55,25.55,0.12,934.7,0.42,92.5,0
2025-03-04,20,ap-southeast-1,47.64,47.64,0.01,974.3,3.52,87.2,0
2025-03-04,20,eu-central-1,30.97,30.97,0.29,749.2,1.73,90.0,0
2025-03-04,20,eu-west-1,27.4,27.4,0.31,620.6,1.21,90.8,0
2025-03-04,20,us-east-1,16.1,16.1,0.74,685.4,0.88,91.3,0
2025-03-04,20,us-west-2,23.48,23.48,0.55,744.4,10.63,90.4,0
2025-03-04,21,ap-southeast-1,39.36,39.36,0.57,939.8,2.32,86.1,0
2025-03-04,21,eu-central-1,32.03,32.03,0.04,788.7,3.03,91.2,0
2025-03-04,21,eu-west-1,104.25,104.25,0.22,861.2,0.41,70.9,1
2025-03-04,21,us-east-1,17.12,17.12,0.01,656.4,0.28,95.4,0
2025-03-04,21,us-west-2,19.69,19.69,0.54,771.2,2.66,91.5,0
2025-03-04,22,ap-southeast-1,37.4,37.4,0.35,870.6,2.92,88.0,0
2025-03-04,22,eu-central-1,27.59,27.59,0.14,413.8,2.09,91.8,0
2025-03-04,22,eu-west-1,24.58,24.58,0.18,793.8,2.75,92.4,0
2025-03-04,22,us-east-1,16.94,16.94,0.36,1000.0,3.81,93.3,0
2025-03-04,22,us-west-2,20.95,20.95,0.33,910.1,1.51,92.4,0
2025-03-04,23,ap-southeast-1,34.96,34.96,0.09,920.5,0.83,90.1,0
2025-03-04,23,eu-central-1,27.66,27.66,0.5,1000.0,2.22,89.6,0
2025-03-04,23,eu-west-1,20.13,20.13,1.02,758.9,0.84,88.5,0
2025-03-04,23,us-east-1,14.05,14.05,0.11,824.9,2.58,95.6,0
2025-03-04,23,us-west-2,17.4,17.4,0.33,646.2,5.48,93.4,0
2025-03-05,0,ap-southeast-1,47.77,47.77,0.35,714.2,1.64,85.2,0
2025-03-05,0,eu-central-1,29.95,29.95,0.25,916.1,1.0,90.5,0
2025-03-05,0,eu-west-1,25.87,25.87,0.25,1000.0,2.2,91.6,0
2025-03-05,0,us-east-1,18.8,18.8,0.78,769.7,0.12,90.3,0
2025-03-05,0,us-west-2,17.66,17.66,0.36,845.9,2.96,93.1,0
2025-03-05,1,ap-southeast-1,35.7,35.7,0.47,754.5,0.11,87.6,0
2025-03-05,1,eu-central-1,30.39,30.39,0.04,757.9,1.55,91.7,0
2025-03-05,1,eu-west-1,22.16,22.16,0.6,771.6,2.21,90.5,0
2025-03-05,1,us-east-1,18.7,18.7,1.06,974.8,1.12,88.6,0
2025-03-05,1,us-west-2,24.79,24.79,0.34,754.3,1.07,91.4,0
2025-03-05,2,ap-southeast-1,41.63,41.63,0.11,887.3,4.25,88.2,0
2025-03-05,2,eu-central-1,32.94,32.94,0.14,715.0,0.2,90.4,0
2025-03-05,2,eu-west-1,17.21,17.21,0.04,753.2,1.48,95.1,0
2025-03-05,2,us-east-1,18.01,18.01,0.87,777.3,7.85,90.0,0
2025-03-05,2,us-west-2,26.77,26.77,0.15,729.0,5.39,92.0,0
2025-03-05,3,ap-southeast-1,44.59,44.59,0.01,729.5,11.49,88.0,0
2025-03-05,3,eu-central-1,22.61,22.61,0.08,790.5,1.11,93.5,0
2025-03-05,3,eu-west-1,106.77,106.77,0.25,859.1,4.52,70.0,1
2025-03-05,3,us-east-1,17.37,17.37,0.19,1000.0,1.73,94.2,0
2025-03-05,3,us-west-2,19.64,19.64,0.34,653.4,2.75,92.7,0
2025-03-05,4,ap-southeast-1,230.46,230.46,0.81,863.0,1.31,55.1,1
2025-03-05,4,eu-central-1,28.08,28.08,0.22,936.0,2.98,91.2,0
2025-03-05,4,eu-west-1,28.59,28.59,0.61,932.3,0.77,88.7,0
2025-03-05,4,us-east-1,14.18,14.18,0.59,931.4,1.42,92.7,0
2025-03-05,4,us-west-2,22.16,22.16,0.68,942.7,3.0,90.0,0
2025-03-05,5,ap-southeast-1,41.1,41.1,0.13,698.5,0.1,88.3,0
2025-03-05,5,eu-central-1,23.51,23.51,0.56,622.9,7.66,90.4,0
2025-03-05,5,eu-west-1,25.19,25.19,0.26,833.0,1.49,91.7,0
2025-03-05,5,us-east-1,16.86,16.86,0.56,791.5,1.53,92.2,0
2025-03-05,5,us-west-2,24.38,24.38,0.12,869.1,5.67,92.8,0
2025-03-05,6,ap-southeast-1,52.51,52.51,0.03,652.0,0.47,85.8,1
2025-03-05,6,eu-central-1,27.79,27.79,0.17,833.0,8.25,91.6,0
2025-03-05,6,eu-west-1,25.86,25.86,0.38,990.0,1.93,90.8,0
2025-03-05,6,us-east-1,17.07,17.07,0.12,1000.0,0.59,94.8,0
2025-03-05,6,us-west-2,16.51,16.51,0.87,769.3,1.49,90.4,0
2025-03-05,7,ap-southeast-1,51.34,51.34,0.2,938.3,2.64,85.1,1
2025-03-05,7,eu-central-1,27.05,27.05,0.17,1000.0,2.03,91.8,0
2025-03-05,7,eu-west-1,29.03,29.03,0.14,913.7,2.72,91.4,0
2025-03-05,7,us-east-1,15.83,15.83,0.53,777.3,1.15,92.6,0
2025-03-05,7,us-west-2,18.54,18.54,0.0,830.3,2.67,95.0,0
2025-03-05,8,ap-southeast-1,43.43,43.43,0.48,1000.0,2.37,85.5,0
2025-03-05,8,eu-central-1,31.97,31.97,0.78,928.1,2.33,86.8,0
2025-03-05,8,eu-west-1,29.72,29.72,0.03,765.2,3.83,91.9,0
2025-03-05,8,us-east-1,20.2,20.2,0.01,1000.0,1.15,94.5,0
2025-03-05,8,us-west-2,32.87,32.87,0.14,934.5,3.41,90.4,0
2025-03-05,9,ap-southeast-1,60.47,60.47,0.08,1000.0,3.88,83.4,1
2025-03-05,9,eu-central-1,28.34,28.34,0.28,1000.0,0.51,90.7,0
2025-03-05,9,eu-west-1,131.35,131.35,0.2,1000.0,1.26,63.8,1
2025-03-05,9,us-east-1,21.95,21.95,0.3,1000.0,0.13,92.4,0
2025-03-05,9,us-west-2,21.67,21.67,0.05,1000.0,1.51,93.9,0
2025-03-05,10,ap-southeast-1,49.55,49.55,0.1,867.8,0.73,86.2,0
2025-03-05,10,eu-central-1,25.02,25.02,0.28,1000.0,2.97,91.7,0
2025-03-05,10,eu-west-1,27.47,27.47,0.17,1000.0,2.6,91.7,0
2025-03-05,10,us-east-1,26.56,26.56,0.09,1000.0,3.65,92.4,0
2025-03-05,10,us-west-2,23.93,23.93,0.04,1000.0,0.22,93.3,0
2025-03-05,11,ap-southeast-1,47.88,47.88,0.09,760.5,3.61,86.7,0
2025-03-05,11,eu-central-1,22.08,22.08,0.1,1000.0,0.18,93.5,0
2025-03-05,11,eu-west-1,34.41,34.41,0.67,1000.0,0.41,86.8,0
2025-03-05,11,us-east-1,21.24,21.24,0.04,1000.0,1.35,94.1,0
2025-03-05,11,us-west-2,23.01,23.01,0.56,1000.0,3.69,90.5,0
2025-03-05,12,ap-southeast-1,49.58,49.58,1.58,1000.0,2.91,77.3,0
2025-03-05,12,eu-central-1,31.57,31.57,0.31,1000.0,0.84,89.7,0
2025-03-05,12,eu-west-1,30.13,30.13,0.09,695.5,6.74,91.4,0
2025-03-05,12,us-east-1,21.5,21.5,0.03,1000.0,4.32,94.1,0
2025-03-05,12,us-west-2,17.73,17.73,0.83,1000.0,0.12,90.3,0
2025-03-05,13,ap-southeast-1,51.72,51.72,0.07,1000.0,0.97,85.8,1
2025-03-05,13,eu-central-1,30.12,30.12,0.28,1000.0,2.76,90.3,0
2025-03-05,13,eu-west-1,29.59,29.59,6.25,1000.0,1.21,62.1,0
2025-03-05,13,us-east-1,20.47,20.47,0.39,987.5,4.75,92.2,0
2025-03-05,13,us-west-2,25.61,25.61,0.5,823.3,3.16,90.2,0
2025-03-05,14,ap-southeast-1,48.53,48.53,0.28,1000.0,1.97,85.4,0
2025-03-05,14,eu-central-1,28.94,28.94,0.17,1000.0,0.93,91.3,0
2025-03-05,14,eu-west-1,23.27,23.27,1.05,1000.0,3.27,87.5,0
2025-03-05,14,us-east-1,14.74,14.74,0.14,1000.0,0.6,95.2,0
2025-03-05,14,us-west-2,25.2,25.2,1.24,1000.0,6.04,85.8,0
2025-03-05,15,ap-southeast-1,45.23,45.23,0.86,1000.0,0.4,82.8,0
2025-03-05,15,eu-central-1,38.59,38.59,1.54,1000.0,0.13,80.5,0
2025-03-05,15,eu-west-1,29.99,29.99,0.09,1000.0,0.1,91.4,0
2025-03-05,15,us-east-1,20.62,20.62,0.43,999.3,2.68,91.9,0
2025-03-05,15,us-west-2,25.99,25.99,0.08,835.8,1.07,92.6,0
2025-03-05,16,ap-southeast-1,45.92,45.92,0.05,806.5,1.51,87.4,0
2025-03-05,16,eu-central-1,28.05,28.05,0.7,1000.0,4.46,88.3,0
2025-03-05,16,eu-west-1,25.16,25.16,0.51,1000.0,0.57,90.2,0
2025-03-05,16,us-east-1,20.89,20.89,0.02,1000.0,1.6,94.3,0
2025-03-05,16,us-west-2,24.98,24.98,0.05,1000.0,0.27,93.0,0
2025-03-05,17,ap-southeast-1,52.83,52.83,1.17,1000.0,5.33,78.9,1
2025-03-05,17,eu-central-1,39.04,39.04,0.46,799.4,0.93,86.8,0
2025-03-05,17,eu-west-1,26.0,26.0,0.75,1000.0,1.67,88.6,0
2025-03-05,17,us-east-1,28.35,28.35,0.69,1000.0,5.3,88.3,0
2025-03-05,17,us-west-2,23.55,23.55,0.24,1000.0,0.66,92.3,0
2025-03-05,18,ap-southeast-1,50.5,50.5,0.97,1000.0,1.37,80.7,1
2025-03-05,18,eu-central-1,140.45,140.45,0.25,1000.0,0.16,61.0,1
2025-03-05,18,eu-west-1,25.23,25.23,1.12,1000.0,5.26,86.5,0
2025-03-05,18,us-east-1,20.1,20.1,0.26,1000.0,0.61,93.1,0
2025-03-05,18,us-west-2,23.34,23.34,0.58,1000.0,2.07,90.3,0
2025-03-05,19,ap-southeast-1,48.56,48.56,0.65,756.1,4.57,83.2,0
2025-03-05,19,eu-central-1,19.81,19.81,0.19,734.0,0.19,93.6,0
2025-03-05,19,eu-west-1,21.0,21.0,0.18,963.9,1.87,93.3,0
2025-03-05,19,us-east-1,18.81,18.81,0.47,872.2,2.83,92.2,0
2025-03-05,19,us-west-2,20.35,20.35,0.01,769.1,7.15,94.5,0
2025-03-05,20,ap-southeast-1,45.35,45.35,0.07,1000.0,2.23,87.5,0
2025-03-05,20,eu-central-1,28.39,28.39,0.06,816.3,0.73,92.1,0
2025-03-05,20,eu-west-1,32.97,32.97,0.12,865.7,6.64,90.5,0
2025-03-05,20,us-east-1,84.11,84.11,0.12,688.3,2.34,76.9,1
2025-03-05,20,us-west-2,18.74,18.74,1.63,943.7,1.8,85.2,0
2025-03-05,21,ap-southeast-1,45.52,45.52,0.3,836.0,0.53,86.0,0
2025-03-05,21,eu-central-1,26.32,26.32,0.11,818.9,0.49,92.3,0
2025-03-05,21,eu-west-1,29.99,29.99,0.22,833.0,1.65,90.7,0
2025-03-05,21,us-east-1,14.84,14.84,0.3,733.4,0.87,94.3,0
2025-03-05,21,us-west-2,19.25,19.25,0.28,709.9,0.3,93.2,0
2025-03-05,22,ap-southeast-1,49.0,49.0,0.43,1000.0,2.18,84.4,0
2025-03-05,22,eu-central-1,18.35,18.35,0.45,993.7,3.72,92.4,0
2025-03-05,22,eu-west-1,32.2,32.2,0.35,792.9,1.69,89.3,0
2025-03-05,22,us-east-1,21.09,21.09,0.65,994.0,0.37,90.5,0
2025-03-05,22,us-west-2,18.79,18.79,1.16,862.7,2.47,88.0,0
2025-03-05,23,ap-southeast-1,54.58,54.58,1.28,886.9,1.76,77.8,1
2025-03-05,23,eu-central-1,21.93,21.93,0.18,933.4,0.97,93.1,0
2025-03-05,23,eu-west-1,20.41,20.41,0.1,750.9,0.32,94.0,0
2025-03-05,23,us-east-1,20.03,20.03,0.29,771.2,2.64,92.9,0
2025-03-05,23,us-west-2,23.89,23.89,0.14,605.4,3.3,92.8,0
2025-03-06,0,ap-southeast-1,54.85,54.85,0.06,886.7,1.27,85.0,1
2025-03-06,0,eu-central-1,31.25,31.25,0.64,881.6,4.08,87.8,0
2025-03-06,0,eu-west-1,25.27,25.27,0.4,767.6,4.06,90.9,0
2025-03-06,0,us-east-1,20.14,20.14,0.08,724.4,3.35,94.1,0
2025-03-06,0,us-west-2,23.01,23.01,0.18,956.0,1.25,92.8,0
2025-03-06,1,ap-southeast-1,54.05,54.05,0.44,1000.0,0.32,83.0,1
2025-03-06,1,eu-central-1,36.48,36.48,0.05,849.6,0.48,90.0,0
2025-03-06,1,eu-west-1,20.15,20.15,0.02,687.9,0.71,94.5,0
2025-03-06,1,us-east-1,15.54,15.54,0.01,914.4,0.95,95.8,0
2025-03-06,1,us-west-2,22.09,22.09,0.42,1000.0,3.2,91.6,0
2025-03-06,2,ap-southeast-1,50.88,50.88,0.12,943.9,1.35,85.7,1
2025-03-06,2,eu-central-1,31.79,31.79,0.21,722.9,1.7,90.2,0
2025-03-06,2,eu-west-1,22.39,22.39,0.02,840.9,5.75,93.9,0
2025-03-06,2,us-east-1,21.79,21.79,0.61,992.3,2.59,90.5,0
2025-03-06,2,us-west-2,28.41,28.41,0.47,766.2,0.98,89.6,0
2025-03-06,3,ap-southeast-1,59.08,59.08,0.06,895.0,0.19,83.9,1
2025-03-06,3,eu-central-1,29.36,29.36,0.31,588.3,2.91,90.3,0
2025-03-06,3,eu-west-1,21.56,21.56,0.48,647.8,6.04,91.3,0
2025-03-06,3,us-east-1,14.22,14.22,0.01,936.3,1.26,96.2,0
2025-03-06,3,us-west-2,18.95,18.95,0.08,864.7,3.89,94.5,0
2025-03-06,4,ap-southeast-1,47.96,47.96,0.16,617.0,0.26,86.2,0
2025-03-06,4,eu-central-1,27.91,27.91,0.22,863.6,2.64,91.2,0
2025-03-06,4,eu-west-1,29.65,29.65,0.13,872.9,7.18,91.3,0
2025-03-06,4,us-east-1,19.58,19.58,0.62,969.5,3.12,91.0,0
2025-03-06,4,us-west-2,25.69,25.69,0.8,903.3,1.04,88.4,0
2025-03-06,5,ap-southeast-1,47.2,47.2,0.47,669.1,1.34,84.6,0
2025-03-06,5,eu-central-1,35.07,35.07,0.66,945.4,2.3,86.7,0
2025-03-06,5,eu-west-1,23.51,23.51,0.11,845.6,1.84,93.0,0
2025-03-06,5,us-east-1,23.91,23.91,0.23,759.2,0.56,92.3,0
2025-03-06,5,us-west-2,21.14,21.14,0.61,664.0,0.74,90.7,0
2025-03-06,6,ap-southeast-1,60.15,60.15,0.19,905.0,0.91,82.8,1
2025-03-06,6,eu-central-1,37.02,37.02,1.37,837.0,6.47,81.9,0
2025-03-06,6,eu-west-1,29.01,29.01,0.2,867.6,2.83,91.0,0
2025-03-06,6,us-east-1,15.33,15.33,0.84,679.4,5.52,90.9,0
2025-03-06,6,us-west-2,22.52,22.52,0.01,760.1,5.28,94.0,0
2025-03-06,7,ap-southeast-1,29.38,29.38,0.23,1000.0,6.49,90.8,0
2025-03-06,7,eu-central-1,25.54,25.54,0.04,785.8,0.65,93.0,0
2025-03-06,7,eu-west-1,27.27,27.27,0.12,787.3,3.77,92.0,0
2025-03-06,7,us-east-1,16.47,16.47,0.48,1000.0,0.85,92.7,0
2025-03-06,7,us-west-2,24.21,24.21,0.04,752.7,1.99,93.3,0
2025-03-06,8,ap-southeast-1,50.09,50.09,1.76,1000.0,1.18,76.1,1
2025-03-06,8,eu-central-1,22.54,22.54,0.05,1000.0,1.7,93.7,0
2025-03-06,8,eu-west-1,38.68,38.68,0.07,1000.0,0.35,89.3,0
2025-03-06,8,us-east-1,21.01,21.01,2.04,1000.0,1.15,82.2,0
2025-03-06,8,us-west-2,23.49,23.49,0.23,1000.0,0.84,92.4,0
2025-03-06,9,ap-southeast-1,61.47,61.47,0.17,1000.0,3.55,82.6,1
2025-03-06,9,eu-central-1,22.07,22.07,0.05,1000.0,5.39,93.8,0
2025-03-06,9,eu-west-1,22.37,22.37,0.12,1000.0,2.3,93.3,0
2025-03-06,9,us-east-1,19.14,19.14,0.14,1000.0,0.15,94.0,0
2025-03-06,9,us-west-2,21.29,21.29,0.2,1000.0,6.84,93.1,0
2025-03-06,10,ap-southeast-1,59.36,59.36,0.32,818.1,1.89,82.3,1
2025-03-06,10,eu-central-1,38.58,38.58,0.38,1000.0,0.2,87.4,0
2025-03-06,10,eu-west-1,34.18,34.18,1.22,910.9,0.1,83.6,0
2025-03-06,10,us-east-1,15.89,15.89,0.48,1000.0,0.3,92.9,0
2025-03-06,10,us-west-2,21.92,21.92,0.41,1000.0,2.93,91.7,0
2025-03-06,11,ap-southeast-1,71.67,71.67,0.86,982.8,3.04,75.7,1
2025-03-06,11,eu-central-1,31.97,31.97,0.15,1000.0,0.14,90.6,0
2025-03-06,11,eu-west-1,120.42,120.42,0.18,1000.0,1.72,66.8,1
2025-03-06,11,us-east-1,20.91,20.91,0.17,1000.0,1.81,93.4,0
2025-03-06,11,us-west-2,17.31,17.31,0.03,1000.0,0.62,95.2,0
2025-03-06,12,ap-southeast-1,52.58,52.58,0.16,1000.0,0.75,85.0,1
2025-03-06,12,eu-central-1,33.09,33.09,0.44,1000.0,0.66,88.6,0
2025-03-06,12,eu-west-1,24.55,24.55,0.19,1000.0,0.42,92.3,0
2025-03-06,12,us-east-1,17.4,17.4,0.22,1000.0,0.78,94.1,0
2025-03-06,12,us-west-2,27.6,27.6,0.34,1000.0,2.38,90.6,0
2025-03-06,13,ap-southeast-1,48.41,48.41,0.39,971.4,7.11,84.7,0
2025-03-06,13,eu-central-1,23.55,23.55,0.17,1000.0,2.51,92.7,0
2025-03-06,13,eu-west-1,33.09,33.09,0.28,946.7,0.51,89.5,0
2025-03-06,13,us-east-1,22.17,22.17,0.33,1000.0,4.51,92.1,0
2025-03-06,13,us-west-2,27.51,27.51,0.32,1000.0,5.11,90.8,0
2025-03-06,14,ap-southeast-1,49.17,49.17,0.92,954.5,1.89,81.4,0
2025-03-06,14,eu-central-1,28.56,28.56,0.33,903.7,0.75,90.4,0
2025-03-06,14,eu-west-1,30.2,30.2,1.35,895.9,1.14,83.8,0
2025-03-06,14,us-east-1,17.85,17.85,0.68,1000.0,0.1,91.1,0
2025-03-06,14,us-west-2,31.31,31.31,0.09,940.7,2.98,91.1,0
2025-03-06,15,ap-southeast-1,54.22,54.22,0.26,1000.0,4.45,84.0,1
2025-03-06,15,eu-central-1,30.77,30.77,0.48,1000.0,0.53,88.9,0
2025-03-06,15,eu-west-1,27.77,27.77,0.09,1000.0,1.42,92.0,0
2025-03-06,15,us-east-1,25.51,25.51,1.37,1000.0,1.19,85.0,0
2025-03-06,15,us-west-2,26.87,26.87,0.26,1000.0,0.7,91.3,0
2025-03-06,16,ap-southeast-1,64.34,64.34,0.48,1000.0,1.14,79.9,1
2025-03-06,16,eu-central-1,33.2,33.2,0.26,1000.0,1.53,89.6,0
2025-03-06,16,eu-west-1,25.2,25.2,0.38,998.7,2.44,91.0,0
2025-03-06,16,us-east-1,18.27,18.27,0.48,1000.0,1.03,92.2,0
2025-03-06,16,us-west-2,27.79,27.79,0.08,985.2,2.62,92.1,0
2025-03-06,17,ap-southeast-1,64.44,64.44,0.03,1000.0,0.26,82.6,1
2025-03-06,17,eu-central-1,30.27,30.27,0.26,1000.0,2.38,90.4,0
2025-03-06,17,eu-west-1,25.65,25.65,0.42,1000.0,0.19,90.7,0
2025-03-06,17,us-east-1,19.7,19.7,0.18,1000.0,0.1,93.7,0
2025-03-06,17,us-west-2,24.99,24.99,0.05,993.3,2.41,93.0,0
2025-03-06,18,ap-southeast-1,51.32,51.32,0.08,1000.0,2.8,85.8,1
2025-03-06,18,eu-central-1,27.19,27.19,0.03,1000.0,0.71,92.6,0
2025-03-06,18,eu-west-1,37.59,37.59,0.31,1000.0,1.75,88.1,0
2025-03-06,18,us-east-1,23.23,23.23,0.18,1000.0,0.33,92.7,0
2025-03-06,18,us-west-2,27.06,27.06,0.28,1000.0,4.3,91.1,0
2025-03-06,19,ap-southeast-1,158.46,158.46,0.21,872.6,0.1,58.7,1
2025-03-06,19,eu-central-1,24.7,24.7,0.16,904.3,0.89,92.5,0
2025-03-06,19,eu-west-1,25.0,25.0,0.03,1000.0,0.5,93.2,0
2025-03-06,19,us-east-1,14.68,14.68,0.4,910.9,1.33,93.7,0
2025-03-06,19,us-west-2,25.6,25.6,1.14,891.5,0.49,86.3,0
2025-03-06,20,ap-southeast-1,40.87,40.87,0.01,916.1,1.61,89.1,0
2025-03-06,20,eu-central-1,33.07,33.07,0.24,1000.0,2.38,89.8,0
2025-03-06,20,eu-west-1,27.93,27.93,0.34,747.7,2.13,90.5,0
2025-03-06,20,us-east-1,18.61,18.61,0.08,914.6,1.7,94.5,0
2025-03-06,20,us-west-2,22.6,22.6,0.08,852.8,3.01,93.5,0
2025-03-06,21,ap-southeast-1,41.58,41.58,0.09,836.8,0.54,88.4,0
2025-03-06,21,eu-central-1,29.03,29.03,0.19,840.9,7.28,91.1,0
2025-03-06,21,eu-west-1,22.03,22.03,0.02,907.0,2.54,94.0,0
2025-03-06,21,us-east-1,21.53,21.53,0.04,978.7,1.3,94.0,0
2025-03-06,21,us-west-2,20.28,20.28,0.13,950.8,0.1,93.8,0
2025-03-06,22,ap-southeast-1,52.06,52.06,0.22,800.7,2.47,84.8,1
2025-03-06,22,eu-central-1,30.57,30.57,0.69,962.4,2.81,87.7,0
2025-03-06,22,eu-west-1,22.08,22.08,0.27,925.9,2.03,92.5,0
2025-03-06,22,us-east-1,13.66,13.66,0.13,806.2,1.89,95.6,0
2025-03-06,22,us-west-2,21.27,21.27,0.09,710.7,2.98,93.8,0
2025-03-06,23,ap-southeast-1,55.81,55.81,0.0,938.6,9.71,85.1,1
2025-03-06,23,eu-central-1,24.22,24.22,0.71,793.5,3.82,89.3,0
2025-03-06,23,eu-west-1,29.06,29.06,0.4,793.1,3.35,89.8,0
2025-03-06,23,us-east-1,18.5,18.5,0.1,749.3,2.26,94.5,0
2025-03-06,23,us-west-2,24.48,24.48,0.09,1000.0,8.07,92.9,0
2025-03-07,0,ap-southeast-1,40.29,40.29,0.09,823.0,1.56,88.7,0
2025-03-07,0,eu-central-1,18.35,18.35,0.52,944.9,1.14,92.0,0
2025-03-07,0,eu-west-1,19.94,19.94,0.07,757.4,1.02,94.3,0
2025-03-07,0,us-east-1,18.7,18.7,0.1,724.6,0.1,94.4,0
2025-03-07,0,us-west-2,20.38,20.38,0.16,789.9,0.48,93.6,0
2025-03-07,1,ap-southeast-1,46.64,46.64,0.22,707.4,4.25,86.3,0
2025-03-07,1,eu-central-1,25.8,25.8,0.14,962.7,0.79,92.3,0
2025-03-07,1,eu-west-1,23.44,23.44,0.55,1000.0,3.62,90.4,0
2025-03-07,1,us-east-1,20.11,20.11,0.08,614.0,1.56,94.2,0
2025-03-07,1,us-west-2,24.93,24.93,0.36,839.4,0.93,91.2,0
2025-03-07,2,ap-southeast-1,43.36,43.36,0.26,1000.0,1.77,86.9,0
2025-03-07,2,eu-central-1,24.36,24.36,0.38,893.7,1.51,91.2,0
2025-03-07,2,eu-west-1,25.13,25.13,0.01,877.3,1.42,93.2,0
2025-03-07,2,us-east-1,14.66,14.66,0.01,1000.0,8.28,96.0,0
2025-03-07,2,us-west-2,28.3,28.3,0.01,1000.0,2.19,92.4,0
2025-03-07,3,ap-southeast-1,50.83,50.83,0.78,625.6,1.71,81.8,1
2025-03-07,3,eu-central-1,29.47,29.47,0.15,1000.0,4.11,91.2,0
2025-03-07,3,eu-west-1,25.42,25.42,0.56,926.3,1.66,89.9,0
2025-03-07,3,us-east-1,14.43,14.43,0.0,717.6,1.83,96.1,0
2025-03-07,3,us-west-2,24.97,24.97,0.94,764.9,3.3,87.7,0
2025-03-07,4,ap-southeast-1,42.38,42.38,0.31,1000.0,6.66,86.8,0
2025-03-07,4,eu-central-1,41.8,41.8,0.08,743.9,1.52,88.4,0
2025-03-07,4,eu-west-1,24.33,24.33,0.18,751.4,2.61,92.4,0
2025-03-07,4,us-east-1,19.41,19.41,1.32,823.4,2.83,86.9,0
2025-03-07,4,us-west-2,24.47,24.47,0.01,972.8,1.06,93.4,0
2025-03-07,5,ap-southeast-1,32.0,32.0,0.16,910.8,5.52,90.5,0
2025-03-07,5,eu-central-1,30.92,30.92,0.13,791.5,4.69,91.0,0
2025-03-07,5,eu-west-1,26.48,26.48,0.07,703.7,0.1,92.5,0
2025-03-07,5,us-east-1,18.8,18.8,0.17,816.8,0.93,94.0,0
2025-03-07,5,us-west-2,23.15,23.15,0.64,824.3,2.73,90.0,0
2025-03-07,6,ap-southeast-1,51.77,51.77,0.8,733.7,3.85,81.4,1
2025-03-07,6,eu-central-1,39.49,39.49,0.02,875.5,11.22,89.3,0
2025-03-07,6,eu-west-1,27.6,27.6,0.04,781.7,2.65,92.4,0
2025-03-07,6,us-east-1,18.68,18.68,0.15,886.9,3.72,94.1,0
2025-03-07,6,us-west-2,19.44,19.44,0.67,749.0,5.74,90.8,0
2025-03-07,7,ap-southeast-1,42.95,42.95,0.46,852.9,0.88,85.8,0
2025-03-07,7,eu-central-1,30.39,30.39,0.12,955.7,0.19,91.2,0
2025-03-07,7,eu-west-1,27.75,27.75,0.92,835.1,2.41,87.1,0
2025-03-07,7,us-east-1,18.94,18.94,0.34,947.9,3.71,92.9,0
2025-03-07,7,us-west-2,19.14,19.14,0.22,804.0,3.24,93.6,0
2025-03-07,8,ap-southeast-1,50.2,50.2,0.07,1000.0,1.97,86.2,1
2025-03-07,8,eu-central-1,29.16,29.16,0.2,1000.0,0.12,91.0,0
2025-03-07,8,eu-west-1,24.5,24.5,0.02,939.0,0.93,93.3,0
2025-03-07,8,us-east-1,73.15,73.15,0.08,1000.0,1.84,80.0,1
2025-03-07,8,us-west-2,21.97,21.97,0.05,1000.0,3.1,93.8,0
2025-03-07,9,ap-southeast-1,55.13,55.13,0.05,1000.0,0.63,85.0,1
2025-03-07,9,eu-central-1,33.88,33.88,1.03,1000.0,0.41,84.8,0
2025-03-07,9,eu-west-1,27.52,27.52,0.07,1000.0,0.22,92.2,0
2025-03-07,9,us-east-1,21.42,21.42,0.99,1000.0,9.33,88.4,0
2025-03-07,9,us-west-2,27.41,27.41,0.28,1000.0,1.2,91.0,0
2025-03-07,10,ap-southeast-1,54.49,54.49,0.37,1000.0,1.47,83.2,1
2025-03-07,10,eu-central-1,40.8,40.8,0.12,1000.0,1.21,88.4,0
2025-03-07,10,eu-west-1,33.9,33.9,0.14,841.6,0.24,90.1,0
2025-03-07,10,us-east-1,21.61,21.61,0.51,1000.0,0.34,91.2,0
2025-03-07,10,us-west-2,23.82,23.82,0.33,1000.0,6.06,91.7,0
2025-03-07,11,ap-southeast-1,55.29,55.29,0.27,1000.0,1.66,83.6,1
2025-03-07,11,eu-central-1,41.04,41.04,0.77,927.1,0.35,84.4,0
2025-03-07,11,eu-west-1,32.61,32.61,0.32,930.3,6.42,89.4,0
2025-03-07,11,us-east-1,18.48,18.48,0.03,1000.0,0.1,94.9,0
2025-03-07,11,us-west-2,25.19,25.19,0.64,855.7,0.81,89.4,0
2025-03-07,12,ap-southeast-1,205.97,205.97,0.52,1000.0,4.45,56.9,1
2025-03-07,12,eu-central-1,29.42,29.42,0.09,1000.0,5.11,91.6,0
2025-03-07,12,eu-west-1,22.83,22.83,0.26,1000.0,2.92,92.4,0
2025-03-07,12,us-east-1,26.49,26.49,0.18,1000.0,3.68,91.9,0
2025-03-07,12,us-west-2,26.89,26.89,0.26,1000.0,0.57,91.2,0
2025-03-07,13,ap-southeast-1,56.07,56.07,0.44,1000.0,5.66,82.4,1
2025-03-07,13,eu-central-1,33.42,33.42,0.07,1000.0,0.1,90.7,0
2025-03-07,13,eu-west-1,30.27,30.27,0.04,1000.0,0.34,91.7,0
2025-03-07,13,us-east-1,22.17,22.17,0.7,1000.0,4.11,89.9,0
2025-03-07,13,us-west-2,22.11,22.11,0.18,1000.0,1.13,93.1,0
2025-03-07,14,ap-southeast-1,36.93,36.93,0.32,1000.0,1.34,88.2,0
2025-03-07,14,eu-central-1,25.3,25.3,0.24,1000.0,0.95,91.8,0
2025-03-07,14,eu-west-1,20.22,20.22,0.11,1000.0,1.1,93.9,0
2025-03-07,14,us-east-1,17.0,17.0,0.96,1000.0,0.32,89.7,0
2025-03-07,14,us-west-2,23.4,23.4,0.6,933.0,2.63,90.2,0
2025-03-07,15,ap-southeast-1,57.72,57.72,1.42,1000.0,0.1,76.1,1
2025-03-07,15,eu-central-1,36.18,36.18,0.37,1000.0,0.51,88.1,0
2025-03-07,15,eu-west-1,28.95,28.95,0.09,946.2,2.24,91.7,0
2025-03-07,15,us-east-1,22.74,22.74,0.21,1000.0,0.77,92.7,0
2025-03-07,15,us-west-2,26.53,26.53,1.31,1000.0,4.95,85.1,0
2025-03-07,16,ap-southeast-1,60.43,60.43,0.25,1000.0,4.95,82.4,1
2025-03-07,16,eu-central-1,39.7,39.7,0.02,1000.0,6.7,89.3,0
2025-03-07,16,eu-west-1,36.93,36.93,0.08,944.7,4.51,89.7,0
2025-03-07,16,us-east-1,17.67,17.67,0.31,1000.0,0.1,93.4,0
2025-03-07,16,us-west-2,24.2,24.2,0.34,1000.0,0.35,91.5,0
2025-03-07,17,ap-southeast-1,41.13,41.13,0.04,1000.0,0.48,88.8,0
2025-03-07,17,eu-central-1,32.39,32.39,0.08,1000.0,2.77,90.9,0
2025-03-07,17,eu-west-1,24.66,24.66,0.18,1000.0,0.11,92.4,0
2025-03-07,17,us-east-1,23.14,23.14,0.06,1000.0,0.87,93.5,0
2025-03-07,17,us-west-2,24.55,24.55,0.68,1000.0,4.2,89.3,0
2025-03-07,18,ap-southeast-1,54.3,54.3,0.58,1000.0,2.43,82.0,1
2025-03-07,18,eu-central-1,28.98,28.98,0.2,1000.0,6.08,91.1,0
2025-03-07,18,eu-west-1,25.15,25.15,0.4,1000.0,0.68,90.9,0
2025-03-07,18,us-east-1,91.28,91.28,1.56,1000.0,3.71,66.3,1
2025-03-07,18,us-west-2,21.38,21.38,0.3,1000.0,4.19,92.5,0
2025-03-07,19,ap-southeast-1,52.14,52.14,0.09,818.8,0.1,85.6,1
2025-03-07,19,eu-central-1,29.51,29.51,0.12,813.4,8.97,91.4,0
2025-03-07,19,eu-west-1,27.87,27.87,0.07,961.4,5.51,92.1,0
2025-03-07,19,us-east-1,15.78,15.78,0.08,694.4,1.82,95.3,0
2025-03-07,19,us-west-2,21.39,21.39,0.35,905.5,2.21,92.2,0
2025-03-07,20,ap-southeast-1,41.97,41.97,0.45,809.4,1.28,86.1,0
2025-03-07,20,eu-central-1,29.75,29.75,0.37,825.6,1.72,89.8,0
2025-03-07,20,eu-west-1,19.21,19.21,0.14,790.4,0.1,94.1,0
2025-03-07,20,us-east-1,20.6,20.6,0.86,898.0,1.07,89.4,0
2025-03-07,20,us-west-2,27.45,27.45,0.35,907.0,3.57,90.6,0
2025-03-07,21,ap-southeast-1,49.55,49.55,0.94,995.7,10.66,81.1,0
2025-03-07,21,eu-central-1,28.34,28.34,0.22,801.6,0.67,91.2,0
2025-03-07,21,eu-west-1,22.63,22.63,0.15,711.6,0.56,93.1,0
2025-03-07,21,us-east-1,19.11,19.11,0.32,771.8,1.16,93.0,0
2025-03-07,21,us-west-2,20.53,20.53,0.37,813.3,0.5,92.3,0
2025-03-07,22,ap-southeast-1,29.38,29.38,0.36,848.2,0.27,90.0,0
2025-03-07,22,eu-central-1,28.75,28.75,0.05,952.8,0.54,92.0,0
2025-03-07,22,eu-west-1,27.24,27.24,1.12,882.1,7.99,86.0,0
2025-03-07,22,us-east-1,20.22,20.22,0.28,786.6,0.1,92.9,0
2025-03-07,22,us-west-2,18.21,18.21,0.12,948.2,0.46,94.4,0
2025-03-07,23,ap-southeast-1,52.41,52.41,0.27,881.2,1.38,84.4,1
2025-03-07,23,eu-central-1,27.27,27.27,0.68,873.3,0.63,88.7,0
2025-03-07,23,eu-west-1,22.62,22.62,0.93,751.2,2.38,88.4,0
2025-03-07,23,us-east-1,23.12,23.12,0.22,920.4,0.89,92.5,0
2025-03-07,23,us-west-2,77.89,77.89,0.26,959.7,4.97,77.7,1
2025-03-08,0,ap-southeast-1,45.2,45.2,0.18,1000.0,0.92,86.8,0
2025-03-08,0,eu-central-1,32.18,32.18,0.1,1000.0,3.08,90.8,0
2025-03-08,0,eu-west-1,24.12,24.12,0.48,787.8,0.76,90.7,0
2025-03-08,0,us-east-1,91.28,91.28,0.08,998.6,2.6,75.2,1
2025-03-08,0,us-west-2,23.73,23.73,0.27,945.1,1.72,92.0,0
2025-03-08,1,ap-southeast-1,43.26,43.26,0.14,1000.0,5.89,87.6,0
2025-03-08,1,eu-central-1,31.09,31.09,0.39,869.3,0.1,89.3,0
2025-03-08,1,eu-west-1,27.79,27.79,0.08,1000.0,0.17,92.1,0
2025-03-08,1,us-east-1,15.96,15.96,0.06,852.6,9.14,95.4,0
2025-03-08,1,us-west-2,22.7,22.7,0.11,812.3,0.71,93.3,0
2025-03-08,2,ap-southeast-1,51.64,51.64,0.13,786.8,5.09,85.4,1
2025-03-08,2,eu-central-1,23.87,23.87,0.45,783.9,0.13,90.9,0
2025-03-08,2,eu-west-1,26.58,26.58,0.02,949.3,0.1,92.8,0
2025-03-08,2,us-east-1,15.6,15.6,0.08,887.1,4.69,95.4,0
2025-03-08,2,us-west-2,17.65,17.65,0.13,968.2,2.92,94.5,0
2025-03-08,3,ap-southeast-1,56.67,56.67,0.3,823.5,0.68,83.1,1
2025-03-08,3,eu-central-1,23.76,23.76,0.99,1000.0,2.34,87.7,0
2025-03-08,3,eu-west-1,26.0,26.0,0.11,869.0,0.7,92.4,0
2025-03-08,3,us-east-1,15.8,15.8,0.06,1000.0,0.1,95.4,0
2025-03-08,3,us-west-2,18.12,18.12,0.43,896.4,5.56,92.6,0
2025-03-08,4,ap-southeast-1,48.28,48.28,0.42,858.9,0.21,84.6,0
2025-03-08,4,eu-central-1,26.93,26.93,0.21,899.6,2.57,91.6,0
2025-03-08,4,eu-west-1,23.73,23.73,0.09,697.4,5.33,93.1,0
2025-03-08,4,us-east-1,61.7,61.7,0.45,878.9,5.72,80.8,1
2025-03-08,4,us-west-2,16.93,16.93,0.26,733.3,2.5,93.9,0
2025-03-08,5,ap-southeast-1,55.86,55.86,0.34,861.6,2.47,83.1,1
2025-03-08,5,eu-central-1,31.09,31.09,0.29,968.8,2.74,90.0,0
2025-03-08,5,eu-west-1,26.39,26.39,0.21,875.4,1.34,91.7,0
2025-03-08,5,us-east-1,18.92,18.92,0.13,1000.0,3.82,94.2,0
2025-03-08,5,us-west-2,23.42,23.42,0.05,804.2,1.07,93.5,0
2025-03-08,6,ap-southeast-1,34.52,34.52,0.07,895.2,1.03,90.4,0
2025-03-08,6,eu-central-1,28.62,28.62,0.12,921.1,1.16,91.6,0
2025-03-08,6,eu-west-1,24.54,24.54,0.45,977.5,3.19,90.8,0
2025-03-08,6,us-east-1,18.75,18.75,0.02,917.9,3.79,94.9,0
2025-03-08,6,us-west-2,25.37,25.37,0.55,786.4,1.65,90.0,0
2025-03-08,7,ap-southeast-1,49.5,49.5,0.2,791.2,2.79,85.6,0
2025-03-08,7,eu-central-1,25.3,25.3,0.34,924.8,4.1,91.2,0
2025-03-08,7,eu-west-1,26.72,26.72,0.59,804.9,6.26,89.4,0
2025-03-08,7,us-east-1,20.23,20.23,1.04,638.7,1.53,88.3,0
2025-03-08,7,us-west-2,23.54,23.54,0.64,611.5,3.49,89.9,0
2025-03-08,8,ap-southeast-1,50.73,50.73,0.52,907.5,0.1,83.4,1
2025-03-08,8,eu-central-1,33.46,33.46,0.2,1000.0,1.91,89.8,0
2025-03-08,8,eu-west-1,26.61,26.61,0.62,1000.0,1.31,89.2,0
2025-03-08,8,us-east-1,20.74,20.74,0.71,1000.0,1.27,90.2,0
2025-03-08,8,us-west-2,32.7,32.7,0.21,1000.0,0.17,90.0,0
2025-03-08,9,ap-southeast-1,45.63,45.63,0.21,1000.0,0.36,86.6,0
2025-03-08,9,eu-central-1,30.6,30.6,0.19,933.1,0.28,90.7,0
2025-03-08,9,eu-west-1,27.96,27.96,0.15,1000.0,0.53,91.7,0
2025-03-08,9,us-east-1,25.21,25.21,0.87,1000.0,0.9,88.1,0
2025-03-08,9,us-west-2,23.62,23.62,0.08,1000.0,0.61,93.2,0
2025-03-08,10,ap-southeast-1,36.78,36.78,0.25,1000.0,2.9,88.7,0
2025-03-08,10,eu-central-1,36.45,36.45,0.64,1000.0,3.99,86.5,0
2025-03-08,10,eu-west-1,24.48,24.48,0.38,1000.0,1.82,91.2,0
2025-03-08,10,us-east-1,19.88,19.88,1.74,1000.0,0.17,84.2,0
2025-03-08,10,us-west-2,24.07,24.07,0.97,1000.0,1.55,87.7,0
2025-03-08,11,ap-southeast-1,56.5,56.5,0.49,1000.0,0.6,82.0,1
2025-03-08,11,eu-central-1,33.81,33.81,0.02,898.3,7.65,90.9,0
2025-03-08,11,eu-west-1,28.6,28.6,0.12,1000.0,5.97,91.6,0
2025-03-08,11,us-east-1,29.15,29.15,0.06,1000.0,0.65,91.8,0
2025-03-08,11,us-west-2,25.7,25.7,0.71,1000.0,2.32,88.9,0
2025-03-08,12,ap-southeast-1,58.54,58.54,0.36,1000.0,4.87,82.2,1
2025-03-08,12,eu-central-1,30.68,30.68,0.7,1000.0,0.15,87.6,0
2025-03-08,12,eu-west-1,25.25,25.25,0.02,1000.0,4.08,93.1,0
2025-03-08,12,us-east-1,22.64,22.64,0.17,1000.0,0.71,93.0,0
2025-03-08,12,us-west-2,118.51,118.51,0.09,1000.0,1.04,67.8,1
2025-03-08,13,ap-southeast-1,62.17,62.17,0.17,1000.0,0.15,82.4,1
2025-03-08,13,eu-central-1,33.32,33.32,0.63,991.8,1.24,87.3,0
2025-03-08,13,eu-west-1,23.95,23.95,0.4,1000.0,0.17,91.2,0
2025-03-08,13,us-east-1,18.04,18.04,0.47,914.0,1.65,92.4,0
2025-03-08,13,us-west-2,27.19,27.19,0.03,960.7,0.89,92.6,0
2025-03-08,14,ap-southeast-1,60.88,60.88,0.74,982.1,0.61,79.3,1
2025-03-08,14,eu-central-1,38.55,38.55,0.23,1000.0,1.67,88.3,0
2025-03-08,14,eu-west-1,29.87,29.87,0.0,1000.0,2.95,92.0,0
2025-03-08,14,us-east-1,17.37,17.37,0.39,1000.0,3.44,93.0,0
2025-03-08,14,us-west-2,22.87,22.87,0.19,1000.0,0.11,92.7,0
2025-03-08,15,ap-southeast-1,45.76,45.76,0.06,1000.0,16.36,87.4,0
2025-03-08,15,eu-central-1,29.45,29.45,0.22,1000.0,0.4,90.8,0
2025-03-08,15,eu-west-1,29.67,29.67,0.17,1000.0,2.12,91.0,0
2025-03-08,15,us-east-1,22.2,22.2,0.06,972.3,1.61,93.8,0
2025-03-08,15,us-west-2,20.01,20.01,0.37,1000.0,0.1,92.4,0
2025-03-08,16,ap-southeast-1,61.77,61.77,1.78,888.2,1.42,72.8,1
2025-03-08,16,eu-central-1,34.14,34.14,0.15,1000.0,5.06,90.0,0
2025-03-08,16,eu-west-1,32.13,32.13,0.13,1000.0,5.95,90.6,0
2025-03-08,16,us-east-1,20.01,20.01,0.56,1000.0,0.15,91.3,0
2025-03-08,16,us-west-2,18.51,18.51,0.06,999.8,0.82,94.7,0
2025-03-08,17,ap-southeast-1,62.59,62.59,0.04,1000.0,3.03,83.1,1
2025-03-08,17,eu-central-1,31.86,31.86,1.7,1000.0,0.84,81.3,0
2025-03-08,17,eu-west-1,26.89,26.89,0.39,1000.0,0.33,90.5,0
2025-03-08,17,us-east-1,22.92,22.92,0.08,1000.0,7.91,93.4,0
2025-03-08,17,us-west-2,27.12,27.12,0.24,1000.0,1.89,91.3,0
2025-03-08,18,ap-southeast-1,49.73,49.73,0.0,1000.0,0.5,86.7,0
2025-03-08,18,eu-central-1,34.26,34.26,0.04,1000.0,3.82,90.6,0
2025-03-08,18,eu-west-1,30.51,30.51,0.48,903.7,1.91,89.0,0
2025-03-08,18,us-east-1,22.17,22.17,0.08,1000.0,7.15,93.6,0
2025-03-08,18,us-west-2,23.3,23.3,0.18,889.1,2.03,92.7,0
2025-03-08,19,ap-southeast-1,45.19,45.19,0.66,716.2,2.35,84.0,0
2025-03-08,19,eu-central-1,25.25,25.25,0.27,818.7,2.78,91.7,0
2025-03-08,19,eu-west-1,27.07,27.07,0.11,832.8,5.29,92.1,0
2025-03-08,19,us-east-1,17.8,17.8,0.23,897.4,3.84,93.9,0
2025-03-08,19,us-west-2,18.14,18.14,0.66,876.9,1.7,91.2,0
2025-03-08,20,ap-southeast-1,38.69,38.69,0.08,827.5,3.24,89.2,0
2025-03-08,20,eu-central-1,28.46,28.46,0.34,960.4,2.28,90.4,0
2025-03-08,20,eu-west-1,26.67,26.67,0.5,981.6,1.32,89.9,0
2025-03-08,20,us-east-1,15.71,15.71,0.27,706.5,11.87,94.2,0
2025-03-08,20,us-west-2,19.96,19.96,0.17,858.4,1.32,93.7,0
2025-03-08,21,ap-southeast-1,55.0,55.0,0.39,946.0,0.94,83.0,1
2025-03-08,21,eu-central-1,32.65,32.65,0.82,978.1,0.53,86.4,0
2025-03-08,21,eu-west-1,21.9,21.9,0.1,587.0,1.64,93.5,0
2025-03-08,21,us-east-1,13.91,13.91,0.26,903.4,1.97,94.7,0
2025-03-08,21,us-west-2,118.51,118.51,0.23,850.8,0.73,67.0,1
2025-03-08,22,ap-southeast-1,34.8,34.8,0.5,920.7,4.41,87.7,0
2025-03-08,22,eu-central-1,24.06,24.06,0.46,712.4,0.62,90.9,0
2025-03-08,22,eu-west-1,25.56,25.56,0.18,1000.0,0.18,92.1,0
2025-03-08,22,us-east-1,16.79,16.79,0.03,993.6,8.23,95.3,0
2025-03-08,22,us-west-2,18.33,18.33,0.93,781.7,1.28,89.5,0
2025-03-08,23,ap-southeast-1,48.61,48.61,0.59,711.1,2.31,83.5,0
2025-03-08,23,eu-central-1,22.42,22.42,0.31,666.3,0.12,92.2,0
2025-03-08,23,eu-west-1,26.37,26.37,0.39,984.7,0.81,90.6,0
2025-03-08,23,us-east-1,20.31,20.31,0.63,776.8,0.2,90.8,0
2025-03-08,23,us-west-2,24.4,24.4,0.11,859.9,0.37,92.9,0
2025-03-09,0,ap-southeast-1,40.97,40.97,1.43,894.9,1.23,80.5,0
2025-03-09,0,eu-central-1,22.58,22.58,0.04,762.8,0.69,93.8,0
2025-03-09,0,eu-west-1,25.03,25.03,0.35,794.8,0.98,91.2,0
2025-03-09,0,us-east-1,18.58,18.58,0.09,833.9,1.14,94.5,0
2025-03-09,0,us-west-2,23.39,23.39,0.1,796.0,0.31,93.2,0
2025-03-09,1,ap-southeast-1,37.52,37.52,0.1,917.0,2.04,89.4,0
2025-03-09,1,eu-central-1,23.08,23.08,0.14,975.4,1.06,93.0,0
2025-03-09,1,eu-west-1,17.21,17.21,1.31,915.2,7.26,87.5,0
2025-03-09,1,us-east-1,14.64,14.64,0.04,851.8,0.64,95.8,0
2025-03-09,1,us-west-2,26.43,26.43,0.48,1000.0,0.89,90.1,0
2025-03-09,2,ap-southeast-1,32.35,32.35,0.37,863.0,2.15,89.1,0
2025-03-09,2,eu-central-1,30.5,30.5,0.04,995.8,4.48,91.6,0
2025-03-09,2,eu-west-1,25.6,25.6,0.08,850.4,0.83,92.7,0
2025-03-09,2,us-east-1,18.47,18.47,0.66,755.8,0.54,91.1,0
2025-03-09,2,us-west-2,21.59,21.59,0.1,1000.0,13.43,93.7,0
2025-03-09,3,ap-southeast-1,43.55,43.55,0.04,980.7,0.45,88.2,0
2025-03-09,3,eu-central-1,22.1,22.1,0.64,739.0,1.14,90.3,0
2025-03-09,3,eu-west-1,33.3,33.3,0.33,997.6,1.54,89.2,0
2025-03-09,3,us-east-1,19.04,19.04,0.94,927.8,0.38,89.3,0
2025-03-09,3,us-west-2,16.85,16.85,0.54,803.4,0.99,92.3,0
2025-03-09,4,ap-southeast-1,36.46,36.46,0.16,779.3,1.29,89.3,0
2025-03-09,4,eu-central-1,26.75,26.75,0.42,886.9,3.51,90.4,0
2025-03-09,4,eu-west-1,23.65,23.65,0.28,967.9,2.78,92.0,0
2025-03-09,4,us-east-1,15.61,15.61,0.59,835.5,2.43,92.3,0
2025-03-09,4,us-west-2,25.28,25.28,0.03,652.6,6.89,93.1,0
2025-03-09,5,ap-southeast-1,45.38,45.38,0.56,899.5,1.05,84.5,0
2025-03-09,5,eu-central-1,30.6,30.6,0.42,1000.0,1.45,89.3,0
2025-03-09,5,eu-west-1,22.27,22.27,0.74,682.0,0.44,89.6,0
2025-03-09,5,us-east-1,18.42,18.42,0.5,900.3,3.8,92.1,0
2025-03-09,5,us-west-2,21.18,21.18,0.04,888.1,1.25,94.1,0
2025-03-09,6,ap-southeast-1,56.94,56.94,0.14,710.2,1.28,84.0,1
2025-03-09,6,eu-central-1,29.75,29.75,0.32,899.8,3.84,90.2,0
2025-03-09,6,eu-west-1,26.4,26.4,0.05,920.5,1.67,92.7,0
2025-03-09,6,us-east-1,18.16,18.16,0.32,743.5,2.16,93.2,0
2025-03-09,6,us-west-2,26.21,26.21,0.7,883.8,1.45,88.8,0
2025-03-09,7,ap-southeast-1,46.35,46.35,0.27,657.9,3.58,86.0,0
2025-03-09,7,eu-central-1,26.38,26.38,0.21,1000.0,9.35,91.7,0
2025-03-09,7,eu-west-1,26.17,26.17,0.42,825.3,3.35,90.5,0
2025-03-09,7,us-east-1,14.91,14.91,0.24,797.5,0.4,94.6,0
2025-03-09,7,us-west-2,24.69,24.69,0.23,862.6,3.99,92.0,0
2025-03-09,8,ap-southeast-1,67.25,67.25,0.23,1000.0,1.65,80.7,1
2025-03-09,8,eu-central-1,33.12,33.12,0.05,1000.0,0.69,90.8,0
2025-03-09,8,eu-west-1,33.89,33.89,0.28,1000.0,5.04,89.3,0
2025-03-09,8,us-east-1,21.81,21.81,0.03,1000.0,4.17,94.0,0
2025-03-09,8,us-west-2,29.08,29.08,0.42,1000.0,0.25,89.7,0
2025-03-09,9,ap-southeast-1,44.13,44.13,0.34,1000.0,7.05,86.2,0
2025-03-09,9,eu-central-1,32.72,32.72,0.13,963.0,4.96,90.5,0
2025-03-09,9,eu-west-1,23.33,23.33,0.11,991.4,2.46,93.1,0
2025-03-09,9,us-east-1,22.44,22.44,0.17,1000.0,2.53,93.0,0
2025-03-09,9,us-west-2,34.29,34.29,0.08,1000.0,0.5,90.4,0
2025-03-09,10,ap-southeast-1,41.81,41.81,1.19,1000.0,0.87,81.7,0
2025-03-09,10,eu-central-1,31.12,31.12,0.05,1000.0,2.43,91.4,0
2025-03-09,10,eu-west-1,31.9,31.9,0.21,1000.0,2.76,90.2,0
2025-03-09,10,us-east-1,24.06,24.06,0.15,1000.0,1.23,92.7,0
2025-03-09,10,us-west-2,26.37,26.37,0.06,1000.0,9.11,92.6,0
2025-03-09,11,ap-southeast-1,43.78,43.78,0.02,938.8,1.34,88.2,0
2025-03-09,11,eu-central-1,31.18,31.18,0.43,1000.0,4.25,89.1,0
2025-03-09,11,eu-west-1,31.3,31.3,0.13,1000.0,0.34,90.8,0
2025-03-09,11,us-east-1,23.97,23.97,0.1,1000.0,2.8,93.0,0
2025-03-09,11,us-west-2,30.78,30.78,0.6,1000.0,1.76,88.2,0
2025-03-09,12,ap-southeast-1,51.24,51.24,0.28,1000.0,3.87,84.6,1
2025-03-09,12,eu-central-1,43.0,43.0,0.06,1000.0,2.64,88.2,0
2025-03-09,12,eu-west-1,28.14,28.14,0.29,989.6,7.29,90.8,0
2025-03-09,12,us-east-1,16.42,16.42,0.42,1000.0,0.75,93.1,0
2025-03-09,12,us-west-2,23.76,23.76,0.15,1000.0,0.11,92.8,0
2025-03-09,13,ap-southeast-1,72.89,72.89,0.66,869.7,1.97,76.6,1
2025-03-09,13,eu-central-1,36.11,36.11,0.4,1000.0,1.38,88.0,0
2025-03-09,13,eu-west-1,30.21,30.21,0.72,896.8,0.36,87.6,0
2025-03-09,13,us-east-1,17.79,17.79,0.23,1000.0,1.06,93.9,0
2025-03-09,13,us-west-2,27.35,27.35,0.2,1000.0,0.12,91.5,0
2025-03-09,14,ap-southeast-1,38.85,38.85,0.22,1000.0,1.98,88.3,0
2025-03-09,14,eu-central-1,44.18,44.18,0.39,1000.0,0.65,85.9,0
2025-03-09,14,eu-west-1,33.19,33.19,0.28,1000.0,3.73,89.5,0
2025-03-09,14,us-east-1,22.3,22.3,0.03,883.7,6.24,93.9,0
2025-03-09,14,us-west-2,23.39,23.39,0.01,957.5,5.94,93.7,0
2025-03-09,15,ap-southeast-1,56.56,56.56,0.03,1000.0,0.14,84.8,1
2025-03-09,15,eu-central-1,29.8,29.8,0.2,647.0,0.18,90.8,0
2025-03-09,15,eu-west-1,32.51,32.51,0.33,1000.0,0.77,89.4,0
2025-03-09,15,us-east-1,22.3,22.3,0.08,830.3,0.86,93.6,0
2025-03-09,15,us-west-2,27.12,27.12,0.16,1000.0,5.17,91.8,0
2025-03-09,16,ap-southeast-1,46.32,46.32,0.27,877.6,1.27,86.0,0
2025-03-09,16,eu-central-1,31.79,31.79,0.05,900.2,1.92,91.2,0
2025-03-09,16,eu-west-1,23.82,23.82,0.24,1000.0,6.78,92.2,0
2025-03-09,16,us-east-1,22.3,22.3,0.38,867.0,1.59,91.8,0
2025-03-09,16,us-west-2,26.72,26.72,0.49,1000.0,1.53,90.0,0
2025-03-09,17,ap-southeast-1,50.01,50.01,0.13,1000.0,0.79,85.9,1
2025-03-09,17,eu-central-1,25.77,25.77,0.12,763.8,11.6,92.4,0
2025-03-09,17,eu-west-1,32.29,32.29,0.06,1000.0,3.18,91.0,0
2025-03-09,17,us-east-1,32.66,32.66,0.03,1000.0,5.52,91.1,0
2025-03-09,17,us-west-2,17.48,17.48,0.57,957.4,0.45,91.9,0
2025-03-09,18,ap-southeast-1,41.98,41.98,0.06,1000.0,18.29,88.5,0
2025-03-09,18,eu-central-1,28.29,28.29,0.13,1000.0,3.35,91.7,0
2025-03-09,18,eu-west-1,28.47,28.47,0.09,1000.0,3.5,91.9,0
2025-03-09,18,us-east-1,22.47,22.47,0.63,1000.0,3.08,90.2,0
2025-03-09,18,us-west-2,22.98,22.98,0.4,929.0,4.43,91.5,0
2025-03-09,19,ap-southeast-1,50.93,50.93,0.57,992.7,0.92,83.0,1
2025-03-09,19,eu-central-1,35.99,35.99,0.36,878.9,0.99,88.2,0
2025-03-09,19,eu-west-1,25.27,25.27,0.2,966.3,0.62,92.0,0
2025-03-09,19,us-east-1,21.07,21.07,0.2,1000.0,0.16,93.2,0
2025-03-09,19,us-west-2,22.76,22.76,0.35,739.9,0.98,91.8,0
2025-03-09,20,ap-southeast-1,44.7,44.7,0.22,750.6,5.4,86.8,0
2025-03-09,20,eu-central-1,25.81,25.81,0.04,884.0,4.39,92.9,0
2025-03-09,20,eu-west-1,25.27,25.27,0.11,889.2,1.46,92.6,0
2025-03-09,20,us-east-1,20.58,20.58,0.2,782.3,0.4,93.3,0
2025-03-09,20,us-west-2,14.55,14.55,0.21,702.1,1.36,94.8,0
2025-03-09,21,ap-southeast-1,52.34,52.34,0.81,936.0,2.82,81.2,1
2025-03-09,21,eu-central-1,36.06,36.06,0.53,734.9,3.66,87.2,0
2025-03-09,21,eu-west-1,24.44,24.44,0.06,683.3,2.4,93.1,0
2025-03-09,21,us-east-1,19.76,19.76,0.27,872.1,0.1,93.1,0
2025-03-09,21,us-west-2,21.68,21.68,0.23,930.3,2.87,92.8,0
2025-03-09,22,ap-southeast-1,46.18,46.18,0.49,680.1,1.04,84.7,0
2025-03-09,22,eu-central-1,22.78,22.78,0.43,930.9,0.83,91.4,0
2025-03-09,22,eu-west-1,29.47,29.47,0.21,826.5,3.67,90.9,0
2025-03-09,22,us-east-1,17.15,17.15,0.52,1000.0,2.49,92.3,0
2025-03-09,22,us-west-2,25.33,25.33,0.41,829.0,1.09,90.8,0
2025-03-09,23,ap-southeast-1,31.96,31.96,0.35,685.4,1.96,89.4,0
2025-03-09,23,eu-central-1,23.58,23.58,0.06,936.0,0.1,93.3,0
2025-03-09,23,eu-west-1,24.69,24.69,0.12,977.2,0.27,92.7,0
2025-03-09,23,us-east-1,20.05,20.05,0.13,1000.0,1.48,93.9,0
2025-03-09,23,us-west-2,26.29,26.29,0.08,943.1,2.48,92.5,0
2025-03-10,0,ap-southeast-1,52.4,52.4,0.0,841.9,4.59,86.0,1
2025-03-10,0,eu-central-1,26.57,26.57,0.38,699.4,0.31,90.6,0
2025-03-10,0,eu-west-1,20.8,20.8,0.09,843.8,8.2,93.9,0
2025-03-10,0,us-east-1,15.91,15.91,0.34,1000.0,0.36,93.7,0
2025-03-10,0,us-west-2,19.42,19.42,0.08,990.3,5.41,94.3,0
2025-03-10,1,ap-southeast-1,31.41,31.41,0.17,916.2,5.37,90.6,0
2025-03-10,1,eu-central-1,27.73,27.73,0.33,674.1,5.25,90.6,0
2025-03-10,1,eu-west-1,23.52,23.52,0.19,910.4,5.52,92.6,0
2025-03-10,1,us-east-1,17.36,17.36,0.25,995.0,7.92,93.9,0
2025-03-10,1,us-west-2,26.5,26.5,0.9,959.3,3.99,87.5,0
2025-03-10,2,ap-southeast-1,32.38,32.38,0.07,947.4,0.44,91.0,0
2025-03-10,2,eu-central-1,31.88,31.88,0.41,850.0,4.53,89.0,0
2025-03-10,2,eu-west-1,25.67,25.67,0.04,811.8,0.79,92.9,0
2025-03-10,2,us-east-1,16.69,16.69,0.09,972.9,1.89,95.0,0
2025-03-10,2,us-west-2,25.99,25.99,0.01,926.1,1.2,93.0,0
2025-03-10,3,ap-southeast-1,38.81,38.81,0.72,949.0,1.04,85.3,0
2025-03-10,3,eu-central-1,29.89,29.89,0.06,1000.0,0.87,91.7,0
2025-03-10,3,eu-west-1,29.61,29.61,0.79,726.4,4.33,87.4,0
2025-03-10,3,us-east-1,18.22,18.22,0.63,921.1,0.69,91.3,0
2025-03-10,3,us-west-2,46.93,46.93,0.04,884.5,0.85,87.2,0
2025-03-10,4,ap-southeast-1,38.9,38.9,0.06,909.4,1.02,89.3,0
2025-03-10,4,eu-central-1,26.25,26.25,0.05,1000.0,0.84,92.7,0
2025-03-10,4,eu-west-1,27.26,27.26,0.61,835.2,1.83,89.1,0
2025-03-10,4,us-east-1,24.25,24.25,0.48,943.4,1.74,90.7,0
2025-03-10,4,us-west-2,22.38,22.38,0.25,827.2,0.84,92.5,0
2025-03-10,5,ap-southeast-1,54.42,54.42,0.1,656.3,0.11,84.9,1
2025-03-10,5,eu-central-1,27.44,27.44,0.08,917.6,3.94,92.2,0
2025-03-10,5,eu-west-1,21.81,21.81,0.37,887.1,1.55,92.0,0
2025-03-10,5,us-east-1,12.96,12.96,0.32,783.9,2.85,94.6,0
2025-03-10,5,us-west-2,118.51,118.51,0.4,835.2,1.07,66.0,1
2025-03-10,6,ap-southeast-1,43.84,43.84,0.22,842.7,2.28,87.0,0
2025-03-10,6,eu-central-1,26.66,26.66,0.14,762.4,6.94,92.1,0
2025-03-10,6,eu-west-1,34.32,34.32,0.03,771.3,0.94,90.6,0
2025-03-10,6,us-east-1,19.85,19.85,0.57,751.8,0.2,91.3,0
2025-03-10,6,us-west-2,27.01,27.01,0.23,920.1,1.7,91.4,0
2025-03-10,7,ap-southeast-1,53.42,53.42,0.09,966.2,4.82,85.2,1
2025-03-10,7,eu-central-1,24.16,24.16,0.47,956.4,3.78,90.7,0
2025-03-10,7,eu-west-1,25.99,25.99,0.45,821.7,2.17,90.4,0
2025-03-10,7,us-east-1,13.65,13.65,0.61,849.6,0.8,92.7,0
2025-03-10,7,us-west-2,22.95,22.95,0.13,734.6,1.35,93.1,0
2025-03-10,8,ap-southeast-1,47.34,47.34,0.08,1000.0,1.2,86.9,0
2025-03-10,8,eu-central-1,27.91,27.91,0.44,1000.0,2.33,89.9,0
2025-03-10,8,eu-west-1,34.25,34.25,0.55,958.4,3.27,87.6,0
2025-03-10,8,us-east-1,19.23,19.23,0.41,1000.0,4.11,92.4,0
2025-03-10,8,us-west-2,30.59,30.59,1.26,1000.0,0.36,84.3,0
2025-03-10,9,ap-southeast-1,54.22,54.22,0.3,1000.0,3.37,83.7,1
2025-03-10,9,eu-central-1,37.16,37.16,4.7,985.3,0.69,61.9,0
2025-03-10,9,eu-west-1,28.1,28.1,0.48,1000.0,1.32,89.6,0
2025-03-10,9,us-east-1,24.08,24.08,0.6,1000.0,1.54,90.0,0
2025-03-10,9,us-west-2,22.34,22.34,0.4,989.1,0.45,91.6,0
2025-03-10,10,ap-southeast-1,55.43,55.43,0.03,1000.0,2.47,85.0,1
2025-03-10,10,eu-central-1,23.37,23.37,0.02,770.5,1.87,93.6,0
2025-03-10,10,eu-west-1,31.05,31.05,0.04,1000.0,2.48,91.5,0
2025-03-10,10,us-east-1,20.9,20.9,0.4,1000.0,1.98,92.1,0
2025-03-10,10,us-west-2,19.24,19.24,0.59,1000.0,1.05,91.3,0
2025-03-10,11,ap-southeast-1,57.15,57.15,0.02,1000.0,1.18,84.6,1
2025-03-10,11,eu-central-1,40.01,40.01,0.0,1000.0,0.66,89.3,0
2025-03-10,11,eu-west-1,32.37,32.37,0.34,1000.0,3.0,89.3,0
2025-03-10,11,us-east-1,17.35,17.35,0.38,1000.0,1.42,93.1,0
2025-03-10,11,us-west-2,22.84,22.84,0.01,1000.0,2.06,93.8,0
2025-03-10,12,ap-southeast-1,48.14,48.14,0.15,798.5,0.38,86.2,0
2025-03-10,12,eu-central-1,30.54,30.54,0.4,1000.0,4.13,89.5,0
2025-03-10,12,eu-west-1,34.0,34.0,0.59,1000.0,3.1,87.4,0
2025-03-10,12,us-east-1,18.48,18.48,0.32,1000.0,0.11,93.2,0
2025-03-10,12,us-west-2,31.28,31.28,0.09,1000.0,2.25,91.1,0
2025-03-10,13,ap-southeast-1,48.82,48.82,0.42,1000.0,3.09,84.5,0
2025-03-10,13,eu-central-1,28.47,28.47,0.11,1000.0,1.22,91.8,0
2025-03-10,13,eu-west-1,33.31,33.31,0.28,1000.0,0.13,89.4,0
2025-03-10,13,us-east-1,22.81,22.81,0.46,1000.0,0.45,91.2,0
2025-03-10,13,us-west-2,28.81,28.81,0.16,986.8,1.66,91.4,0
2025-03-10,14,ap-southeast-1,49.44,49.44,0.27,1000.0,4.82,85.2,0
2025-03-10,14,eu-central-1,35.77,35.77,0.13,746.3,4.48,89.7,0
2025-03-10,14,eu-west-1,32.51,32.51,0.34,947.7,4.91,89.3,0
2025-03-10,14,us-east-1,18.43,18.43,0.06,926.9,1.47,94.7,0
2025-03-10,14,us-west-2,34.11,34.11,0.07,1000.0,3.36,90.5,0
2025-03-10,15,ap-southeast-1,38.92,38.92,0.18,1000.0,2.89,88.5,0
2025-03-10,15,eu-central-1,39.37,39.37,0.26,1000.0,1.2,87.9,0
2025-03-10,15,eu-west-1,27.39,27.39,0.2,779.6,1.53,91.5,0
2025-03-10,15,us-east-1,21.37,21.37,3.32,1000.0,0.59,74.4,0
2025-03-10,15,us-west-2,19.82,19.82,0.02,1000.0,3.34,94.6,0
2025-03-10,16,ap-southeast-1,51.1,51.1,0.28,745.3,0.1,84.7,1
2025-03-10,16,eu-central-1,37.6,37.6,0.04,725.7,4.35,89.8,0
2025-03-10,16,eu-west-1,26.28,26.28,0.25,875.4,0.76,91.5,0
2025-03-10,16,us-east-1,20.84,20.84,0.68,993.2,0.13,90.4,0
2025-03-10,16,us-west-2,29.25,29.25,0.08,991.8,1.39,91.7,0
2025-03-10,17,ap-southeast-1,48.77,48.77,0.15,1000.0,0.61,86.1,0
2025-03-10,17,eu-central-1,34.62,34.62,0.34,1000.0,1.01,88.7,0
2025-03-10,17,eu-west-1,30.18,30.18,0.01,890.7,0.69,91.9,0
2025-03-10,17,us-east-1,18.68,18.68,0.01,813.8,4.64,95.0,0
2025-03-10,17,us-west-2,28.16,28.16,0.25,1000.0,0.33,91.0,0
2025-03-10,18,ap-southeast-1,56.25,56.25,0.91,924.6,0.18,79.6,1
2025-03-10,18,eu-central-1,37.45,37.45,0.13,1000.0,1.45,89.2,0
2025-03-10,18,eu-west-1,32.77,32.77,0.34,1000.0,1.65,89.2,0
2025-03-10,18,us-east-1,27.36,27.36,0.58,1000.0,9.93,89.2,0
2025-03-10,18,us-west-2,24.22,24.22,0.39,1000.0,1.89,91.2,0
2025-03-10,19,ap-southeast-1,45.62,45.62,0.02,1000.0,2.11,87.7,0
2025-03-10,19,eu-central-1,20.79,20.79,0.3,816.6,2.39,92.7,0
2025-03-10,19,eu-west-1,24.16,24.16,0.02,863.9,5.45,93.4,0
2025-03-10,19,us-east-1,19.71,19.71,0.04,835.4,3.94,94.5,0
2025-03-10,19,us-west-2,24.56,24.56,0.45,791.4,1.2,90.8,0
2025-03-10,20,ap-southeast-1,54.02,54.02,0.34,1000.0,3.53,83.6,1
2025-03-10,20,eu-central-1,25.81,25.81,0.54,917.5,0.18,89.9,0
2025-03-10,20,eu-west-1,28.99,28.99,0.17,896.8,1.19,91.2,0
2025-03-10,20,us-east-1,12.53,12.53,0.12,1000.0,4.81,95.9,0
2025-03-10,20,us-west-2,22.46,22.46,0.01,980.5,0.37,93.9,0
2025-03-10,21,ap-southeast-1,45.47,45.47,0.67,691.0,0.29,83.9,0
2025-03-10,21,eu-central-1,119.8,119.8,0.06,732.6,7.4,67.7,1
2025-03-10,21,eu-west-1,30.45,30.45,0.1,583.5,3.46,91.3,0
2025-03-10,21,us-east-1,18.5,18.5,0.41,925.7,0.69,92.6,0
2025-03-10,21,us-west-2,23.52,23.52,0.17,628.0,10.02,92.7,0
2025-03-10,22,ap-southeast-1,41.21,41.21,0.49,948.0,4.56,86.1,0
2025-03-10,22,eu-central-1,33.14,33.14,0.8,858.7,2.13,86.4,0
2025-03-10,22,eu-west-1,21.56,21.56,0.24,706.2,0.25,92.8,0
2025-03-10,22,us-east-1,16.21,16.21,0.05,727.1,8.09,95.4,0
2025-03-10,22,us-west-2,24.25,24.25,0.04,915.1,1.15,93.3,0
2025-03-10,23,ap-southeast-1,45.39,45.39,0.06,727.9,2.03,87.5,0
2025-03-10,23,eu-central-1,26.39,26.39,0.23,945.4,1.77,91.6,0
2025-03-10,23,eu-west-1,21.86,21.86,0.04,956.4,1.62,93.9,0
2025-03-10,23,us-east-1,20.3,20.3,0.51,1000.0,0.55,91.5,0
2025-03-10,23,us-west-2,25.23,25.23,0.17,783.9,2.46,92.3,0
2025-03-11,0,ap-southeast-1,49.89,49.89,0.1,773.3,2.93,86.1,0
2025-03-11,0,eu-central-1,31.55,31.55,0.77,478.7,4.57,87.0,0
2025-03-11,0,eu-west-1,24.47,24.47,0.35,884.4,11.97,91.4,0
2025-03-11,0,us-east-1,15.86,15.86,0.54,996.5,7.56,92.6,0
2025-03-11,0,us-west-2,22.29,22.29,0.17,948.0,1.68,93.0,0
2025-03-11,1,ap-southeast-1,33.03,33.03,0.38,776.0,8.89,88.9,0
2025-03-11,1,eu-central-1,30.25,30.25,0.07,796.3,5.02,91.5,0
2025-03-11,1,eu-west-1,26.15,26.15,0.48,832.3,3.68,90.2,0
2025-03-11,1,us-east-1,17.69,17.69,0.21,919.9,13.16,94.0,0
2025-03-11,1,us-west-2,27.87,27.87,0.21,976.8,0.39,91.3,0
2025-03-11,2,ap-southeast-1,40.17,40.17,0.03,903.8,0.22,89.1,0
2025-03-11,2,eu-central-1,24.38,24.38,0.28,847.3,1.85,91.8,0
2025-03-11,2,eu-west-1,23.03,23.03,0.05,917.8,0.59,93.5,0
2025-03-11,2,us-east-1,19.36,19.36,0.0,822.8,3.11,94.8,0
2025-03-11,2,us-west-2,21.29,21.29,0.67,576.8,0.14,90.3,0
2025-03-11,3,ap-southeast-1,40.31,40.31,0.5,889.0,5.79,86.2,0
2025-03-11,3,eu-central-1,25.53,25.53,0.82,826.4,6.55,88.3,0
2025-03-11,3,eu-west-1,30.07,30.07,0.03,1000.0,1.74,91.8,0
2025-03-11,3,us-east-1,20.34,20.34,0.1,734.9,9.93,94.0,0
2025-03-11,3,us-west-2,28.22,28.22,0.49,824.6,2.46,89.5,0
2025-03-11,4,ap-southeast-1,47.77,47.77,0.38,705.8,0.34,85.0,0
2025-03-11,4,eu-central-1,33.43,33.43,0.45,1000.0,0.17,88.4,0
2025-03-11,4,eu-west-1,26.59,26.59,0.05,823.5,0.67,92.6,0
2025-03-11,4,us-east-1,14.76,14.76,0.29,805.3,2.11,94.3,0
2025-03-11,4,us-west-2,18.28,18.28,0.3,857.0,0.71,93.3,0
2025-03-11,5,ap-southeast-1,48.56,48.56,0.39,902.8,1.25,84.7,0
2025-03-11,5,eu-central-1,119.23,119.23,0.28,715.1,0.3,66.5,1
2025-03-11,5,eu-west-1,25.15,25.15,0.63,858.3,1.32,89.5,0
2025-03-11,5,us-east-1,17.1,17.1,1.19,980.6,0.75,88.3,0
2025-03-11,5,us-west-2,18.75,18.75,0.65,567.1,0.7,91.1,0
2025-03-11,6,ap-southeast-1,45.68,45.68,0.03,825.5,4.77,87.6,0
2025-03-11,6,eu-central-1,28.52,28.52,0.2,775.5,2.27,91.2,0
2025-03-11,6,eu-west-1,19.62,19.62,0.22,873.1,3.79,93.4,0
2025-03-11,6,us-east-1,16.72,16.72,0.3,1000.0,1.44,93.7,0
2025-03-11,6,us-west-2,18.94,18.94,0.34,877.3,7.87,92.9,0
2025-03-11,7,ap-southeast-1,29.38,29.38,0.38,631.5,5.92,89.9,0
2025-03-11,7,eu-central-1,24.71,24.71,0.73,620.1,1.09,89.0,0
2025-03-11,7,eu-west-1,20.07,20.07,0.19,1000.0,3.69,93.5,0
2025-03-11,7,us-east-1,55.51,55.51,0.09,1000.0,2.25,84.7,1
2025-03-11,7,us-west-2,25.16,25.16,0.51,786.6,1.55,90.2,0
2025-03-11,8,ap-southeast-1,38.93,38.93,0.38,1000.0,1.76,87.4,0
2025-03-11,8,eu-central-1,30.68,30.68,0.16,1000.0,1.56,90.9,0
2025-03-11,8,eu-west-1,29.96,29.96,0.04,777.5,0.65,91.8,0
2025-03-11,8,us-east-1,26.18,26.18,0.33,1000.0,0.19,91.0,0
2025-03-11,8,us-west-2,22.24,22.24,0.27,916.9,0.1,92.4,0
2025-03-11,9,ap-southeast-1,49.9,49.9,0.59,1000.0,2.25,83.2,0
2025-03-11,9,eu-central-1,31.98,31.98,0.08,1000.0,0.99,91.0,0
2025-03-11,9,eu-west-1,19.55,19.55,0.35,1000.0,6.38,92.7,0
2025-03-11,9,us-east-1,21.96,21.96,0.26,930.3,2.43,92.6,0
2025-03-11,9,us-west-2,30.96,30.96,0.25,1000.0,1.04,90.3,0
2025-03-11,10,ap-southeast-1,157.74,157.74,0.01,1000.0,3.08,59.9,1
2025-03-11,10,eu-central-1,28.42,28.42,0.31,1000.0,1.3,90.6,0
2025-03-11,10,eu-west-1,33.12,33.12,0.67,1000.0,2.24,87.2,0
2025-03-11,10,us-east-1,16.78,16.78,0.5,1000.0,9.93,92.5,0
2025-03-11,10,us-west-2,23.3,23.3,0.42,976.6,2.2,91.2,0
2025-03-11,11,ap-southeast-1,51.79,51.79,0.01,818.7,4.47,86.1,1
2025-03-11,11,eu-central-1,27.56,27.56,0.32,1000.0,4.32,90.7,0
2025-03-11,11,eu-west-1,28.07,28.07,0.58,1000.0,1.19,89.0,0
2025-03-11,11,us-east-1,23.55,23.55,0.04,829.1,0.53,93.5,0
2025-03-11,11,us-west-2,26.82,26.82,0.01,1000.0,1.0,92.8,0
2025-03-11,12,ap-southeast-1,48.11,48.11,0.62,1000.0,0.32,83.4,0
2025-03-11,12,eu-central-1,33.58,33.58,0.19,1000.0,2.25,89.9,0
2025-03-11,12,eu-west-1,42.74,42.74,0.32,1000.0,1.74,86.7,0
2025-03-11,12,us-east-1,27.29,27.29,0.47,1000.0,3.93,89.9,0
2025-03-11,12,us-west-2,27.73,27.73,0.39,1000.0,0.1,90.3,0
2025-03-11,13,ap-southeast-1,63.64,63.64,0.05,960.3,4.15,82.7,1
2025-03-11,13,eu-central-1,28.12,28.12,0.22,1000.0,14.83,91.2,0
2025-03-11,13,eu-west-1,38.7,38.7,0.03,1000.0,2.32,89.5,0
2025-03-11,13,us-east-1,23.91,23.91,0.26,1000.0,5.96,92.1,0
2025-03-11,13,us-west-2,21.45,21.45,0.9,1000.0,1.47,88.9,0
2025-03-11,14,ap-southeast-1,33.94,33.94,0.27,1000.0,1.64,89.3,0
2025-03-11,14,eu-central-1,28.28,28.28,1.06,1000.0,3.86,86.1,0
2025-03-11,14,eu-west-1,27.97,27.97,0.04,1000.0,2.05,92.3,0
2025-03-11,14,us-east-1,15.98,15.98,1.09,1000.0,7.19,89.2,0
2025-03-11,14,us-west-2,64.34,64.34,0.41,1000.0,0.28,80.4,1
2025-03-11,15,ap-southeast-1,54.1,54.1,0.82,1000.0,1.5,80.6,1
2025-03-11,15,eu-central-1,27.66,27.66,0.44,1000.0,0.8,90.0,0
2025-03-11,15,eu-west-1,28.29,28.29,0.02,1000.0,1.67,92.4,0
2025-03-11,15,us-east-1,19.2,19.2,0.14,856.2,8.06,94.1,0
2025-03-11,15,us-west-2,26.37,26.37,0.01,1000.0,2.41,92.9,0
2025-03-11,16,ap-southeast-1,58.18,58.18,0.16,1000.0,1.38,83.5,1
2025-03-11,16,eu-central-1,140.45,140.45,0.04,1000.0,0.77,62.3,1
2025-03-11,16,eu-west-1,33.04,33.04,0.1,1000.0,1.76,90.6,0
2025-03-11,16,us-east-1,24.63,24.63,0.33,1000.0,1.84,91.5,0
2025-03-11,16,us-west-2,24.25,24.25,0.16,941.8,2.42,92.6,0
2025-03-11,17,ap-southeast-1,57.2,57.2,0.62,1000.0,1.78,81.1,1
2025-03-11,17,eu-central-1,36.76,36.76,0.08,1000.0,1.02,89.7,0
2025-03-11,17,eu-west-1,36.09,36.09,0.05,972.7,0.49,90.1,0
2025-03-11,17,us-east-1,18.5,18.5,0.89,1000.0,9.46,89.7,0
2025-03-11,17,us-west-2,27.19,27.19,0.55,1000.0,0.1,89.5,0
2025-03-11,18,ap-southeast-1,230.46,230.46,0.0,926.4,7.25,60.0,1
2025-03-11,18,eu-central-1,39.48,39.48,1.23,1000.0,4.63,82.1,0
2025-03-11,18,eu-west-1,21.69,21.69,0.1,1000.0,4.19,93.6,0
2025-03-11,18,us-east-1,22.08,22.08,0.04,922.5,3.54,93.9,0
2025-03-11,18,us-west-2,20.19,20.19,1.05,1000.0,0.86,88.3,0
2025-03-11,19,ap-southeast-1,51.29,51.29,0.06,793.7,1.99,86.0,1
2025-03-11,19,eu-central-1,24.95,24.95,0.39,669.8,0.1,91.0,0
2025-03-11,19,eu-west-1,18.3,18.3,0.15,795.6,1.95,94.2,0
2025-03-11,19,us-east-1,20.09,20.09,0.83,505.3,0.44,89.7,0
2025-03-11,19,us-west-2,20.82,20.82,0.14,659.1,1.33,93.6,0
2025-03-11,20,ap-southeast-1,40.92,40.92,0.01,702.5,7.65,89.0,0
2025-03-11,20,eu-central-1,37.03,37.03,0.74,854.8,0.65,85.7,0
2025-03-11,20,eu-west-1,22.67,22.67,0.86,634.5,0.35,88.8,0
2025-03-11,20,us-east-1,15.5,15.5,0.35,846.7,1.62,93.8,0
2025-03-11,20,us-west-2,21.4,21.4,0.55,654.5,2.0,91.0,0
2025-03-11,21,ap-southeast-1,37.56,37.56,0.12,824.9,0.5,89.3,0
2025-03-11,21,eu-central-1,23.78,23.78,0.11,944.0,5.88,93.0,0
2025-03-11,21,eu-west-1,27.19,27.19,0.28,810.4,3.63,91.1,0
2025-03-11,21,us-east-1,17.84,17.84,0.02,1000.0,3.17,95.1,0
2025-03-11,21,us-west-2,14.07,14.07,0.6,1000.0,0.88,92.7,0
2025-03-11,22,ap-southeast-1,31.27,31.27,0.72,1000.0,3.22,87.4,0
2025-03-11,22,eu-central-1,32.55,32.55,0.41,776.4,2.55,88.9,0
2025-03-11,22,eu-west-1,26.86,26.86,0.54,937.9,6.74,89.6,0
2025-03-11,22,us-east-1,12.5,12.5,0.11,1000.0,0.71,96.0,0
2025-03-11,22,us-west-2,25.29,25.29,0.04,876.5,0.85,93.0,0
2025-03-11,23,ap-southeast-1,42.55,42.55,0.03,999.8,4.18,88.5,0
2025-03-11,23,eu-central-1,24.97,24.97,0.38,753.1,0.64,91.1,0
2025-03-11,23,eu-west-1,29.01,29.01,0.37,697.1,7.36,90.0,0
2025-03-11,23,us-east-1,15.23,15.23,0.37,795.1,2.56,93.7,0
2025-03-11,23,us-west-2,19.5,19.5,0.56,777.8,10.19,91.4,0
2025-03-12,0,ap-southeast-1,39.75,39.75,0.28,1000.0,2.84,87.7,0
2025-03-12,0,eu-central-1,24.34,24.34,0.1,1000.0,0.62,92.9,0
2025-03-12,0,eu-west-1,20.5,20.5,0.04,975.8,1.15,94.3,0
2025-03-12,0,us-east-1,17.32,17.32,0.02,777.7,2.75,95.3,0
2025-03-12,0,us-west-2,26.95,26.95,0.12,714.4,0.11,92.1,0
2025-03-12,1,ap-southeast-1,52.84,52.84,0.18,907.5,2.33,84.8,1
2025-03-12,1,eu-central-1,24.87,24.87,0.24,678.8,4.96,91.9,0
2025-03-12,1,eu-west-1,17.21,17.21,0.4,908.5,0.36,93.0,0
2025-03-12,1,us-east-1,14.63,14.63,0.26,906.3,0.44,94.5,0
2025-03-12,1,us-west-2,19.71,19.71,0.27,845.7,11.28,93.1,0
2025-03-12,2,ap-southeast-1,43.06,43.06,0.84,867.2,2.08,83.5,0
2025-03-12,2,eu-central-1,129.07,129.07,0.3,601.9,5.61,63.8,1
2025-03-12,2,eu-west-1,28.22,28.22,0.1,761.9,1.83,91.9,0
2025-03-12,2,us-east-1,22.41,22.41,0.13,730.2,2.08,93.3,0
2025-03-12,2,us-west-2,20.28,20.28,0.23,866.0,0.12,93.2,0
2025-03-12,3,ap-southeast-1,38.04,38.04,0.04,730.2,4.93,89.6,0
2025-03-12,3,eu-central-1,30.44,30.44,0.2,711.7,0.74,90.7,0
2025-03-12,3,eu-west-1,21.89,21.89,0.31,833.0,0.3,92.3,0
2025-03-12,3,us-east-1,14.14,14.14,0.29,886.2,3.69,94.5,0
2025-03-12,3,us-west-2,17.9,17.9,0.33,866.6,0.85,93.3,0
2025-03-12,4,ap-southeast-1,36.98,36.98,0.07,882.4,4.31,89.7,0
2025-03-12,4,eu-central-1,30.81,30.81,0.53,665.1,1.36,88.6,0
2025-03-12,4,eu-west-1,17.43,17.43,0.12,1000.0,6.79,94.6,0
2025-03-12,4,us-east-1,16.81,16.81,0.01,941.9,1.73,95.4,0
2025-03-12,4,us-west-2,25.78,25.78,2.27,713.3,1.7,79.5,0
2025-03-12,5,ap-southeast-1,58.42,58.42,0.01,834.4,0.33,84.4,1
2025-03-12,5,eu-central-1,24.04,24.04,0.54,896.3,4.5,90.4,0
2025-03-12,5,eu-west-1,25.54,25.54,1.82,938.0,0.51,82.3,0
2025-03-12,5,us-east-1,18.35,18.35,0.62,997.2,0.1,91.4,0
2025-03-12,5,us-west-2,23.5,23.5,0.17,809.6,0.39,92.7,0
2025-03-12,6,ap-southeast-1,44.85,44.85,0.17,943.4,4.72,87.0,0
2025-03-12,6,eu-central-1,23.84,23.84,0.57,806.7,3.69,90.2,0
2025-03-12,6,eu-west-1,27.97,27.97,0.09,851.1,0.73,92.0,0
2025-03-12,6,us-east-1,21.89,21.89,1.09,838.0,0.1,87.6,0
2025-03-12,6,us-west-2,26.62,26.62,0.66,781.8,0.36,89.0,0
2025-03-12,7,ap-southeast-1,39.72,39.72,0.1,715.3,1.34,88.8,0
2025-03-12,7,eu-central-1,24.15,24.15,0.49,823.6,4.2,90.6,0
2025-03-12,7,eu-west-1,24.54,24.54,0.1,821.5,1.3,92.9,0
2025-03-12,7,us-east-1,14.12,14.12,1.04,825.6,1.1,90.0,0
2025-03-12,7,us-west-2,21.32,21.32,0.5,927.6,0.74,91.3,0
2025-03-12,8,ap-southeast-1,52.71,52.71,0.67,1000.0,0.73,81.9,1
2025-03-12,8,eu-central-1,31.66,31.66,0.22,1000.0,1.83,90.2,0
2025-03-12,8,eu-west-1,26.78,26.78,0.88,1000.0,1.21,87.6,0
2025-03-12,8,us-east-1,24.31,24.31,0.46,968.0,6.52,90.8,0
2025-03-12,8,us-west-2,25.14,25.14,0.51,936.4,9.08,90.2,0
2025-03-12,9,ap-southeast-1,66.47,66.47,0.31,859.5,5.1,80.4,1
2025-03-12,9,eu-central-1,31.18,31.18,0.16,997.2,6.06,90.7,0
2025-03-12,9,eu-west-1,28.06,28.06,0.01,1000.0,3.96,92.5,0
2025-03-12,9,us-east-1,20.73,20.73,0.05,976.0,0.65,94.2,0
2025-03-12,9,us-west-2,18.92,18.92,0.2,1000.0,1.2,93.7,0
2025-03-12,10,ap-southeast-1,48.73,48.73,0.31,1000.0,1.41,85.1,0
2025-03-12,10,eu-central-1,27.61,27.61,0.59,1000.0,0.99,89.1,0
2025-03-12,10,eu-west-1,27.15,27.15,0.39,776.7,1.52,90.4,0
2025-03-12,10,us-east-1,82.47,82.47,0.47,1000.0,2.52,75.2,1
2025-03-12,10,us-west-2,22.93,22.93,0.01,1000.0,2.09,93.8,0
2025-03-12,11,ap-southeast-1,57.08,57.08,0.25,1000.0,4.13,83.3,1
2025-03-12,11,eu-central-1,33.5,33.5,0.22,1000.0,0.43,89.7,0
2025-03-12,11,eu-west-1,131.35,131.35,0.43,1000.0,0.47,62.4,1
2025-03-12,11,us-east-1,22.13,22.13,0.01,1000.0,0.63,94.1,0
2025-03-12,11,us-west-2,25.95,25.95,0.22,925.8,3.05,91.7,0
2025-03-12,12,ap-southeast-1,60.96,60.96,0.03,852.0,0.76,83.6,1
2025-03-12,12,eu-central-1,43.13,43.13,0.09,1000.0,3.08,87.9,0
2025-03-12,12,eu-west-1,131.35,131.35,0.6,1000.0,0.78,61.4,1
2025-03-12,12,us-east-1,21.32,21.32,0.01,1000.0,0.97,94.3,0
2025-03-12,12,us-west-2,26.77,26.77,0.76,988.4,3.39,88.3,0
2025-03-12,13,ap-southeast-1,37.07,37.07,0.19,896.0,0.1,89.0,0
2025-03-12,13,eu-central-1,29.76,29.76,0.23,1000.0,1.94,90.7,0
2025-03-12,13,eu-west-1,31.0,31.0,1.21,1000.0,1.78,84.5,0
2025-03-12,13,us-east-1,18.84,18.84,0.13,979.7,4.71,94.2,0
2025-03-12,13,us-west-2,32.22,32.22,0.07,1000.0,2.91,91.0,0
2025-03-12,14,ap-southeast-1,46.79,46.79,2.51,902.8,1.71,72.5,0
2025-03-12,14,eu-central-1,30.11,30.11,0.05,1000.0,4.82,91.7,0
2025-03-12,14,eu-west-1,30.14,30.14,1.23,1000.0,0.4,84.6,0
2025-03-12,14,us-east-1,20.92,20.92,0.22,1000.0,3.26,93.1,0
2025-03-12,14,us-west-2,18.28,18.28,1.34,646.0,1.03,87.1,0
2025-03-12,15,ap-southeast-1,59.99,59.99,0.6,1000.0,0.26,80.4,1
2025-03-12,15,eu-central-1,34.9,34.9,0.39,1000.0,0.21,88.4,0
2025-03-12,15,eu-west-1,29.47,29.47,0.02,990.3,2.36,92.0,0
2025-03-12,15,us-east-1,19.5,19.5,0.49,1000.0,0.25,91.9,0
2025-03-12,15,us-west-2,26.17,26.17,0.54,882.4,0.3,89.8,0
2025-03-12,16,ap-southeast-1,46.32,46.32,0.74,887.0,3.51,83.2,0
2025-03-12,16,eu-central-1,29.5,29.5,0.14,859.8,4.64,91.3,0
2025-03-12,16,eu-west-1,24.46,24.46,0.57,1000.0,2.09,90.1,0
2025-03-12,16,us-east-1,21.05,21.05,0.38,1000.0,1.4,92.1,0
2025-03-12,16,us-west-2,23.87,23.87,0.41,1000.0,0.83,91.2,0
2025-03-12,17,ap-southeast-1,54.97,54.97,0.57,1000.0,0.81,81.9,1
2025-03-12,17,eu-central-1,35.43,35.43,0.1,848.3,0.87,90.0,0
2025-03-12,17,eu-west-1,27.97,27.97,0.34,855.5,3.14,90.5,0
2025-03-12,17,us-east-1,22.76,22.76,0.2,988.4,0.1,92.8,0
2025-03-12,17,us-west-2,25.59,25.59,0.37,1000.0,0.59,90.9,0
2025-03-12,18,ap-southeast-1,45.86,45.86,0.04,1000.0,1.47,87.6,0
2025-03-12,18,eu-central-1,28.73,28.73,1.03,1000.0,2.66,86.1,0
2025-03-12,18,eu-west-1,19.36,19.36,0.34,1000.0,6.94,92.8,0
2025-03-12,18,us-east-1,25.62,25.62,0.1,726.8,1.64,92.5,0
2025-03-12,18,us-west-2,25.69,25.69,0.29,1000.0,0.37,91.4,0
2025-03-12,19,ap-southeast-1,194.97,194.97,0.38,921.9,0.23,57.7,1
2025-03-12,19,eu-central-1,35.69,35.69,0.45,743.3,0.1,87.8,0
2025-03-12,19,eu-west-1,25.67,25.67,0.04,701.9,6.08,92.9,0
2025-03-12,19,us-east-1,14.66,14.66,1.76,956.1,2.71,85.6,0
2025-03-12,19,us-west-2,21.37,21.37,0.38,821.4,0.1,92.0,0
2025-03-12,20,ap-southeast-1,41.17,41.17,0.0,659.3,0.84,89.0,0
2025-03-12,20,eu-central-1,29.45,29.45,0.46,788.0,2.35,89.4,0
2025-03-12,20,eu-west-1,30.36,30.36,0.32,726.2,7.3,90.0,0
2025-03-12,20,us-east-1,23.76,23.76,0.17,938.4,0.32,92.7,0
2025-03-12,20,us-west-2,18.26,18.26,0.16,810.9,6.86,94.1,0
2025-03-12,21,ap-southeast-1,49.3,49.3,0.11,1000.0,3.8,86.2,0
2025-03-12,21,eu-central-1,25.4,25.4,0.29,823.7,3.16,91.5,0
2025-03-12,21,eu-west-1,19.47,19.47,1.21,797.2,0.7,87.5,0
2025-03-12,21,us-east-1,12.73,12.73,0.18,816.2,0.85,95.5,0
2025-03-12,21,us-west-2,17.65,17.65,0.56,765.7,6.35,91.9,0
2025-03-12,22,ap-southeast-1,46.36,46.36,0.03,928.0,0.41,87.4,0
2025-03-12,22,eu-central-1,25.53,25.53,0.55,936.4,1.15,89.9,0
2025-03-12,22,eu-west-1,22.8,22.8,0.73,1000.0,0.35,89.5,0
2025-03-12,22,us-east-1,17.59,17.59,0.05,858.0,1.27,95.0,0
2025-03-12,22,us-west-2,21.13,21.13,0.36,808.9,0.13,92.2,0
2025-03-12,23,ap-southeast-1,45.67,45.67,0.19,768.1,2.6,86.7,0
2025-03-12,23,eu-central-1,25.84,25.84,0.43,801.1,0.61,90.5,0
2025-03-12,23,eu-west-1,26.23,26.23,0.17,851.7,0.9,92.0,0
2025-03-12,23,us-east-1,19.59,19.59,0.48,911.9,6.3,91.9,0
2025-03-12,23,us-west-2,17.31,17.31,0.44,704.6,0.48,92.7,0
2025-03-13,0,ap-southeast-1,61.93,61.93,0.34,665.0,6.24,81.5,1
2025-03-13,0,eu-central-1,33.77,33.77,0.27,751.1,1.93,89.4,0
2025-03-13,0,eu-west-1,29.7,29.7,0.01,701.7,5.64,92.0,0
2025-03-13,0,us-east-1,18.76,18.76,0.36,662.5,12.5,92.9,0
2025-03-13,0,us-west-2,21.63,21.63,0.47,832.3,0.38,91.4,0
2025-03-13,1,ap-southeast-1,56.74,56.74,0.62,840.9,2.85,81.1,1
2025-03-13,1,eu-central-1,22.67,22.67,0.97,807.8,4.48,88.1,0
2025-03-13,1,eu-west-1,23.32,23.32,0.14,1000.0,8.94,93.0,0
2025-03-13,1,us-east-1,16.32,16.32,0.08,786.5,0.11,95.2,0
2025-03-13,1,us-west-2,21.16,21.16,0.12,733.4,0.83,93.6,0
2025-03-13,2,ap-southeast-1,31.63,31.63,0.42,794.0,4.17,89.1,0
2025-03-13,2,eu-central-1,25.19,25.19,0.06,757.7,0.98,92.9,0
2025-03-13,2,eu-west-1,22.4,22.4,0.52,937.7,4.9,90.9,0
2025-03-13,2,us-east-1,17.44,17.44,0.03,945.3,3.58,95.2,0
2025-03-13,2,us-west-2,14.07,14.07,0.02,704.7,0.57,96.1,0
2025-03-13,3,ap-southeast-1,42.01,42.01,0.84,799.0,0.29,83.8,0
2025-03-13,3,eu-central-1,25.64,25.64,0.86,737.9,0.73,88.0,0
2025-03-13,3,eu-west-1,17.62,17.62,0.36,914.6,0.29,93.1,0
2025-03-13,3,us-east-1,16.67,16.67,0.34,699.5,1.16,93.5,0
2025-03-13,3,us-west-2,28.38,28.38,0.48,773.3,7.29,89.5,0
2025-03-13,4,ap-southeast-1,61.38,61.38,0.02,765.3,0.72,83.5,1
2025-03-13,4,eu-central-1,27.93,27.93,0.15,656.4,0.82,91.6,0
2025-03-13,4,eu-west-1,25.39,25.39,0.18,935.9,7.36,92.1,0
2025-03-13,4,us-east-1,16.41,16.41,0.32,885.2,1.25,93.7,0
2025-03-13,4,us-west-2,22.25,22.25,0.09,904.1,0.22,93.5,0
2025-03-13,5,ap-southeast-1,41.12,41.12,0.0,936.6,5.62,89.0,0
2025-03-13,5,eu-central-1,26.86,26.86,0.22,858.3,7.45,91.5,0
2025-03-13,5,eu-west-1,32.66,32.66,0.02,1000.0,1.38,91.2,0
2025-03-13,5,us-east-1,20.29,20.29,0.1,687.2,3.51,94.0,0
2025-03-13,5,us-west-2,14.07,14.07,0.26,867.1,0.59,94.7,0
2025-03-13,6,ap-southeast-1,59.09,59.09,0.32,537.9,3.14,82.3,1
2025-03-13,6,eu-central-1,21.74,21.74,0.04,781.8,1.11,94.0,0
2025-03-13,6,eu-west-1,26.04,26.04,0.6,1000.0,0.1,89.5,0
2025-03-13,6,us-east-1,18.96,18.96,0.9,906.0,6.27,89.5,0
2025-03-13,6,us-west-2,22.82,22.82,0.18,930.1,0.21,92.9,0
2025-03-13,7,ap-southeast-1,42.12,42.12,0.1,1000.0,2.55,88.2,0
2025-03-13,7,eu-central-1,26.32,26.32,0.23,966.0,0.1,91.6,0
2025-03-13,7,eu-west-1,24.92,24.92,0.19,767.6,1.46,92.2,0
2025-03-13,7,us-east-1,16.13,16.13,0.05,845.7,7.54,95.4,0
2025-03-13,7,us-west-2,21.33,21.33,0.01,739.2,9.83,94.3,0
2025-03-13,8,ap-southeast-1,49.93,49.93,0.1,1000.0,2.72,86.1,0
2025-03-13,8,eu-central-1,31.72,31.72,0.31,879.2,3.8,89.7,0
2025-03-13,8,eu-west-1,30.14,30.14,0.87,1000.0,0.12,86.7,0
2025-03-13,8,us-east-1,23.49,23.49,0.19,853.0,2.15,92.6,0
2025-03-13,8,us-west-2,20.3,20.3,0.01,1000.0,6.27,94.5,0
2025-03-13,9,ap-southeast-1,58.45,58.45,0.13,1000.0,1.34,83.6,1
2025-03-13,9,eu-central-1,29.17,29.17,2.0,1000.0,3.0,80.2,0
2025-03-13,9,eu-west-1,28.7,28.7,0.34,1000.0,1.96,90.3,0
2025-03-13,9,us-east-1,21.65,21.65,0.95,1000.0,1.1,88.5,0
2025-03-13,9,us-west-2,26.47,26.47,0.58,1000.0,3.15,89.5,0
2025-03-13,10,ap-southeast-1,51.05,51.05,0.1,1000.0,0.11,85.8,1
2025-03-13,10,eu-central-1,35.52,35.52,1.22,1000.0,0.34,83.2,0
2025-03-13,10,eu-west-1,80.72,80.72,0.12,1000.0,1.03,77.7,1
2025-03-13,10,us-east-1,23.22,23.22,0.18,990.4,3.87,92.7,0
2025-03-13,10,us-west-2,21.72,21.72,0.31,1000.0,1.39,92.4,0
2025-03-13,11,ap-southeast-1,55.59,55.59,0.24,1000.0,3.84,83.8,1
2025-03-13,11,eu-central-1,36.64,36.64,1.12,958.4,10.48,83.5,0
2025-03-13,11,eu-west-1,32.3,32.3,0.25,841.0,1.6,89.9,0
2025-03-13,11,us-east-1,22.65,22.65,0.34,978.6,0.72,91.9,0
2025-03-13,11,us-west-2,26.03,26.03,0.24,906.2,0.53,91.6,0
2025-03-13,12,ap-southeast-1,63.98,63.98,0.19,1000.0,2.84,81.8,1
2025-03-13,12,eu-central-1,31.82,31.82,0.14,1000.0,2.34,90.7,0
2025-03-13,12,eu-west-1,29.72,29.72,0.02,1000.0,2.37,91.9,0
2025-03-13,12,us-east-1,18.13,18.13,0.17,1000.0,2.08,94.2,0
2025-03-13,12,us-west-2,22.64,22.64,0.95,947.7,0.63,88.2,0
2025-03-13,13,ap-southeast-1,57.64,57.64,0.24,1000.0,1.6,83.2,1
2025-03-13,13,eu-central-1,33.31,33.31,1.56,915.3,1.74,81.7,0
2025-03-13,13,eu-west-1,28.83,28.83,1.19,978.2,5.08,85.2,0
2025-03-13,13,us-east-1,18.96,18.96,0.11,1000.0,1.11,94.3,0
2025-03-13,13,us-west-2,21.86,21.86,0.06,1000.0,1.46,93.8,0
2025-03-13,14,ap-southeast-1,52.85,52.85,0.37,1000.0,5.75,83.7,1
2025-03-13,14,eu-central-1,21.76,21.76,0.2,894.6,1.2,93.0,0
2025-03-13,14,eu-west-1,24.54,24.54,0.15,1000.0,2.71,92.6,0
2025-03-13,14,us-east-1,23.02,23.02,1.36,946.5,2.67,85.7,0
2025-03-13,14,us-west-2,25.24,25.24,0.1,1000.0,3.65,92.7,0
2025-03-13,15,ap-southeast-1,64.74,64.74,0.16,1000.0,1.02,81.8,1
2025-03-13,15,eu-central-1,92.86,92.86,0.63,1000.0,5.72,71.5,1
2025-03-13,15,eu-west-1,34.37,34.37,0.21,1000.0,1.42,89.6,0
2025-03-13,15,us-east-1,22.6,22.6,0.17,1000.0,0.69,92.9,0
2025-03-13,15,us-west-2,19.14,19.14,0.47,1000.0,0.77,92.1,0
2025-03-13,16,ap-southeast-1,58.56,58.56,0.1,953.5,0.87,83.8,1
2025-03-13,16,eu-central-1,37.05,37.05,0.08,1000.0,0.7,89.6,0
2025-03-13,16,eu-west-1,31.62,31.62,0.14,781.4,4.28,90.7,0
2025-03-13,16,us-east-1,20.64,20.64,0.74,1000.0,0.53,90.0,0
2025-03-13,16,us-west-2,24.99,24.99,0.49,1000.0,0.93,90.4,0
2025-03-13,17,ap-southeast-1,46.06,46.06,0.06,1000.0,5.15,87.4,0
2025-03-13,17,eu-central-1,30.15,30.15,0.23,1000.0,0.84,90.6,0
2025-03-13,17,eu-west-1,26.37,26.37,0.38,1000.0,5.9,90.7,0
2025-03-13,17,us-east-1,21.06,21.06,0.09,1000.0,6.26,93.9,0
2025-03-13,17,us-west-2,27.79,27.79,0.17,1000.0,2.29,91.6,0
2025-03-13,18,ap-southeast-1,67.12,67.12,0.14,935.5,3.99,81.2,1
2025-03-13,18,eu-central-1,28.64,28.64,1.12,840.4,0.33,85.7,0
2025-03-13,18,eu-west-1,33.07,33.07,0.36,1000.0,0.32,89.0,0
2025-03-13,18,us-east-1,24.67,24.67,0.08,1000.0,0.27,92.9,0
2025-03-13,18,us-west-2,30.12,30.12,1.0,1000.0,0.68,86.0,0
2025-03-13,19,ap-southeast-1,49.34,49.34,0.41,910.2,1.81,84.4,0
2025-03-13,19,eu-central-1,37.57,37.57,0.88,893.0,3.56,84.7,0
2025-03-13,19,eu-west-1,23.13,23.13,0.38,827.6,1.9,91.6,0
2025-03-13,19,us-east-1,16.4,16.4,0.01,806.0,1.76,95.6,0
2025-03-13,19,us-west-2,25.59,25.59,0.84,786.0,2.19,88.2,0
2025-03-13,20,ap-southeast-1,43.56,43.56,0.42,756.6,0.35,85.8,0
2025-03-13,20,eu-central-1,35.64,35.64,0.34,988.9,2.26,88.4,0
2025-03-13,20,eu-west-1,91.21,91.21,0.09,937.5,0.84,75.1,1
2025-03-13,20,us-east-1,19.48,19.48,0.32,750.7,0.62,92.9,0
2025-03-13,20,us-west-2,26.47,26.47,0.0,830.4,1.22,92.9,0
2025-03-13,21,ap-southeast-1,31.36,31.36,0.33,995.4,0.61,89.7,0
2025-03-13,21,eu-central-1,29.96,29.96,0.48,987.9,2.35,89.1,0
2025-03-13,21,eu-west-1,22.15,22.15,0.11,892.1,0.12,93.4,0
2025-03-13,21,us-east-1,17.45,17.45,0.14,860.3,0.1,94.5,0
2025-03-13,21,us-west-2,20.5,20.5,0.06,781.8,0.1,94.2,0
2025-03-13,22,ap-southeast-1,138.58,138.58,0.08,838.0,2.67,62.6,1
2025-03-13,22,eu-central-1,32.78,32.78,0.06,930.2,0.62,90.9,0
2025-03-13,22,eu-west-1,18.36,18.36,0.04,891.0,2.76,94.9,0
2025-03-13,22,us-east-1,17.41,17.41,0.6,721.3,0.1,91.8,0
2025-03-13,22,us-west-2,58.05,58.05,0.52,870.2,1.29,81.4,1
2025-03-13,23,ap-southeast-1,56.48,56.48,0.27,855.6,1.22,83.3,1
2025-03-13,23,eu-central-1,18.65,18.65,0.38,714.5,2.63,92.7,0
2025-03-13,23,eu-west-1,26.77,26.77,0.32,817.4,4.97,90.9,0
2025-03-13,23,us-east-1,20.97,20.97,0.19,499.4,0.48,93.3,0
2025-03-13,23,us-west-2,24.69,24.69,0.12,761.5,6.3,92.7,0
2025-03-14,0,ap-southeast-1,56.74,56.74,0.25,1000.0,4.53,83.3,1
2025-03-14,0,eu-central-1,24.69,24.69,0.29,887.6,3.63,91.7,0
2025-03-14,0,eu-west-1,18.13,18.13,0.01,704.0,0.44,95.1,0
2025-03-14,0,us-east-1,20.23,20.23,1.03,902.4,5.04,88.4,0
2025-03-14,0,us-west-2,20.29,20.29,0.03,697.9,0.87,94.4,0
2025-03-14,1,ap-southeast-1,45.58,45.58,0.2,762.0,7.49,86.7,0
2025-03-14,1,eu-central-1,26.03,26.03,0.03,930.1,1.11,92.9,0
2025-03-14,1,eu-west-1,20.39,20.39,0.27,715.4,4.18,92.9,0
2025-03-14,1,us-east-1,20.2,20.2,0.06,958.5,0.83,94.2,0
2025-03-14,1,us-west-2,22.02,22.02,0.46,1000.0,0.97,91.4,0
2025-03-14,2,ap-southeast-1,33.05,33.05,0.24,932.2,4.1,89.7,0
2025-03-14,2,eu-central-1,27.01,27.01,0.04,634.7,4.04,92.6,0
2025-03-14,2,eu-west-1,17.22,17.22,0.61,935.1,4.8,91.7,0
2025-03-14,2,us-east-1,21.52,21.52,1.96,566.4,7.51,82.5,0
2025-03-14,2,us-west-2,24.46,24.46,0.18,841.7,0.17,92.4,0
2025-03-14,3,ap-southeast-1,37.66,37.66,0.2,774.0,1.19,88.7,0
2025-03-14,3,eu-central-1,25.94,25.94,0.03,715.4,1.07,92.9,0
2025-03-14,3,eu-west-1,24.68,24.68,0.66,852.3,6.14,89.4,0
2025-03-14,3,us-east-1,18.06,18.06,0.45,728.8,2.18,92.5,0
2025-03-14,3,us-west-2,28.67,28.67,0.2,1000.0,2.39,91.1,0
2025-03-14,4,ap-southeast-1,34.04,34.04,0.82,993.6,3.89,86.0,0
2025-03-14,4,eu-central-1,18.35,18.35,0.39,956.6,3.55,92.8,0
2025-03-14,4,eu-west-1,24.44,24.44,0.18,833.4,0.77,92.4,0
2025-03-14,4,us-east-1,19.84,19.84,0.44,924.3,1.43,92.1,0
2025-03-14,4,us-west-2,23.75,23.75,0.06,618.1,4.73,93.3,0
2025-03-14,5,ap-southeast-1,33.79,33.79,0.38,1000.0,1.08,88.7,0
2025-03-14,5,eu-central-1,29.62,29.62,0.05,955.1,0.1,91.8,0
2025-03-14,5,eu-west-1,23.77,23.77,0.18,799.1,5.86,92.6,0
2025-03-14,5,us-east-1,17.16,17.16,0.56,1000.0,2.17,92.1,0
2025-03-14,5,us-west-2,22.68,22.68,0.32,676.1,1.09,92.0,0
2025-03-14,6,ap-southeast-1,58.68,58.68,0.12,818.5,0.46,83.6,1
2025-03-14,6,eu-central-1,30.28,30.28,0.19,664.2,2.0,90.8,0
2025-03-14,6,eu-west-1,21.09,21.09,0.02,813.4,0.97,94.2,0
2025-03-14,6,us-east-1,18.88,18.88,0.43,852.5,1.82,92.4,0
2025-03-14,6,us-west-2,18.3,18.3,0.24,906.0,0.69,93.7,0
2025-03-14,7,ap-southeast-1,58.9,58.9,0.42,586.7,0.1,81.8,1
2025-03-14,7,eu-central-1,34.73,34.73,0.13,945.4,8.73,89.9,0
2025-03-14,7,eu-west-1,20.6,20.6,0.33,975.6,2.01,92.5,0
2025-03-14,7,us-east-1,17.65,17.65,0.3,762.6,3.56,93.5,0
2025-03-14,7,us-west-2,25.86,25.86,0.07,841.8,7.84,92.7,0
2025-03-14,8,ap-southeast-1,43.05,43.05,0.05,997.7,1.22,88.2,0
2025-03-14,8,eu-central-1,28.39,28.39,0.26,1000.0,9.94,90.8,0
2025-03-14,8,eu-west-1,30.75,30.75,0.57,1000.0,0.13,88.4,0
2025-03-14,8,us-east-1,21.0,21.0,0.05,1000.0,0.83,94.1,0
2025-03-14,8,us-west-2,26.85,26.85,0.14,924.4,3.42,92.0,0
2025-03-14,9,ap-southeast-1,51.68,51.68,0.02,1000.0,5.85,86.1,1
2025-03-14,9,eu-central-1,28.0,28.0,0.4,1000.0,0.83,90.1,0
2025-03-14,9,eu-west-1,26.38,26.38,0.09,895.8,0.11,92.4,0
2025-03-14,9,us-east-1,22.55,22.55,0.01,1000.0,1.09,93.9,0
2025-03-14,9,us-west-2,23.98,23.98,0.3,1000.0,2.09,91.8,0
2025-03-14,10,ap-southeast-1,41.78,41.78,1.23,1000.0,0.68,81.5,0
2025-03-14,10,eu-central-1,19.26,19.26,0.38,1000.0,1.46,92.6,0
2025-03-14,10,eu-west-1,124.42,124.42,0.18,1000.0,3.19,65.7,1
2025-03-14,10,us-east-1,18.16,18.16,0.84,1000.0,5.61,90.1,0
2025-03-14,10,us-west-2,23.59,23.59,0.85,969.3,0.91,88.6,0
2025-03-14,11,ap-southeast-1,51.63,51.63,1.04,1000.0,0.58,80.0,1
2025-03-14,11,eu-central-1,109.64,109.64,0.24,1000.0,0.16,69.3,1
2025-03-14,11,eu-west-1,24.93,24.93,0.6,1000.0,1.47,89.7,0
2025-03-14,11,us-east-1,27.2,27.2,0.32,980.3,7.32,90.9,0
2025-03-14,11,us-west-2,23.76,23.76,0.84,1000.0,0.62,88.7,0
2025-03-14,12,ap-southeast-1,64.48,64.48,0.02,1000.0,8.75,82.7,1
2025-03-14,12,eu-central-1,36.55,36.55,0.21,1000.0,5.17,89.0,0
2025-03-14,12,eu-west-1,29.53,29.53,0.69,1000.0,0.74,88.0,0
2025-03-14,12,us-east-1,17.58,17.58,0.52,1000.0,5.58,92.2,0
2025-03-14,12,us-west-2,25.47,25.47,0.11,1000.0,3.14,92.5,0
2025-03-14,13,ap-southeast-1,60.12,60.12,0.19,1000.0,0.1,82.8,1
2025-03-14,13,eu-central-1,29.25,29.25,0.17,1000.0,2.1,91.2,0
2025-03-14,13,eu-west-1,131.35,131.35,0.09,1000.0,0.53,64.4,1
2025-03-14,13,us-east-1,16.93,16.93,0.22,956.3,1.36,94.2,0
2025-03-14,13,us-west-2,19.76,19.76,0.44,938.1,1.84,92.1,0
2025-03-14,14,ap-southeast-1,58.03,58.03,0.07,1000.0,3.85,84.1,1
2025-03-14,14,eu-central-1,42.55,42.55,0.65,1000.0,1.22,84.7,0
2025-03-14,14,eu-west-1,31.28,31.28,0.26,1000.0,2.77,90.1,0
2025-03-14,14,us-east-1,24.3,24.3,0.04,1000.0,3.79,93.3,0
2025-03-14,14,us-west-2,29.92,29.92,0.49,1000.0,1.84,89.1,0
2025-03-14,15,ap-southeast-1,50.24,50.24,0.22,1000.0,0.97,85.3,1
2025-03-14,15,eu-central-1,101.73,101.73,0.13,1000.0,0.3,72.1,1
2025-03-14,15,eu-west-1,26.97,26.97,0.07,1000.0,0.1,92.4,0
2025-03-14,15,us-east-1,23.16,23.16,0.04,1000.0,1.62,93.6,0
2025-03-14,15,us-west-2,29.23,29.23,0.55,1000.0,0.19,88.9,0
2025-03-14,16,ap-southeast-1,61.55,61.55,0.58,1000.0,0.1,80.1,1
2025-03-14,16,eu-central-1,32.91,32.91,0.1,1000.0,7.33,90.6,0
2025-03-14,16,eu-west-1,29.86,29.86,0.04,921.1,4.1,91.8,0
2025-03-14,16,us-east-1,22.64,22.64,0.38,1000.0,1.72,91.7,0
2025-03-14,16,us-west-2,24.66,24.66,0.28,1000.0,1.79,91.8,0
2025-03-14,17,ap-southeast-1,56.77,56.77,0.99,1000.0,6.25,78.9,1
2025-03-14,17,eu-central-1,25.62,25.62,0.45,1000.0,1.89,90.5,0
2025-03-14,17,eu-west-1,27.71,27.71,0.8,1000.0,0.21,87.8,0
2025-03-14,17,us-east-1,22.65,22.65,0.59,1000.0,0.57,90.4,0
2025-03-14,17,us-west-2,23.76,23.76,0.0,1000.0,4.33,93.6,0
2025-03-14,18,ap-southeast-1,54.89,54.89,0.33,1000.0,0.38,83.4,1
2025-03-14,18,eu-central-1,33.59,33.59,0.15,961.2,0.83,90.2,0
2025-03-14,18,eu-west-1,28.78,28.78,0.57,1000.0,0.53,88.9,0
2025-03-14,18,us-east-1,20.66,20.66,0.07,1000.0,2.24,94.0,0
2025-03-14,18,us-west-2,25.21,25.21,0.47,1000.0,7.33,90.4,0
2025-03-14,19,ap-southeast-1,44.22,44.22,0.13,965.4,2.01,87.4,0
2025-03-14,19,eu-central-1,19.69,19.69,0.56,764.1,1.08,91.4,0
2025-03-14,19,eu-west-1,23.78,23.78,0.43,663.4,1.22,91.1,0
2025-03-14,19,us-east-1,15.58,15.58,0.2,662.4,0.51,94.6,0
2025-03-14,19,us-west-2,22.48,22.48,0.03,840.3,0.28,93.8,0
2025-03-14,20,ap-southeast-1,47.15,47.15,0.28,987.9,0.8,85.8,0
2025-03-14,20,eu-central-1,30.91,30.91,0.12,865.2,0.79,91.0,0
2025-03-14,20,eu-west-1,24.38,24.38,0.02,874.1,1.66,93.4,0
2025-03-14,20,us-east-1,18.2,18.2,0.02,956.0,1.01,95.0,0
2025-03-14,20,us-west-2,21.01,21.01,0.04,823.2,2.49,94.2,0
2025-03-14,21,ap-southeast-1,46.95,46.95,0.57,775.2,0.17,84.1,0
2025-03-14,21,eu-central-1,31.04,31.04,0.36,940.4,2.3,89.5,0
2025-03-14,21,eu-west-1,25.8,25.8,0.56,862.1,1.1,89.8,0
2025-03-14,21,us-east-1,16.17,16.17,0.26,840.7,4.83,94.1,0
2025-03-14,21,us-west-2,25.3,25.3,0.28,801.4,2.1,91.6,0
2025-03-14,22,ap-southeast-1,41.35,41.35,0.72,974.0,0.13,84.6,0
2025-03-14,22,eu-central-1,33.71,33.71,0.01,689.7,6.65,90.9,0
2025-03-14,22,eu-west-1,21.27,21.27,0.17,855.0,0.97,93.3,0
2025-03-14,22,us-east-1,20.63,20.63,0.09,828.3,0.58,93.9,0
2025-03-14,22,us-west-2,17.3,17.3,1.23,892.3,5.53,88.0,0
2025-03-14,23,ap-southeast-1,39.77,39.77,0.61,787.4,0.31,85.7,0
2025-03-14,23,eu-central-1,23.72,23.72,0.15,1000.0,4.86,92.8,0
2025-03-14,23,eu-west-1,21.19,21.19,0.13,974.5,8.3,93.6,0
2025-03-14,23,us-east-1,17.6,17.6,0.48,1000.0,0.18,92.4,0
2025-03-14,23,us-west-2,19.65,19.65,0.08,1000.0,3.48,94.3,0
2025-03-15,0,ap-southeast-1,38.27,38.27,0.24,831.1,0.19,88.3,0
2025-03-15,0,eu-central-1,28.67,28.67,0.13,887.0,1.54,91.6,0
2025-03-15,0,eu-west-1,19.79,19.79,0.24,890.1,2.57,93.3,0
2025-03-15,0,us-east-1,15.77,15.77,0.11,885.9,0.18,95.1,0
2025-03-15,0,us-west-2,24.56,24.56,0.31,702.8,8.4,91.6,0
2025-03-15,1,ap-southeast-1,38.7,38.7,0.12,828.7,3.57,89.0,0
2025-03-15,1,eu-central-1,30.37,30.37,0.51,906.0,4.38,88.8,0
2025-03-15,1,eu-west-1,19.0,19.0,0.03,1000.0,0.1,94.8,0
2025-03-15,1,us-east-1,17.13,17.13,0.18,759.8,7.07,94.3,0
2025-03-15,1,us-west-2,23.07,23.07,0.11,876.3,8.05,93.2,0
2025-03-15,2,ap-southeast-1,43.73,43.73,0.1,730.2,1.66,87.7,0
2025-03-15,2,eu-central-1,29.86,29.86,1.02,838.3,1.38,85.9,0
2025-03-15,2,eu-west-1,20.44,20.44,0.42,730.8,1.41,92.0,0
2025-03-15,2,us-east-1,19.11,19.11,0.0,798.8,1.77,94.9,0
2025-03-15,2,us-west-2,19.76,19.76,0.69,871.1,0.64,90.6,0
2025-03-15,3,ap-southeast-1,42.62,42.62,0.01,641.7,1.05,88.6,0
2025-03-15,3,eu-central-1,24.37,24.37,0.18,852.3,0.73,92.4,0
2025-03-15,3,eu-west-1,25.6,25.6,0.26,866.3,5.2,91.6,0
2025-03-15,3,us-east-1,16.48,16.48,0.02,987.8,1.32,95.5,0
2025-03-15,3,us-west-2,23.32,23.32,0.27,633.5,3.23,92.2,0
2025-03-15,4,ap-southeast-1,40.81,40.81,0.51,996.8,1.35,86.1,0
2025-03-15,4,eu-central-1,18.35,18.35,0.52,832.2,10.25,92.0,0
2025-03-15,4,eu-west-1,21.65,21.65,0.06,860.1,0.9,93.9,0
2025-03-15,4,us-east-1,15.78,15.78,0.15,863.6,4.16,94.9,0
2025-03-15,4,us-west-2,19.38,19.38,0.07,743.5,1.89,94.4,0
2025-03-15,5,ap-southeast-1,40.31,40.31,0.18,765.7,6.61,88.2,0
2025-03-15,5,eu-central-1,29.46,29.46,0.36,972.1,0.91,90.0,0
2025-03-15,5,eu-west-1,26.93,26.93,0.06,721.7,0.25,92.4,0
2025-03-15,5,us-east-1,18.66,18.66,0.2,677.4,4.52,93.8,0
2025-03-15,5,us-west-2,20.98,20.98,0.09,768.1,0.6,93.9,0
2025-03-15,6,ap-southeast-1,46.97,46.97,0.12,817.6,6.04,86.8,0
2025-03-15,6,eu-central-1,27.36,27.36,1.03,849.0,0.98,86.5,0
2025-03-15,6,eu-west-1,25.13,25.13,0.06,964.8,3.55,92.9,0
2025-03-15,6,us-east-1,18.66,18.66,0.28,960.3,1.01,93.4,0
2025-03-15,6,us-west-2,25.44,25.44,0.17,941.7,0.54,92.2,0
2025-03-15,7,ap-southeast-1,54.3,54.3,0.19,762.3,3.14,84.4,1
2025-03-15,7,eu-central-1,25.62,25.62,0.5,942.0,11.44,90.2,0
2025-03-15,7,eu-west-1,17.62,17.62,0.02,1000.0,2.33,95.2,0
2025-03-15,7,us-east-1,16.63,16.63,0.1,769.8,2.96,94.9,0
2025-03-15,7,us-west-2,25.08,25.08,0.04,962.7,0.21,93.1,0
2025-03-15,8,ap-southeast-1,51.67,51.67,0.56,1000.0,5.4,82.8,1
2025-03-15,8,eu-central-1,35.89,35.89,0.03,1000.0,0.36,90.3,0
2025-03-15,8,eu-west-1,31.57,31.57,0.29,1000.0,2.11,89.8,0
2025-03-15,8,us-east-1,19.24,19.24,0.39,1000.0,3.69,92.5,0
2025-03-15,8,us-west-2,26.39,26.39,0.03,812.4,3.97,92.8,0
2025-03-15,9,ap-southeast-1,51.16,51.16,0.04,1000.0,0.96,86.1,1
2025-03-15,9,eu-central-1,31.98,31.98,0.41,1000.0,3.57,89.0,0
2025-03-15,9,eu-west-1,32.25,32.25,0.6,1000.0,0.14,87.8,0
2025-03-15,9,us-east-1,21.42,21.42,0.65,1000.0,2.66,90.4,0
2025-03-15,9,us-west-2,21.31,21.31,0.38,1000.0,0.98,92.1,0
2025-03-15,10,ap-southeast-1,44.49,44.49,0.64,1000.0,1.2,84.3,0
2025-03-15,10,eu-central-1,25.83,25.83,0.25,979.6,6.86,91.6,0
2025-03-15,10,eu-west-1,24.46,24.46,0.01,1000.0,0.38,93.4,0
2025-03-15,10,us-east-1,16.2,16.2,0.5,1000.0,0.41,92.7,0
2025-03-15,10,us-west-2,23.87,23.87,0.17,1000.0,4.86,92.6,0
2025-03-15,11,ap-southeast-1,50.02,50.02,0.75,1000.0,2.38,82.1,1
2025-03-15,11,eu-central-1,22.87,22.87,0.0,1000.0,1.79,93.9,0
2025-03-15,11,eu-west-1,30.56,30.56,0.02,993.7,2.44,91.7,0
2025-03-15,11,us-east-1,16.33,16.33,0.01,1000.0,5.22,95.6,0
2025-03-15,11,us-west-2,25.67,25.67,0.43,1000.0,2.34,90.6,0
2025-03-15,12,ap-southeast-1,60.99,60.99,0.97,1000.0,2.44,77.9,1
2025-03-15,12,eu-central-1,26.75,26.75,0.1,974.9,0.1,92.3,0
2025-03-15,12,eu-west-1,25.06,25.06,0.28,821.0,0.58,91.6,0
2025-03-15,12,us-east-1,18.47,18.47,0.22,1000.0,1.94,93.8,0
2025-03-15,12,us-west-2,30.82,30.82,0.04,1000.0,2.8,91.6,0
2025-03-15,13,ap-southeast-1,59.8,59.8,0.17,1000.0,1.64,83.1,1
2025-03-15,13,eu-central-1,43.76,43.76,0.84,1000.0,1.18,83.3,0
2025-03-15,13,eu-west-1,29.17,29.17,0.56,994.9,1.75,88.8,0
2025-03-15,13,us-east-1,20.04,20.04,0.04,1000.0,0.83,94.4,0
2025-03-15,13,us-west-2,18.54,18.54,0.31,1000.0,0.86,93.2,0
2025-03-15,14,ap-southeast-1,59.26,59.26,0.08,1000.0,1.28,83.7,1
2025-03-15,14,eu-central-1,35.69,35.69,0.86,1000.0,0.3,85.3,0
2025-03-15,14,eu-west-1,23.3,23.3,0.13,887.9,1.97,93.0,0
2025-03-15,14,us-east-1,21.67,21.67,0.09,1000.0,1.38,93.7,0
2025-03-15,14,us-west-2,21.99,21.99,0.19,1000.0,1.53,93.0,0
2025-03-15,15,ap-southeast-1,59.01,59.01,0.15,1000.0,10.7,83.3,1
2025-03-15,15,eu-central-1,33.11,33.11,0.53,1000.0,1.35,88.0,0
2025-03-15,15,eu-west-1,21.02,21.02,0.14,1000.0,0.83,93.5,0
2025-03-15,15,us-east-1,25.28,25.28,1.42,973.0,0.1,84.7,0
2025-03-15,15,us-west-2,29.58,29.58,0.02,850.1,1.33,92.0,0
2025-03-15,16,ap-southeast-1,55.14,55.14,0.13,1000.0,4.3,84.5,1
2025-03-15,16,eu-central-1,31.32,31.32,1.32,1000.0,3.9,83.7,0
2025-03-15,16,eu-west-1,27.1,27.1,0.3,1000.0,7.41,91.0,0
2025-03-15,16,us-east-1,23.36,23.36,0.05,1000.0,0.34,93.5,0
2025-03-15,16,us-west-2,30.46,30.46,0.26,1000.0,0.67,90.3,0
2025-03-15,17,ap-southeast-1,230.46,230.46,0.06,1000.0,1.43,59.6,1
2025-03-15,17,eu-central-1,31.01,31.01,0.54,1000.0,1.44,88.5,0
2025-03-15,17,eu-west-1,28.22,28.22,0.11,1000.0,4.62,91.8,0
2025-03-15,17,us-east-1,20.2,20.2,0.23,1000.0,3.63,93.2,0
2025-03-15,17,us-west-2,25.04,25.04,0.03,1000.0,4.47,93.1,0
2025-03-15,18,ap-southeast-1,53.65,53.65,0.31,1000.0,3.25,83.8,1
2025-03-15,18,eu-central-1,37.84,37.84,0.0,1000.0,1.41,89.9,0
2025-03-15,18,eu-west-1,27.04,27.04,0.01,1000.0,3.2,92.7,0
2025-03-15,18,us-east-1,20.64,20.64,0.32,1000.0,0.1,92.6,0
2025-03-15,18,us-west-2,31.14,31.14,0.58,1000.0,2.43,88.2,0
2025-03-15,19,ap-southeast-1,42.19,42.19,0.19,872.4,0.79,87.6,0
2025-03-15,19,eu-central-1,25.94,25.94,0.1,751.8,2.03,92.5,0
2025-03-15,19,eu-west-1,20.56,20.56,0.4,715.4,0.2,92.1,0
2025-03-15,19,us-east-1,15.29,15.29,0.36,801.6,1.35,93.7,0
2025-03-15,19,us-west-2,19.58,19.58,1.7,795.5,0.1,84.6,0
2025-03-15,20,ap-southeast-1,45.56,45.56,0.6,735.5,0.26,84.2,0
2025-03-15,20,eu-central-1,30.42,30.42,0.01,870.3,2.18,91.8,0
2025-03-15,20,eu-west-1,23.5,23.5,0.3,758.0,0.28,92.0,0
2025-03-15,20,us-east-1,17.95,17.95,0.25,735.4,1.85,93.7,0
2025-03-15,20,us-west-2,17.02,17.02,0.24,872.4,4.29,94.0,0
2025-03-15,21,ap-southeast-1,46.46,46.46,0.01,926.9,1.09,87.6,0
2025-03-15,21,eu-central-1,26.54,26.54,0.03,756.9,4.85,92.7,0
2025-03-15,21,eu-west-1,26.01,26.01,0.26,858.2,1.7,91.5,0
2025-03-15,21,us-east-1,17.22,17.22,0.0,900.8,0.14,95.4,0
2025-03-15,21,us-west-2,24.61,24.61,0.04,694.4,0.28,93.2,0
2025-03-15,22,ap-southeast-1,49.27,49.27,0.31,821.6,1.29,85.0,0
2025-03-15,22,eu-central-1,36.15,36.15,0.07,900.5,0.92,89.9,0
2025-03-15,22,eu-west-1,24.83,24.83,0.41,973.5,0.44,90.9,0
2025-03-15,22,us-east-1,68.18,68.18,0.12,1000.0,9.04,81.1,1
2025-03-15,22,us-west-2,26.27,26.27,0.1,930.5,1.29,92.4,0
2025-03-15,23,ap-southeast-1,45.68,45.68,0.43,515.3,0.1,85.2,0
2025-03-15,23,eu-central-1,119.14,119.14,0.21,848.1,4.31,67.0,1
2025-03-15,23,eu-west-1,25.68,25.68,0.34,910.2,9.57,91.1,0
2025-03-15,23,us-east-1,15.77,15.77,0.22,721.9,0.64,94.5,0
2025-03-15,23,us-west-2,26.22,26.22,0.2,805.7,2.12,91.8,0
2025-03-16,0,ap-southeast-1,59.21,59.21,0.43,896.8,4.22,81.6,1
2025-03-16,0,eu-central-1,33.23,33.23,0.56,831.4,2.09,87.8,0
2025-03-16,0,eu-west-1,22.49,22.49,0.07,879.8,0.43,93.6,0
2025-03-16,0,us-east-1,91.28,91.28,0.03,852.9,0.91,75.5,1
2025-03-16,0,us-west-2,19.15,19.15,0.3,955.0,0.1,93.1,0
2025-03-16,1,ap-southeast-1,174.73,174.73,0.65,761.9,1.11,56.1,1
2025-03-16,1,eu-central-1,140.45,140.45,0.59,992.6,0.89,59.0,1
2025-03-16,1,eu-west-1,29.39,29.39,0.45,859.4,1.67,89.5,0
2025-03-16,1,us-east-1,22.14,22.14,0.13,1000.0,0.91,93.3,0
2025-03-16,1,us-west-2,22.66,22.66,0.06,775.6,2.65,93.6,0
2025-03-16,2,ap-southeast-1,50.09,50.09,0.39,795.0,2.17,84.3,1
2025-03-16,2,eu-central-1,126.11,126.11,0.29,771.5,0.87,64.6,1
2025-03-16,2,eu-west-1,20.59,20.59,0.04,898.0,1.13,94.3,0
2025-03-16,2,us-east-1,17.71,17.71,0.01,840.4,0.65,95.2,0
2025-03-16,2,us-west-2,24.77,24.77,0.0,769.1,2.69,93.4,0
2025-03-16,3,ap-southeast-1,44.72,44.72,0.79,850.7,0.19,83.3,0
2025-03-16,3,eu-central-1,26.69,26.69,0.79,920.4,1.12,88.1,0
2025-03-16,3,eu-west-1,26.83,26.83,0.04,874.2,2.55,92.6,0
2025-03-16,3,us-east-1,19.08,19.08,0.02,904.3,0.1,94.8,0
2025-03-16,3,us-west-2,22.99,22.99,0.13,736.5,2.64,93.1,0
2025-03-16,4,ap-southeast-1,45.01,45.01,0.12,663.6,0.48,87.3,0
2025-03-16,4,eu-central-1,28.46,28.46,0.21,757.7,2.44,91.2,0
2025-03-16,4,eu-west-1,29.43,29.43,0.34,726.4,0.35,90.1,0
2025-03-16,4,us-east-1,19.86,19.86,0.15,722.5,3.27,93.8,0
2025-03-16,4,us-west-2,26.77,26.77,0.2,776.3,0.45,91.7,0
2025-03-16,5,ap-southeast-1,39.52,39.52,0.21,866.7,5.51,88.2,0
2025-03-16,5,eu-central-1,34.87,34.87,0.66,863.5,0.66,86.7,0
2025-03-16,5,eu-west-1,26.8,26.8,0.59,855.5,1.41,89.3,0
2025-03-16,5,us-east-1,16.92,16.92,0.04,901.4,8.52,95.2,0
2025-03-16,5,us-west-2,20.66,20.66,0.06,753.8,0.74,94.1,0
2025-03-16,6,ap-southeast-1,51.88,51.88,0.0,812.0,2.35,86.1,1
2025-03-16,6,eu-central-1,23.62,23.62,0.18,706.5,6.32,92.6,0
2025-03-16,6,eu-west-1,24.24,24.24,0.99,721.2,0.8,87.6,0
2025-03-16,6,us-east-1,58.71,58.71,0.25,827.5,0.63,82.8,1
2025-03-16,6,us-west-2,21.77,21.77,0.2,902.2,0.71,93.0,0
2025-03-16,7,ap-southeast-1,49.41,49.41,0.0,744.7,7.5,86.8,0
2025-03-16,7,eu-central-1,28.85,28.85,0.1,770.5,2.14,91.7,0
2025-03-16,7,eu-west-1,23.02,23.02,0.3,859.7,5.47,92.1,0
2025-03-16,7,us-east-1,18.03,18.03,0.35,968.3,2.72,93.1,0
2025-03-16,7,us-west-2,22.78,22.78,0.12,975.7,8.05,93.2,0
2025-03-16,8,ap-southeast-1,58.22,58.22,0.09,1000.0,16.71,83.9,1
2025-03-16,8,eu-central-1,34.32,34.32,0.82,1000.0,6.31,85.9,0
2025-03-16,8,eu-west-1,33.22,33.22,0.07,1000.0,0.1,90.7,0
2025-03-16,8,us-east-1,21.0,21.0,0.53,1000.0,3.39,91.2,0
2025-03-16,8,us-west-2,28.46,28.46,0.2,1000.0,0.17,91.2,0
2025-03-16,9,ap-southeast-1,53.06,53.06,0.04,841.3,1.16,85.6,1
2025-03-16,9,eu-central-1,34.71,34.71,0.16,1000.0,0.12,89.8,0
2025-03-16,9,eu-west-1,22.61,22.61,0.14,1000.0,6.13,93.2,0
2025-03-16,9,us-east-1,18.3,18.3,0.07,1000.0,4.72,94.7,0
2025-03-16,9,us-west-2,24.56,24.56,0.14,1000.0,1.4,92.6,0
2025-03-16,10,ap-southeast-1,49.23,49.23,0.1,1000.0,0.89,86.3,0
2025-03-16,10,eu-central-1,30.02,30.02,0.23,1000.0,1.05,90.6,0
2025-03-16,10,eu-west-1,24.57,24.57,0.55,1000.0,4.47,90.1,0
2025-03-16,10,us-east-1,20.78,20.78,0.06,1000.0,1.37,94.1,0
2025-03-16,10,us-west-2,28.82,28.82,0.33,1000.0,5.12,90.4,0
2025-03-16,11,ap-southeast-1,51.23,51.23,0.06,1000.0,4.89,86.0,1
2025-03-16,11,eu-central-1,42.28,42.28,0.13,1000.0,0.1,87.9,0
2025-03-16,11,eu-west-1,27.04,27.04,0.28,885.9,0.88,91.1,0
2025-03-16,11,us-east-1,22.25,22.25,0.04,1000.0,0.9,93.9,0
2025-03-16,11,us-west-2,31.39,31.39,0.01,1000.0,3.67,91.5,0
2025-03-16,12,ap-southeast-1,55.11,55.11,0.01,1000.0,16.45,85.2,1
2025-03-16,12,eu-central-1,127.17,127.17,0.36,1000.0,0.79,63.9,1
2025-03-16,12,eu-west-1,34.09,34.09,0.32,1000.0,3.89,89.0,0
2025-03-16,12,us-east-1,25.21,25.21,0.33,1000.0,0.98,91.3,0
2025-03-16,12,us-west-2,23.33,23.33,0.06,1000.0,4.32,93.4,0
2025-03-16,13,ap-southeast-1,36.18,36.18,0.79,1000.0,2.48,85.6,0
2025-03-16,13,eu-central-1,39.25,39.25,1.75,1000.0,4.95,79.0,0
2025-03-16,13,eu-west-1,30.39,30.39,2.95,1000.0,0.1,74.2,0
2025-03-16,13,us-east-1,23.68,23.68,0.4,1000.0,3.12,91.3,0
2025-03-16,13,us-west-2,24.68,24.68,0.19,1000.0,8.97,92.3,0
2025-03-16,14,ap-southeast-1,58.53,58.53,0.0,1000.0,3.96,84.4,1
2025-03-16,14,eu-central-1,38.07,38.07,0.01,1000.0,0.1,89.8,0
2025-03-16,14,eu-west-1,24.58,24.58,0.4,1000.0,8.52,91.0,0
2025-03-16,14,us-east-1,27.39,27.39,0.01,1000.0,4.24,92.6,0
2025-03-16,14,us-west-2,28.97,28.97,0.14,1000.0,1.22,91.4,0
2025-03-16,15,ap-southeast-1,70.58,70.58,0.44,1000.0,3.81,78.5,1
2025-03-16,15,eu-central-1,41.38,41.38,0.76,1000.0,1.43,84.4,0
2025-03-16,15,eu-west-1,27.41,27.41,0.59,1000.0,1.87,89.1,0
2025-03-16,15,us-east-1,18.32,18.32,0.91,1000.0,0.5,89.7,0
2025-03-16,15,us-west-2,32.61,32.61,0.16,704.7,0.93,90.3,0
2025-03-16,16,ap-southeast-1,55.48,55.48,0.05,1000.0,1.1,84.9,1
2025-03-16,16,eu-central-1,24.53,24.53,0.0,1000.0,0.31,93.5,0
2025-03-16,16,eu-west-1,26.1,26.1,0.02,858.1,0.9,92.9,0
2025-03-16,16,us-east-1,23.41,23.41,0.06,1000.0,1.16,93.4,0
2025-03-16,16,us-west-2,27.71,27.71,0.54,772.3,0.1,89.4,0
2025-03-16,17,ap-southeast-1,49.57,49.57,0.8,1000.0,2.13,82.0,0
2025-03-16,17,eu-central-1,28.0,28.0,0.15,1000.0,1.35,91.6,0
2025-03-16,17,eu-west-1,25.69,25.69,0.45,1000.0,1.13,90.4,0
2025-03-16,17,us-east-1,21.27,21.27,0.26,1000.0,5.81,92.8,0
2025-03-16,17,us-west-2,22.32,22.32,0.72,1000.0,0.41,89.7,0
2025-03-16,18,ap-southeast-1,50.5,50.5,0.74,995.9,4.48,82.1,1
2025-03-16,18,eu-central-1,39.41,39.41,0.06,1000.0,4.56,89.1,0
2025-03-16,18,eu-west-1,32.97,32.97,0.63,889.6,0.17,87.4,0
2025-03-16,18,us-east-1,27.5,27.5,0.41,948.0,4.11,90.2,0
2025-03-16,18,us-west-2,26.05,26.05,0.09,1000.0,2.06,92.5,0
2025-03-16,19,ap-southeast-1,49.78,49.78,0.32,802.9,2.91,84.8,0
2025-03-16,19,eu-central-1,20.12,20.12,0.42,611.3,2.44,92.1,0
2025-03-16,19,eu-west-1,19.86,19.86,0.1,797.7,11.36,94.1,0
2025-03-16,19,us-east-1,15.82,15.82,0.61,986.8,10.48,92.1,0
2025-03-16,19,us-west-2,25.17,25.17,0.54,960.1,0.43,90.0,0
2025-03-16,20,ap-southeast-1,43.26,43.26,0.34,882.0,0.1,86.5,0
2025-03-16,20,eu-central-1,21.25,21.25,0.02,962.3,3.34,94.2,0
2025-03-16,20,eu-west-1,31.03,31.03,0.31,819.1,0.1,89.9,0
2025-03-16,20,us-east-1,15.73,15.73,0.38,1000.0,3.51,93.5,0
2025-03-16,20,us-west-2,19.32,19.32,0.18,777.0,3.33,93.7,0
2025-03-16,21,ap-southeast-1,50.86,50.86,0.0,980.2,1.03,86.4,1
2025-03-16,21,eu-central-1,25.95,25.95,0.24,981.4,1.07,91.6,0
2025-03-16,21,eu-west-1,28.11,28.11,0.11,841.6,2.66,91.8,0
2025-03-16,21,us-east-1,16.38,16.38,0.48,835.8,1.25,92.7,0
2025-03-16,21,us-west-2,18.44,18.44,0.1,1000.0,0.1,94.5,0
2025-03-16,22,ap-southeast-1,43.82,43.82,1.26,850.2,0.39,80.8,0
2025-03-16,22,eu-central-1,28.81,28.81,0.1,1000.0,7.22,91.7,0
2025-03-16,22,eu-west-1,29.09,29.09,0.95,932.7,1.46,86.5,0
2025-03-16,22,us-east-1,12.5,12.5,0.12,595.4,2.23,95.9,0
2025-03-16,22,us-west-2,20.86,20.86,1.27,833.6,0.75,86.8,0
2025-03-16,23,ap-southeast-1,56.57,56.57,0.63,769.2,0.66,81.1,1
2025-03-16,23,eu-central-1,34.69,34.69,0.04,900.7,3.09,90.5,0
2025-03-16,23,eu-west-1,23.26,23.26,0.01,768.0,7.44,93.7,0
2025-03-16,23,us-east-1,16.58,16.58,0.51,777.1,2.7,92.5,0
2025-03-16,23,us-west-2,24.18,24.18,0.52,903.9,2.97,90.4,0
2025-03-17,0,ap-southeast-1,56.38,56.38,0.68,1000.0,5.9,80.9,1
2025-03-17,0,eu-central-1,27.22,27.22,0.44,820.2,1.37,90.1,0
2025-03-17,0,eu-west-1,24.44,24.44,0.26,817.2,0.71,91.9,0
2025-03-17,0,us-east-1,15.95,15.95,0.02,1000.0,0.2,95.6,0
2025-03-17,0,us-west-2,17.48,17.48,1.55,796.3,0.74,86.1,0
2025-03-17,1,ap-southeast-1,42.77,42.77,0.32,677.8,0.1,86.7,0
2025-03-17,1,eu-central-1,25.45,25.45,0.07,950.2,1.39,92.8,0
2025-03-17,1,eu-west-1,19.63,19.63,0.06,848.3,1.9,94.4,0
2025-03-17,1,us-east-1,18.41,18.41,0.68,847.3,1.97,91.0,0
2025-03-17,1,us-west-2,19.71,19.71,0.06,742.3,3.26,94.4,0
2025-03-17,2,ap-southeast-1,44.45,44.45,0.13,769.9,0.62,87.4,0
2025-03-17,2,eu-central-1,29.31,29.31,0.08,952.0,6.27,91.7,0
2025-03-17,2,eu-west-1,23.03,23.03,0.37,868.0,1.65,91.6,0
2025-03-17,2,us-east-1,18.92,18.92,0.24,730.1,3.09,93.5,0
2025-03-17,2,us-west-2,22.9,22.9,0.05,641.1,13.72,93.6,0
2025-03-17,3,ap-southeast-1,44.85,44.85,0.67,957.1,0.93,84.0,0
2025-03-17,3,eu-central-1,29.97,29.97,0.1,1000.0,2.15,91.4,0
2025-03-17,3,eu-west-1,26.85,26.85,0.06,861.7,3.03,92.5,0
2025-03-17,3,us-east-1,23.07,23.07,0.51,789.4,0.46,90.8,0
2025-03-17,3,us-west-2,25.6,25.6,0.21,944.3,3.99,91.9,0
2025-03-17,4,ap-southeast-1,44.94,44.94,0.1,1000.0,2.4,87.4,0
2025-03-17,4,eu-central-1,29.85,29.85,0.26,844.6,3.06,90.4,0
2025-03-17,4,eu-west-1,29.86,29.86,0.39,902.3,0.18,89.7,0
2025-03-17,4,us-east-1,20.57,20.57,0.18,950.9,3.79,93.4,0
2025-03-17,4,us-west-2,22.96,22.96,0.3,897.5,1.05,92.0,0
2025-03-17,5,ap-southeast-1,38.6,38.6,0.25,907.7,1.91,88.2,0
2025-03-17,5,eu-central-1,27.25,27.25,0.32,830.1,1.35,90.8,0
2025-03-17,5,eu-west-1,20.85,20.85,0.2,951.3,0.54,93.2,0
2025-03-17,5,us-east-1,16.44,16.44,0.31,915.6,2.19,93.8,0
2025-03-17,5,us-west-2,23.24,23.24,0.06,861.2,5.77,93.5,0
2025-03-17,6,ap-southeast-1,37.66,37.66,0.03,880.0,0.62,89.8,0
2025-03-17,6,eu-central-1,19.79,19.79,0.0,764.1,0.63,94.7,0
2025-03-17,6,eu-west-1,23.63,23.63,0.74,897.1,0.6,89.3,0
2025-03-17,6,us-east-1,15.57,15.57,0.74,821.3,7.6,91.4,0
2025-03-17,6,us-west-2,25.32,25.32,0.59,713.4,0.13,89.7,0
2025-03-17,7,ap-southeast-1,53.44,53.44,0.76,815.1,0.45,81.2,1
2025-03-17,7,eu-central-1,24.15,24.15,0.08,914.5,3.21,93.1,0
2025-03-17,7,eu-west-1,24.43,24.43,0.07,904.4,3.35,93.1,0
2025-03-17,7,us-east-1,19.33,19.33,0.4,806.0,0.11,92.5,0
2025-03-17,7,us-west-2,27.27,27.27,0.23,1000.0,3.23,91.4,0
2025-03-17,8,ap-southeast-1,60.21,60.21,0.05,1000.0,0.68,83.6,1
2025-03-17,8,eu-central-1,39.06,39.06,0.19,863.5,2.34,88.5,0
2025-03-17,8,eu-west-1,22.73,22.73,0.05,858.2,0.52,93.6,0
2025-03-17,8,us-east-1,16.6,16.6,0.03,1000.0,0.77,95.4,0
2025-03-17,8,us-west-2,30.94,30.94,0.18,1000.0,0.1,90.7,0
2025-03-17,9,ap-southeast-1,60.08,60.08,0.08,1000.0,1.75,83.5,1
2025-03-17,9,eu-central-1,33.1,33.1,0.13,1000.0,1.74,90.4,0
2025-03-17,9,eu-west-1,31.3,31.3,0.47,1000.0,2.13,88.8,0
2025-03-17,9,us-east-1,26.39,26.39,0.02,961.1,2.3,92.8,0
2025-03-17,9,us-west-2,17.55,17.55,0.3,1000.0,0.48,93.5,0
2025-03-17,10,ap-southeast-1,51.21,51.21,0.27,987.3,0.79,84.7,1
2025-03-17,10,eu-central-1,30.64,30.64,0.71,1000.0,2.45,87.6,0
2025-03-17,10,eu-west-1,25.63,25.63,0.23,1000.0,0.61,91.8,0
2025-03-17,10,us-east-1,24.36,24.36,0.09,1000.0,0.88,92.9,0
2025-03-17,10,us-west-2,25.67,25.67,0.33,1000.0,10.97,91.2,0
2025-03-17,11,ap-southeast-1,66.44,66.44,0.48,1000.0,7.37,79.4,1
2025-03-17,11,eu-central-1,37.6,37.6,0.51,1000.0,0.58,86.9,0
2025-03-17,11,eu-west-1,27.91,27.91,0.8,1000.0,4.94,87.8,0
2025-03-17,11,us-east-1,19.24,19.24,0.06,1000.0,3.13,94.5,0
2025-03-17,11,us-west-2,28.76,28.76,0.01,935.1,1.12,92.2,0
2025-03-17,12,ap-southeast-1,51.58,51.58,0.32,969.7,1.56,84.3,1
2025-03-17,12,eu-central-1,26.74,26.74,0.32,1000.0,3.95,90.9,0
2025-03-17,12,eu-west-1,26.8,26.8,0.05,997.0,7.13,92.5,0
2025-03-17,12,us-east-1,15.38,15.38,0.68,1000.0,3.56,91.8,0
2025-03-17,12,us-west-2,118.51,118.51,3.02,1000.0,4.29,50.3,1
2025-03-17,13,ap-southeast-1,58.45,58.45,0.09,1000.0,0.15,83.9,1
2025-03-17,13,eu-central-1,31.11,31.11,0.14,1000.0,7.4,90.9,0
2025-03-17,13,eu-west-1,25.35,25.35,0.34,1000.0,1.83,91.2,0
2025-03-17,13,us-east-1,24.9,24.9,0.08,1000.0,0.27,92.9,0
2025-03-17,13,us-west-2,27.73,27.73,0.15,1000.0,1.18,91.7,0
2025-03-17,14,ap-southeast-1,40.97,40.97,0.0,1000.0,3.27,89.1,0
2025-03-17,14,eu-central-1,32.87,32.87,0.4,1000.0,5.54,88.8,0
2025-03-17,14,eu-west-1,131.35,131.35,0.09,1000.0,1.09,64.5,1
2025-03-17,14,us-east-1,20.34,20.34,1.23,1000.0,1.8,87.2,0
2025-03-17,14,us-west-2,22.04,22.04,0.02,1000.0,4.58,94.0,0
2025-03-17,15,ap-southeast-1,49.97,49.97,0.47,1000.0,1.0,83.9,0
2025-03-17,15,eu-central-1,30.07,30.07,0.61,1000.0,0.97,88.3,0
2025-03-17,15,eu-west-1,27.82,27.82,0.06,1000.0,0.67,92.2,0
2025-03-17,15,us-east-1,24.54,24.54,0.14,1000.0,1.78,92.6,0
2025-03-17,15,us-west-2,22.54,22.54,0.63,1000.0,8.41,90.2,0
2025-03-17,16,ap-southeast-1,50.54,50.54,1.39,1000.0,2.65,78.2,1
2025-03-17,16,eu-central-1,32.69,32.69,0.3,1000.0,1.3,89.5,0
2025-03-17,16,eu-west-1,27.15,27.15,0.38,1000.0,0.13,90.5,0
2025-03-17,16,us-east-1,15.75,15.75,0.07,1000.0,1.15,95.4,0
2025-03-17,16,us-west-2,22.65,22.65,1.64,1000.0,1.43,84.1,0
2025-03-17,17,ap-southeast-1,51.24,51.24,0.55,1000.0,0.82,83.0,1
2025-03-17,17,eu-central-1,31.29,31.29,0.51,967.8,4.13,88.6,0
2025-03-17,17,eu-west-1,25.61,25.61,0.3,1000.0,0.78,91.4,0
2025-03-17,17,us-east-1,18.84,18.84,0.52,1000.0,6.75,91.9,0
2025-03-17,17,us-west-2,26.47,26.47,0.56,1000.0,2.05,89.6,0
2025-03-17,18,ap-southeast-1,41.46,41.46,0.2,1000.0,2.11,87.7,0
2025-03-17,18,eu-central-1,25.44,25.44,0.46,1000.0,2.26,90.5,0
2025-03-17,18,eu-west-1,30.13,30.13,0.46,1000.0,2.65,89.2,0
2025-03-17,18,us-east-1,20.72,20.72,0.36,964.0,4.39,92.3,0
2025-03-17,18,us-west-2,23.48,23.48,0.63,838.0,2.48,90.0,0
2025-03-17,19,ap-southeast-1,49.75,49.75,0.7,1000.0,3.7,82.5,0
2025-03-17,19,eu-central-1,28.76,28.76,0.25,730.0,1.98,90.8,0
2025-03-17,19,eu-west-1,31.2,31.2,0.11,864.8,1.91,91.0,0
2025-03-17,19,us-east-1,18.13,18.13,0.21,888.9,2.99,93.9,0
2025-03-17,19,us-west-2,67.67,67.67,0.3,671.2,6.83,80.2,1
2025-03-17,20,ap-southeast-1,51.94,51.94,0.16,907.0,6.58,85.2,1
2025-03-17,20,eu-central-1,22.42,22.42,0.42,980.0,6.53,91.5,0
2025-03-17,20,eu-west-1,25.52,25.52,0.18,835.1,7.21,92.1,0
2025-03-17,20,us-east-1,16.78,16.78,0.24,708.5,3.13,94.1,0
2025-03-17,20,us-west-2,18.11,18.11,0.77,937.9,0.74,90.6,0
2025-03-17,21,ap-southeast-1,39.98,39.98,0.22,819.6,0.76,88.0,0
2025-03-17,21,eu-central-1,28.7,28.7,0.41,1000.0,1.92,89.9,0
2025-03-17,21,eu-west-1,28.74,28.74,0.16,824.6,1.26,91.4,0
2025-03-17,21,us-east-1,19.68,19.68,0.38,992.5,1.55,92.5,0
2025-03-17,21,us-west-2,20.53,20.53,0.01,766.5,2.36,94.5,0
2025-03-17,22,ap-southeast-1,37.26,37.26,0.2,793.2,1.02,88.9,0
2025-03-17,22,eu-central-1,140.45,140.45,0.07,744.5,1.81,62.1,1
2025-03-17,22,eu-west-1,19.79,19.79,1.24,939.6,2.96,87.3,0
2025-03-17,22,us-east-1,15.12,15.12,0.08,794.2,6.35,95.5,0
2025-03-17,22,us-west-2,17.5,17.5,0.44,724.2,0.98,92.7,0
2025-03-17,23,ap-southeast-1,39.81,39.81,0.18,628.8,1.56,88.3,0
2025-03-17,23,eu-central-1,26.82,26.82,0.45,827.7,0.11,90.1,0
2025-03-17,23,eu-west-1,25.59,25.59,0.1,889.1,1.68,92.6,0
2025-03-17,23,us-east-1,17.62,17.62,6.98,874.1,2.97,65.3,0
2025-03-17,23,us-west-2,18.0,18.0,0.33,894.7,0.61,93.2,0
2025-03-18,0,ap-southeast-1,48.34,48.34,0.45,738.7,6.55,84.4,0
2025-03-18,0,eu-central-1,23.08,23.08,0.49,852.0,0.18,90.9,0
2025-03-18,0,eu-west-1,20.88,20.88,0.1,1000.0,1.8,93.8,0
2025-03-18,0,us-east-1,18.32,18.32,1.1,884.0,3.26,88.5,0
2025-03-18,0,us-west-2,28.77,28.77,0.02,720.5,0.22,92.2,0
2025-03-18,1,ap-southeast-1,40.97,40.97,0.22,862.2,5.79,87.7,0
2025-03-18,1,eu-central-1,27.47,27.47,2.08,956.1,0.1,80.2,0
2025-03-18,1,eu-west-1,19.46,19.46,0.13,747.7,0.78,94.0,0
2025-03-18,1,us-east-1,91.28,91.28,0.32,818.9,4.95,73.8,1
2025-03-18,1,us-west-2,21.97,21.97,0.24,792.5,2.42,92.7,0
2025-03-18,2,ap-southeast-1,44.1,44.1,0.11,828.3,0.24,87.6,0
2025-03-18,2,eu-central-1,24.51,24.51,0.19,1000.0,6.11,92.3,0
2025-03-18,2,eu-west-1,22.23,22.23,0.25,912.2,1.52,92.6,0
2025-03-18,2,us-east-1,19.92,19.92,0.07,920.4,0.8,94.3,0
2025-03-18,2,us-west-2,20.73,20.73,0.22,952.3,5.34,93.2,0
2025-03-18,3,ap-southeast-1,37.75,37.75,0.09,924.8,0.35,89.4,0
2025-03-18,3,eu-central-1,30.5,30.5,0.06,647.7,1.31,91.5,0
2025-03-18,3,eu-west-1,29.47,29.47,0.09,786.5,1.59,91.6,0
2025-03-18,3,us-east-1,14.96,14.96,0.34,793.0,4.11,94.0,0
2025-03-18,3,us-west-2,110.01,110.01,0.35,668.3,1.08,68.5,1
2025-03-18,4,ap-southeast-1,58.36,58.36,0.01,826.6,1.71,84.4,1
2025-03-18,4,eu-central-1,27.38,27.38,0.03,811.8,1.58,92.5,0
2025-03-18,4,eu-west-1,28.56,28.56,0.74,745.7,3.07,87.9,0
2025-03-18,4,us-east-1,13.86,13.86,0.02,954.6,0.54,96.2,0
2025-03-18,4,us-west-2,25.78,25.78,0.02,685.8,2.01,93.0,0
2025-03-18,5,ap-southeast-1,45.49,45.49,0.26,762.9,0.28,86.3,0
2025-03-18,5,eu-central-1,35.18,35.18,0.41,818.1,4.67,88.2,0
2025-03-18,5,eu-west-1,25.91,25.91,0.09,848.7,7.06,92.5,0
2025-03-18,5,us-east-1,21.45,21.45,0.01,688.5,1.06,94.2,0
2025-03-18,5,us-west-2,29.39,29.39,0.49,656.7,2.57,89.2,0
2025-03-18,6,ap-southeast-1,52.76,52.76,0.08,891.0,1.06,85.5,1
2025-03-18,6,eu-central-1,32.88,32.88,0.65,681.9,2.35,87.3,0
2025-03-18,6,eu-west-1,19.25,19.25,0.68,866.5,1.0,90.8,0
2025-03-18,6,us-east-1,18.9,18.9,0.09,865.2,1.02,94.4,0
2025-03-18,6,us-west-2,27.63,27.63,0.04,746.7,1.34,92.4,0
2025-03-18,7,ap-southeast-1,48.33,48.33,0.05,1000.0,0.4,86.8,0
2025-03-18,7,eu-central-1,27.36,27.36,0.32,791.8,2.35,90.8,0
2025-03-18,7,eu-west-1,24.26,24.26,0.03,1000.0,0.11,93.3,0
2025-03-18,7,us-east-1,15.98,15.98,0.19,1000.0,9.6,94.6,0
2025-03-18,7,us-west-2,23.43,23.43,0.16,859.9,5.84,92.8,0
2025-03-18,8,ap-southeast-1,51.42,51.42,0.35,1000.0,2.53,84.2,1
2025-03-18,8,eu-central-1,35.66,35.66,0.05,1000.0,0.88,90.2,0
2025-03-18,8,eu-west-1,30.05,30.05,0.35,1000.0,1.71,89.9,0
2025-03-18,8,us-east-1,25.52,25.52,3.02,948.9,4.85,75.1,0
2025-03-18,8,us-west-2,19.48,19.48,0.7,1000.0,1.13,90.6,0
2025-03-18,9,ap-southeast-1,51.02,51.02,0.38,1000.0,7.46,84.1,1
2025-03-18,9,eu-central-1,30.3,30.3,0.9,1000.0,4.49,86.5,0
2025-03-18,9,eu-west-1,29.51,29.51,0.78,928.7,1.97,87.4,0
2025-03-18,9,us-east-1,89.76,89.76,0.43,999.3,3.02,73.5,1
2025-03-18,9,us-west-2,21.5,21.5,0.27,1000.0,0.33,92.6,0
2025-03-18,10,ap-southeast-1,46.12,46.12,0.46,1000.0,14.31,84.9,0
2025-03-18,10,eu-central-1,32.36,32.36,1.49,864.0,0.45,82.4,0
2025-03-18,10,eu-west-1,20.8,20.8,0.06,1000.0,0.46,94.1,0
2025-03-18,10,us-east-1,24.36,24.36,0.45,1000.0,3.25,90.8,0
2025-03-18,10,us-west-2,23.77,23.77,0.16,1000.0,0.39,92.7,0
2025-03-18,11,ap-southeast-1,48.25,48.25,0.23,1000.0,1.18,85.7,0
2025-03-18,11,eu-central-1,30.45,30.45,0.19,1000.0,0.14,90.8,0
2025-03-18,11,eu-west-1,24.91,24.91,1.14,781.4,3.57,86.5,0
2025-03-18,11,us-east-1,20.91,20.91,0.18,1000.0,2.06,93.3,0
2025-03-18,11,us-west-2,27.22,27.22,0.02,1000.0,5.54,92.6,0
2025-03-18,12,ap-southeast-1,43.93,43.93,0.74,1000.0,2.28,83.8,0
2025-03-18,12,eu-central-1,35.9,35.9,0.3,1000.0,0.53,88.6,0
2025-03-18,12,eu-west-1,28.47,28.47,0.2,1000.0,10.49,91.2,0
2025-03-18,12,us-east-1,27.1,27.1,0.14,1000.0,7.35,91.9,0
2025-03-18,12,us-west-2,25.66,25.66,0.37,1000.0,11.06,90.9,0
2025-03-18,13,ap-southeast-1,43.08,43.08,0.91,858.7,4.85,83.1,0
2025-03-18,13,eu-central-1,39.12,39.12,0.5,1000.0,0.78,86.6,0
2025-03-18,13,eu-west-1,31.06,31.06,0.96,1000.0,7.29,86.0,0
2025-03-18,13,us-east-1,26.15,26.15,0.15,1000.0,1.71,92.1,0
2025-03-18,13,us-west-2,19.71,19.71,1.42,897.4,0.85,86.2,0
2025-03-18,14,ap-southeast-1,230.46,230.46,0.54,1000.0,0.31,56.7,1
2025-03-18,14,eu-central-1,36.06,36.06,0.44,933.7,0.83,87.7,0
2025-03-18,14,eu-west-1,19.28,19.28,0.37,1000.0,0.55,92.6,0
2025-03-18,14,us-east-1,19.93,19.93,1.45,1000.0,1.2,86.0,0
2025-03-18,14,us-west-2,19.03,19.03,0.8,1000.0,0.39,90.1,0
2025-03-18,15,ap-southeast-1,53.92,53.92,0.33,1000.0,2.92,83.6,1
2025-03-18,15,eu-central-1,36.65,36.65,6.42,1000.0,2.78,60.2,0
2025-03-18,15,eu-west-1,28.05,28.05,0.12,1000.0,5.21,91.8,0
2025-03-18,15,us-east-1,23.72,23.72,0.01,1000.0,0.44,93.6,0
2025-03-18,15,us-west-2,118.51,118.51,0.42,1000.0,1.65,65.9,1
2025-03-18,16,ap-southeast-1,63.13,63.13,0.41,1000.0,1.31,80.7,1
2025-03-18,16,eu-central-1,36.66,36.66,0.04,1000.0,0.61,90.0,0
2025-03-18,16,eu-west-1,29.37,29.37,0.07,1000.0,3.05,91.8,0
2025-03-18,16,us-east-1,22.7,22.7,0.67,1000.0,3.86,90.0,0
2025-03-18,16,us-west-2,118.51,118.51,0.04,1000.0,3.09,68.2,1
2025-03-18,17,ap-southeast-1,45.59,45.59,1.34,797.4,0.58,79.8,0
2025-03-18,17,eu-central-1,34.86,34.86,0.29,810.4,2.82,89.0,0
2025-03-18,17,eu-west-1,32.41,32.41,0.12,1000.0,1.51,90.6,0
2025-03-18,17,us-east-1,24.95,24.95,0.28,1000.0,3.31,91.6,0
2025-03-18,17,us-west-2,24.5,24.5,0.09,1000.0,2.37,92.9,0
2025-03-18,18,ap-southeast-1,42.03,42.03,0.11,1000.0,1.29,88.2,0
2025-03-18,18,eu-central-1,26.7,26.7,0.39,938.0,0.24,90.5,0
2025-03-18,18,eu-west-1,31.74,31.74,0.03,985.5,1.94,91.3,0
2025-03-18,18,us-east-1,17.7,17.7,0.19,1000.0,1.21,94.1,0
2025-03-18,18,us-west-2,27.13,27.13,0.07,1000.0,7.55,92.4,0
2025-03-18,19,ap-southeast-1,38.4,38.4,0.07,899.7,0.2,89.4,0
2025-03-18,19,eu-central-1,35.14,35.14,0.66,945.4,0.4,86.7,0
2025-03-18,19,eu-west-1,27.18,27.18,0.05,714.6,4.74,92.5,0
2025-03-18,19,us-east-1,19.85,19.85,0.39,1000.0,0.1,92.4,0
2025-03-18,19,us-west-2,26.11,26.11,0.13,871.8,4.26,92.2,0
2025-03-18,20,ap-southeast-1,42.15,42.15,0.18,984.7,2.97,87.7,0
2025-03-18,20,eu-central-1,35.58,35.58,0.62,1000.0,1.78,86.8,0
2025-03-18,20,eu-west-1,22.0,22.0,0.03,887.2,1.64,93.9,0
2025-03-18,20,us-east-1,20.86,20.86,0.2,834.1,4.57,93.2,0
2025-03-18,20,us-west-2,23.02,23.02,0.08,838.0,5.08,93.4,0
2025-03-18,21,ap-southeast-1,45.25,45.25,0.02,1000.0,0.73,87.8,0
2025-03-18,21,eu-central-1,27.02,27.02,1.14,894.1,6.37,85.9,0
2025-03-18,21,eu-west-1,17.84,17.84,0.16,697.2,1.17,94.3,0
2025-03-18,21,us-east-1,13.25,13.25,0.62,733.1,0.1,92.7,0
2025-03-18,21,us-west-2,18.89,18.89,0.08,886.8,1.95,94.5,0
2025-03-18,22,ap-southeast-1,43.98,43.98,1.15,761.1,0.93,81.4,0
2025-03-18,22,eu-central-1,26.44,26.44,0.22,982.4,4.91,91.7,0
2025-03-18,22,eu-west-1,23.53,23.53,0.48,800.2,1.7,90.9,0
2025-03-18,22,us-east-1,14.81,14.81,0.69,982.8,3.04,91.9,0
2025-03-18,22,us-west-2,28.32,28.32,0.29,789.2,0.99,90.7,0
2025-03-18,23,ap-southeast-1,39.78,39.78,0.27,550.7,0.32,87.8,0
2025-03-18,23,eu-central-1,30.57,30.57,0.53,831.3,8.66,88.6,0
2025-03-18,23,eu-west-1,28.76,28.76,0.05,730.6,2.16,92.1,0
2025-03-18,23,us-east-1,12.5,12.5,0.16,835.6,8.79,95.7,0
2025-03-18,23,us-west-2,21.42,21.42,0.12,961.2,3.02,93.6,0
2025-03-19,0,ap-southeast-1,45.59,45.59,0.24,987.6,5.0,86.4,0
2025-03-19,0,eu-central-1,30.31,30.31,0.17,839.6,2.63,90.9,0
2025-03-19,0,eu-west-1,30.23,30.23,0.04,916.0,0.52,91.7,0
2025-03-19,0,us-east-1,17.27,17.27,0.1,589.3,1.44,94.8,0
2025-03-19,0,us-west-2,22.16,22.16,0.34,604.7,1.45,92.1,0
2025-03-19,1,ap-southeast-1,46.18,46.18,0.32,815.6,1.7,85.8,0
2025-03-19,1,eu-central-1,27.15,27.15,0.16,980.9,2.82,91.8,0
2025-03-19,1,eu-west-1,27.66,27.66,0.31,1000.0,5.78,90.8,0
2025-03-19,1,us-east-1,19.94,19.94,0.27,951.7,0.67,93.1,0
2025-03-19,1,us-west-2,19.84,19.84,0.89,926.9,0.85,89.4,0
2025-03-19,2,ap-southeast-1,49.74,49.74,0.21,714.0,2.12,85.5,0
2025-03-19,2,eu-central-1,22.75,22.75,0.09,1000.0,2.45,93.4,0
2025-03-19,2,eu-west-1,26.61,26.61,0.07,693.8,2.8,92.5,0
2025-03-19,2,us-east-1,22.06,22.06,0.73,785.8,3.05,89.7,0
2025-03-19,2,us-west-2,18.45,18.45,0.3,623.1,0.41,93.2,0
2025-03-19,3,ap-southeast-1,54.93,54.93,0.01,919.2,2.11,85.3,1
2025-03-19,3,eu-central-1,29.28,29.28,0.51,1000.0,2.44,89.1,0
2025-03-19,3,eu-west-1,26.42,26.42,0.03,627.6,2.51,92.8,0
2025-03-19,3,us-east-1,18.2,18.2,0.07,839.1,4.25,94.7,0
2025-03-19,3,us-west-2,18.72,18.72,0.42,759.6,1.88,92.5,0
2025-03-19,4,ap-southeast-1,42.54,42.54,0.28,1000.0,1.32,87.0,0
2025-03-19,4,eu-central-1,30.32,30.32,1.28,722.0,0.4,84.3,0
2025-03-19,4,eu-west-1,22.91,22.91,0.06,835.0,0.26,93.6,0
2025-03-19,4,us-east-1,22.4,22.4,0.29,889.8,1.98,92.3,0
2025-03-19,4,us-west-2,18.0,18.0,0.42,912.7,2.26,92.7,0
2025-03-19,5,ap-southeast-1,53.2,53.2,0.38,836.9,0.53,83.5,1
2025-03-19,5,eu-central-1,31.05,31.05,0.09,842.0,1.96,91.2,0
2025-03-19,5,eu-west-1,24.51,24.51,0.77,851.9,2.32,88.8,0
2025-03-19,5,us-east-1,14.27,14.27,0.3,872.9,8.53,94.4,0
2025-03-19,5,us-west-2,14.07,14.07,0.12,608.4,2.1,95.5,0
2025-03-19,6,ap-southeast-1,45.45,45.45,0.16,964.1,3.42,86.9,0
2025-03-19,6,eu-central-1,29.47,29.47,0.02,883.3,1.22,92.0,0
2025-03-19,6,eu-west-1,31.26,31.26,0.52,876.2,0.32,88.6,0
2025-03-19,6,us-east-1,13.4,13.4,0.4,935.1,0.13,94.1,0
2025-03-19,6,us-west-2,21.48,21.48,0.0,870.0,0.31,94.2,0
2025-03-19,7,ap-southeast-1,34.69,34.69,0.42,731.5,0.34,88.2,0
2025-03-19,7,eu-central-1,26.86,26.86,0.51,818.8,1.46,89.8,0
2025-03-19,7,eu-west-1,21.47,21.47,0.13,796.4,0.2,93.5,0
2025-03-19,7,us-east-1,17.85,17.85,0.04,797.7,1.76,95.0,0
2025-03-19,7,us-west-2,25.64,25.64,0.02,685.4,2.11,93.1,0
2025-03-19,8,ap-southeast-1,65.59,65.59,0.08,841.9,0.27,82.0,1
2025-03-19,8,eu-central-1,37.0,37.0,0.32,1000.0,1.85,88.2,0
2025-03-19,8,eu-west-1,35.71,35.71,0.35,1000.0,1.87,88.4,0
2025-03-19,8,us-east-1,21.89,21.89,0.42,1000.0,3.17,91.7,0
2025-03-19,8,us-west-2,21.56,21.56,0.11,953.8,0.46,93.6,0
2025-03-19,9,ap-southeast-1,69.39,69.39,0.08,1000.0,3.1,81.0,1
2025-03-19,9,eu-central-1,32.52,32.52,1.06,1000.0,0.34,85.0,0
2025-03-19,9,eu-west-1,27.36,27.36,0.25,1000.0,1.29,91.2,0
2025-03-19,9,us-east-1,20.6,20.6,0.79,1000.0,4.96,89.8,0
2025-03-19,9,us-west-2,35.01,35.01,0.39,946.6,2.72,88.3,0
2025-03-19,10,ap-southeast-1,56.56,56.56,0.06,1000.0,0.59,84.6,1
2025-03-19,10,eu-central-1,29.95,29.95,0.1,1000.0,1.11,91.4,0
2025-03-19,10,eu-west-1,34.47,34.47,0.37,1000.0,2.22,88.6,0
2025-03-19,10,us-east-1,14.28,14.28,0.06,1000.0,0.49,95.8,0
2025-03-19,10,us-west-2,30.56,30.56,0.78,895.4,1.4,87.2,0
2025-03-19,11,ap-southeast-1,52.45,52.45,0.15,1000.0,0.92,85.1,1
2025-03-19,11,eu-central-1,31.33,31.33,0.02,1000.0,0.16,91.5,0
2025-03-19,11,eu-west-1,22.68,22.68,1.33,800.0,0.23,85.9,0
2025-03-19,11,us-east-1,20.42,20.42,0.09,1000.0,4.02,94.0,0
2025-03-19,11,us-west-2,25.23,25.23,1.05,835.2,4.72,87.0,0
2025-03-19,12,ap-southeast-1,49.64,49.64,0.62,1000.0,1.61,83.0,0
2025-03-19,12,eu-central-1,23.77,23.77,0.22,1000.0,9.74,92.3,0
2025-03-19,12,eu-west-1,31.28,31.28,0.33,1000.0,1.41,89.7,0
2025-03-19,12,us-east-1,16.65,16.65,1.17,959.1,2.01,88.5,0
2025-03-19,12,us-west-2,21.08,21.08,0.01,1000.0,3.77,94.3,0
2025-03-19,13,ap-southeast-1,48.15,48.15,0.58,829.7,1.49,83.7,0
2025-03-19,13,eu-central-1,140.45,140.45,0.03,892.2,0.32,62.4,1
2025-03-19,13,eu-west-1,25.57,25.57,0.1,1000.0,0.48,92.6,0
2025-03-19,13,us-east-1,22.78,22.78,0.07,1000.0,1.26,93.5,0
2025-03-19,13,us-west-2,19.24,19.24,1.52,1000.0,3.22,85.7,0
2025-03-19,14,ap-southeast-1,61.15,61.15,0.16,913.1,3.08,82.7,1
2025-03-19,14,eu-central-1,35.53,35.53,0.1,1000.0,0.75,89.9,0
2025-03-19,14,eu-west-1,84.31,84.31,0.01,961.8,10.88,77.4,1
2025-03-19,14,us-east-1,21.84,21.84,0.64,1000.0,0.35,90.4,0
2025-03-19,14,us-west-2,24.87,24.87,0.39,912.0,3.02,91.0,0
2025-03-19,15,ap-southeast-1,51.62,51.62,0.29,1000.0,2.44,84.5,1
2025-03-19,15,eu-central-1,33.84,33.84,0.04,1000.0,5.55,90.7,0
2025-03-19,15,eu-west-1,29.69,29.69,0.2,1000.0,2.06,90.9,0
2025-03-19,15,us-east-1,17.78,17.78,0.22,1000.0,5.01,93.9,0
2025-03-19,15,us-west-2,25.56,25.56,0.61,1000.0,2.06,89.5,0
2025-03-19,16,ap-southeast-1,64.74,64.74,0.42,1000.0,2.58,80.2,1
2025-03-19,16,eu-central-1,39.54,39.54,0.34,1000.0,1.65,87.4,0
2025-03-19,16,eu-west-1,33.1,33.1,0.73,1000.0,2.91,86.8,0
2025-03-19,16,us-east-1,19.1,19.1,0.09,1000.0,0.43,94.3,0
2025-03-19,16,us-west-2,24.52,24.52,0.07,1000.0,0.16,93.1,0
2025-03-19,17,ap-southeast-1,52.02,52.02,0.09,1000.0,3.13,85.6,1
2025-03-19,17,eu-central-1,30.93,30.93,0.04,1000.0,0.36,91.5,0
2025-03-19,17,eu-west-1,25.11,25.11,0.28,1000.0,0.98,91.6,0
2025-03-19,17,us-east-1,17.41,17.41,3.16,1000.0,0.93,76.4,0
2025-03-19,17,us-west-2,29.36,29.36,0.02,1000.0,2.66,92.0,0
2025-03-19,18,ap-southeast-1,48.55,48.55,0.06,1000.0,0.87,86.7,0
2025-03-19,18,eu-central-1,34.55,34.55,1.01,1000.0,1.21,84.7,0
2025-03-19,18,eu-west-1,22.29,22.29,0.59,1000.0,0.25,90.5,0
2025-03-19,18,us-east-1,20.51,20.51,0.19,1000.0,0.86,93.4,0
2025-03-19,18,us-west-2,30.98,30.98,0.16,907.4,1.57,90.8,0
2025-03-19,19,ap-southeast-1,40.94,40.94,1.07,826.8,0.97,82.6,0
2025-03-19,19,eu-central-1,31.33,31.33,0.1,873.0,0.31,91.1,0
2025-03-19,19,eu-west-1,24.66,24.66,1.44,779.0,9.31,84.8,0
2025-03-19,19,us-east-1,20.58,20.58,0.22,808.1,5.13,93.2,0
2025-03-19,19,us-west-2,23.56,23.56,0.59,742.1,1.59,90.2,0
2025-03-19,20,ap-southeast-1,39.98,39.98,0.29,697.6,1.44,87.6,0
2025-03-19,20,eu-central-1,37.84,37.84,0.18,850.8,0.56,88.9,0
2025-03-19,20,eu-west-1,24.67,24.67,0.05,628.4,0.84,93.1,0
2025-03-19,20,us-east-1,15.34,15.34,0.13,847.7,2.79,95.1,0
2025-03-19,20,us-west-2,23.74,23.74,0.08,992.3,1.19,93.2,0
2025-03-19,21,ap-southeast-1,48.47,48.47,1.2,980.4,0.92,79.9,0
2025-03-19,21,eu-central-1,28.61,28.61,0.69,739.2,0.13,88.2,0
2025-03-19,21,eu-west-1,27.06,27.06,0.35,798.6,1.38,90.7,0
2025-03-19,21,us-east-1,19.36,19.36,0.27,813.6,3.98,93.2,0
2025-03-19,21,us-west-2,20.96,20.96,0.05,681.7,6.62,94.1,0
2025-03-19,22,ap-southeast-1,36.26,36.26,0.12,713.6,10.49,89.6,0
2025-03-19,22,eu-central-1,23.61,23.61,0.34,576.2,1.44,91.7,0
2025-03-19,22,eu-west-1,28.56,28.56,0.34,973.5,2.62,90.4,0
2025-03-19,22,us-east-1,16.57,16.57,0.05,946.0,0.72,95.3,0
2025-03-19,22,us-west-2,21.98,21.98,0.72,610.4,0.72,89.8,0
2025-03-19,23,ap-southeast-1,39.48,39.48,0.36,697.0,4.21,87.3,0
2025-03-19,23,eu-central-1,31.56,31.56,0.29,716.6,4.11,89.9,0
2025-03-19,23,eu-west-1,24.78,24.78,1.17,809.6,0.1,86.4,0
2025-03-19,23,us-east-1,15.86,15.86,0.15,656.0,2.45,94.9,0
2025-03-19,23,us-west-2,23.36,23.36,2.87,803.4,0.95,76.5,0
2025-03-20,0,ap-southeast-1,53.94,53.94,0.08,802.0,0.45,85.2,1
2025-03-20,0,eu-central-1,35.84,35.84,0.37,803.2,2.2,88.2,0
2025-03-20,0,eu-west-1,31.96,31.96,1.27,748.4,4.16,83.8,0
2025-03-20,0,us-east-1,17.71,17.71,1.05,723.6,2.12,89.0,0
2025-03-20,0,us-west-2,20.95,20.95,0.0,618.2,8.24,94.4,0
2025-03-20,1,ap-southeast-1,38.56,38.56,0.09,869.6,0.1,89.2,0
2025-03-20,1,eu-central-1,26.65,26.65,1.97,981.7,2.33,81.1,0
2025-03-20,1,eu-west-1,25.84,25.84,0.35,961.1,1.92,91.0,0
2025-03-20,1,us-east-1,15.2,15.2,0.09,721.9,4.47,95.4,0
2025-03-20,1,us-west-2,24.18,24.18,0.39,740.8,4.15,91.2,0
2025-03-20,2,ap-southeast-1,50.82,50.82,0.22,763.6,0.11,85.2,1
2025-03-20,2,eu-central-1,31.53,31.53,0.63,837.6,0.56,87.8,0
2025-03-20,2,eu-west-1,23.7,23.7,0.08,810.3,0.82,93.2,0
2025-03-20,2,us-east-1,16.51,16.51,0.32,964.0,5.91,93.7,0
2025-03-20,2,us-west-2,18.51,18.51,0.11,699.8,0.1,94.4,0
2025-03-20,3,ap-southeast-1,31.07,31.07,0.12,934.8,0.7,91.0,0
2025-03-20,3,eu-central-1,33.16,33.16,0.31,787.7,1.05,89.3,0
2025-03-20,3,eu-west-1,18.96,18.96,0.48,788.8,0.16,92.1,0
2025-03-20,3,us-east-1,14.77,14.77,0.12,1000.0,0.1,95.4,0
2025-03-20,3,us-west-2,19.58,19.58,0.14,700.8,5.91,93.9,0
2025-03-20,4,ap-southeast-1,54.79,54.79,0.06,816.0,0.3,85.1,1
2025-03-20,4,eu-central-1,32.27,32.27,0.66,743.1,4.66,87.4,0
2025-03-20,4,eu-west-1,24.02,24.02,0.03,867.9,0.44,93.4,0
2025-03-20,4,us-east-1,23.3,23.3,0.44,837.5,2.8,91.1,0
2025-03-20,4,us-west-2,18.55,18.55,0.19,858.3,0.64,93.9,0
2025-03-20,5,ap-southeast-1,36.43,36.43,0.09,976.3,1.91,89.7,0
2025-03-20,5,eu-central-1,28.53,28.53,0.23,928.8,0.23,91.0,0
2025-03-20,5,eu-west-1,23.74,23.74,0.46,942.5,5.64,90.9,0
2025-03-20,5,us-east-1,18.1,18.1,0.04,829.7,0.13,94.9,0
2025-03-20,5,us-west-2,19.79,19.79,0.17,880.8,3.06,93.7,0
2025-03-20,6,ap-southeast-1,39.08,39.08,0.01,910.6,4.88,89.5,0
2025-03-20,6,eu-central-1,25.07,25.07,0.1,1000.0,4.88,92.7,0
2025-03-20,6,eu-west-1,28.6,28.6,0.72,1000.0,2.9,88.0,0
2025-03-20,6,us-east-1,16.11,16.11,1.05,858.4,1.99,89.4,0
2025-03-20,6,us-west-2,21.05,21.05,0.22,753.3,2.01,93.1,0
2025-03-20,7,ap-southeast-1,49.59,49.59,0.37,1000.0,3.34,84.6,0
2025-03-20,7,eu-central-1,27.66,27.66,0.64,977.6,1.65,88.8,0
2025-03-20,7,eu-west-1,26.73,26.73,0.14,949.3,0.72,92.0,0
2025-03-20,7,us-east-1,18.58,18.58,0.18,989.4,0.85,94.0,0
2025-03-20,7,us-west-2,25.4,25.4,0.26,838.7,1.92,91.7,0
2025-03-20,8,ap-southeast-1,53.85,53.85,0.22,1000.0,0.61,84.3,1
2025-03-20,8,eu-central-1,34.42,34.42,0.26,1000.0,4.54,89.3,0
2025-03-20,8,eu-west-1,23.66,23.66,0.33,1000.0,0.17,91.7,0
2025-03-20,8,us-east-1,20.35,20.35,0.09,960.3,0.92,94.0,0
2025-03-20,8,us-west-2,94.39,94.39,0.21,971.5,3.16,73.6,1
2025-03-20,9,ap-southeast-1,58.7,58.7,0.03,1000.0,1.27,84.1,1
2025-03-20,9,eu-central-1,36.59,36.59,0.78,874.8,0.96,85.6,0
2025-03-20,9,eu-west-1,29.49,29.49,0.19,1000.0,2.93,91.0,0
2025-03-20,9,us-east-1,20.01,20.01,0.02,1000.0,1.09,94.5,0
2025-03-20,9,us-west-2,20.43,20.43,0.4,1000.0,0.58,92.2,0
2025-03-20,10,ap-southeast-1,41.83,41.83,0.06,826.3,1.77,88.5,0
2025-03-20,10,eu-central-1,33.81,33.81,0.01,1000.0,1.03,90.9,0
2025-03-20,10,eu-west-1,31.65,31.65,0.19,945.0,2.12,90.4,0
2025-03-20,10,us-east-1,22.61,22.61,0.06,1000.0,2.43,93.6,0
2025-03-20,10,us-west-2,19.98,19.98,0.42,874.5,0.43,92.2,0
2025-03-20,11,ap-southeast-1,49.52,49.52,0.04,1000.0,4.15,86.6,0
2025-03-20,11,eu-central-1,30.37,30.37,0.17,1000.0,3.48,90.9,0
2025-03-20,11,eu-west-1,131.35,131.35,0.12,1000.0,1.3,64.2,1
2025-03-20,11,us-east-1,23.05,23.05,0.24,1000.0,1.02,92.4,0
2025-03-20,11,us-west-2,23.72,23.72,0.19,1000.0,2.64,92.5,0
2025-03-20,12,ap-southeast-1,46.96,46.96,0.31,1000.0,4.57,85.6,0
2025-03-20,12,eu-central-1,34.88,34.88,0.97,1000.0,3.84,84.9,0
2025-03-20,12,eu-west-1,32.58,32.58,0.47,1000.0,1.13,88.5,0
2025-03-20,12,us-east-1,19.05,19.05,0.14,1000.0,3.3,94.1,0
2025-03-20,12,us-west-2,28.47,28.47,0.05,1000.0,0.86,92.1,0
2025-03-20,13,ap-southeast-1,43.13,43.13,0.03,1000.0,6.01,88.3,0
2025-03-20,13,eu-central-1,36.35,36.35,0.1,865.1,0.65,89.7,0
2025-03-20,13,eu-west-1,32.03,32.03,0.91,936.8,0.61,86.0,0
2025-03-20,13,us-east-1,18.91,18.91,0.58,1000.0,1.3,91.5,0
2025-03-20,13,us-west-2,30.62,30.62,0.34,1000.0,9.12,89.8,0
2025-03-20,14,ap-southeast-1,56.38,56.38,0.46,1000.0,1.78,82.2,1
2025-03-20,14,eu-central-1,34.03,34.03,0.94,1000.0,9.02,85.3,0
2025-03-20,14,eu-west-1,29.01,29.01,0.93,1000.0,2.77,86.7,0
2025-03-20,14,us-east-1,19.85,19.85,0.19,683.3,0.18,93.6,0
2025-03-20,14,us-west-2,19.26,19.26,0.49,831.3,1.5,91.9,0
2025-03-20,15,ap-southeast-1,59.07,59.07,0.01,1000.0,2.96,84.2,1
2025-03-20,15,eu-central-1,28.16,28.16,1.01,1000.0,0.22,86.4,0
2025-03-20,15,eu-west-1,30.42,30.42,0.06,1000.0,8.82,91.5,0
2025-03-20,15,us-east-1,13.55,13.55,0.09,1000.0,3.83,95.8,0
2025-03-20,15,us-west-2,26.71,26.71,0.34,1000.0,0.3,90.9,0
2025-03-20,16,ap-southeast-1,49.14,49.14,0.1,1000.0,0.3,86.3,0
2025-03-20,16,eu-central-1,31.32,31.32,0.71,986.1,0.18,87.4,0
2025-03-20,16,eu-west-1,34.14,34.14,0.69,1000.0,0.48,86.8,0
2025-03-20,16,us-east-1,16.0,16.0,0.32,1000.0,0.84,93.8,0
2025-03-20,16,us-west-2,23.77,23.77,0.29,1000.0,2.89,91.9,0
2025-03-20,17,ap-southeast-1,63.57,63.57,0.73,1000.0,2.08,78.7,1
2025-03-20,17,eu-central-1,36.78,36.78,0.27,744.8,2.26,88.5,0
2025-03-20,17,eu-west-1,23.0,23.0,0.44,1000.0,2.27,91.2,0
2025-03-20,17,us-east-1,24.94,24.94,0.4,819.4,1.42,90.9,0
2025-03-20,17,us-west-2,24.07,24.07,0.09,1000.0,0.91,93.1,0
2025-03-20,18,ap-southeast-1,204.69,204.69,0.42,1000.0,0.71,57.5,1
2025-03-20,18,eu-central-1,25.52,25.52,0.34,1000.0,3.21,91.1,0
2025-03-20,18,eu-west-1,27.24,27.24,0.1,1000.0,1.38,92.2,0
2025-03-20,18,us-east-1,25.81,25.81,0.06,1000.0,2.89,92.8,0
2025-03-20,18,us-west-2,21.26,21.26,0.34,1000.0,0.4,92.3,0
2025-03-20,19,ap-southeast-1,55.11,55.11,0.02,701.3,1.41,85.2,1
2025-03-20,19,eu-central-1,19.21,19.21,0.61,755.5,8.1,91.2,0
2025-03-20,19,eu-west-1,22.1,22.1,0.02,789.2,1.48,94.0,0
2025-03-20,19,us-east-1,17.33,17.33,0.06,1000.0,1.01,95.0,0
2025-03-20,19,us-west-2,21.27,21.27,0.12,736.8,1.37,93.6,0
2025-03-20,20,ap-southeast-1,230.46,230.46,0.52,993.5,2.51,56.9,1
2025-03-20,20,eu-central-1,34.33,34.33,0.45,755.9,1.3,88.2,0
2025-03-20,20,eu-west-1,26.42,26.42,0.09,788.3,0.73,92.4,0
2025-03-20,20,us-east-1,19.56,19.56,0.01,833.5,0.15,94.7,0
2025-03-20,20,us-west-2,18.34,18.34,0.76,928.9,8.33,90.6,0
2025-03-20,21,ap-southeast-1,36.74,36.74,0.2,950.6,0.74,89.0,0
2025-03-20,21,eu-central-1,30.15,30.15,0.3,807.4,0.1,90.2,0
2025-03-20,21,eu-west-1,29.61,29.61,0.73,706.1,4.36,87.7,0
2025-03-20,21,us-east-1,18.84,18.84,0.4,964.3,1.17,92.6,0
2025-03-20,21,us-west-2,21.12,21.12,0.32,770.1,1.33,92.5,0
2025-03-20,22,ap-southeast-1,58.38,58.38,0.56,934.8,0.13,81.1,1
2025-03-20,22,eu-central-1,30.55,30.55,1.21,834.0,2.31,84.6,0
2025-03-20,22,eu-west-1,22.76,22.76,0.3,1000.0,1.66,92.1,0
2025-03-20,22,us-east-1,26.31,26.31,0.33,1000.0,7.23,91.0,0
2025-03-20,22,us-west-2,25.79,25.79,0.1,839.4,1.07,92.5,0
2025-03-20,23,ap-southeast-1,42.0,42.0,0.28,840.0,0.1,87.1,0
2025-03-20,23,eu-central-1,23.48,23.48,0.35,848.9,0.86,91.7,0
2025-03-20,23,eu-west-1,17.21,17.21,0.38,851.6,1.96,93.1,0
2025-03-20,23,us-east-1,21.02,21.02,0.19,1000.0,2.57,93.2,0
2025-03-20,23,us-west-2,24.08,24.08,0.19,709.0,1.47,92.4,0
2025-03-21,0,ap-southeast-1,53.13,53.13,0.34,814.0,0.1,83.8,1
2025-03-21,0,eu-central-1,31.1,31.1,1.11,743.9,1.42,85.0,0
2025-03-21,0,eu-west-1,23.45,23.45,0.09,823.0,0.91,93.2,0
2025-03-21,0,us-east-1,17.65,17.65,0.56,1000.0,2.78,91.9,0
2025-03-21,0,us-west-2,28.32,28.32,0.56,768.6,0.1,89.1,0
2025-03-21,1,ap-southeast-1,45.98,45.98,1.51,1000.0,0.1,78.7,0
2025-03-21,1,eu-central-1,29.16,29.16,0.02,823.6,1.68,92.1,0
2025-03-21,1,eu-west-1,28.43,28.43,0.38,738.5,0.5,90.1,0
2025-03-21,1,us-east-1,15.42,15.42,0.49,939.1,2.5,92.9,0
2025-03-21,1,us-west-2,23.74,23.74,0.12,957.6,0.36,92.9,0
2025-03-21,2,ap-southeast-1,47.53,47.53,0.08,1000.0,0.29,86.9,0
2025-03-21,2,eu-central-1,21.35,21.35,0.04,639.1,0.17,94.0,0
2025-03-21,2,eu-west-1,27.02,27.02,0.01,1000.0,0.22,92.7,0
2025-03-21,2,us-east-1,13.66,13.66,0.26,859.1,0.55,94.8,0
2025-03-21,2,us-west-2,22.58,22.58,0.22,902.6,4.74,92.6,0
2025-03-21,3,ap-southeast-1,51.08,51.08,0.29,926.8,0.68,84.6,1
2025-03-21,3,eu-central-1,33.98,33.98,0.18,887.3,1.66,89.9,0
2025-03-21,3,eu-west-1,26.61,26.61,0.14,721.2,3.13,92.1,0
2025-03-21,3,us-east-1,18.55,18.55,0.61,657.8,1.35,91.4,0
2025-03-21,3,us-west-2,23.82,23.82,0.34,972.9,9.55,91.6,0
2025-03-21,4,ap-southeast-1,50.71,50.71,0.18,966.4,0.63,85.4,1
2025-03-21,4,eu-central-1,28.67,28.67,0.15,507.2,1.39,91.5,0
2025-03-21,4,eu-west-1,23.95,23.95,0.3,798.5,0.55,91.8,0
2025-03-21,4,us-east-1,15.96,15.96,0.07,820.5,3.48,95.3,0
2025-03-21,4,us-west-2,19.44,19.44,0.42,682.3,0.43,92.3,0
2025-03-21,5,ap-southeast-1,42.69,42.69,0.01,878.3,10.82,88.5,0
2025-03-21,5,eu-central-1,95.47,95.47,0.46,815.3,3.12,71.8,1
2025-03-21,5,eu-west-1,20.2,20.2,0.05,899.9,2.93,94.3,0
2025-03-21,5,us-east-1,14.16,14.16,0.04,748.8,0.27,96.0,0
2025-03-21,5,us-west-2,15.12,15.12,0.06,625.5,1.92,95.6,0
2025-03-21,6,ap-southeast-1,48.59,48.59,0.0,685.6,0.91,87.0,0
2025-03-21,6,eu-central-1,26.41,26.41,0.05,960.3,2.59,92.6,0
2025-03-21,6,eu-west-1,26.93,26.93,0.52,922.0,1.24,89.7,0
2025-03-21,6,us-east-1,16.25,16.25,0.09,1000.0,0.81,95.1,0
2025-03-21,6,us-west-2,24.63,24.63,0.25,982.2,8.48,91.9,0
2025-03-21,7,ap-southeast-1,48.08,48.08,0.04,732.4,0.34,87.0,0
2025-03-21,7,eu-central-1,19.54,19.54,1.12,722.9,0.51,88.1,0
2025-03-21,7,eu-west-1,21.87,21.87,0.08,965.0,1.34,93.7,0
2025-03-21,7,us-east-1,15.08,15.08,0.02,828.9,0.81,95.9,0
2025-03-21,7,us-west-2,16.08,16.08,0.73,973.3,0.43,91.3,0
2025-03-21,8,ap-southeast-1,53.41,53.41,0.35,1000.0,1.97,83.7,1
2025-03-21,8,eu-central-1,35.07,35.07,0.12,1000.0,0.58,89.9,0
2025-03-21,8,eu-west-1,38.17,38.17,0.35,1000.0,1.58,87.7,0
2025-03-21,8,us-east-1,25.94,25.94,0.25,1000.0,1.41,91.6,0
2025-03-21,8,us-west-2,29.56,29.56,1.14,1000.0,0.52,85.3,0
2025-03-21,9,ap-southeast-1,50.17,50.17,0.28,1000.0,4.88,85.0,1
2025-03-21,9,eu-central-1,33.46,33.46,0.18,1000.0,0.72,90.0,0
2025-03-21,9,eu-west-1,31.21,31.21,0.17,1000.0,1.15,90.7,0
2025-03-21,9,us-east-1,23.44,23.44,0.91,1000.0,9.83,88.3,0
2025-03-21,9,us-west-2,28.15,28.15,0.35,1000.0,6.54,90.4,0
2025-03-21,10,ap-southeast-1,53.39,53.39,0.27,1000.0,2.83,84.2,1
2025-03-21,10,eu-central-1,31.26,31.26,0.11,589.0,0.49,91.0,0
2025-03-21,10,eu-west-1,26.25,26.25,0.3,940.3,0.27,91.2,0
2025-03-21,10,us-east-1,20.68,20.68,0.01,1000.0,0.17,94.4,0
2025-03-21,10,us-west-2,22.08,22.08,1.36,1000.0,3.06,86.0,0
2025-03-21,11,ap-southeast-1,67.02,67.02,0.01,1000.0,0.88,82.1,1
2025-03-21,11,eu-central-1,38.38,38.38,0.29,1000.0,2.68,88.0,0
2025-03-21,11,eu-west-1,26.11,26.11,0.04,1000.0,0.93,92.8,0
2025-03-21,11,us-east-1,25.3,25.3,0.04,1000.0,1.83,93.0,0
2025-03-21,11,us-west-2,23.65,23.65,0.28,1000.0,0.41,92.0,0
2025-03-21,12,ap-southeast-1,49.46,49.46,0.21,1000.0,2.06,85.6,0
2025-03-21,12,eu-central-1,25.52,25.52,0.02,656.4,12.98,93.1,0
2025-03-21,12,eu-west-1,28.35,28.35,0.01,1000.0,2.72,92.4,0
2025-03-21,12,us-east-1,20.94,20.94,0.2,1000.0,0.49,93.2,0
2025-03-21,12,us-west-2,25.26,25.26,0.19,1000.0,1.25,92.1,0
2025-03-21,13,ap-southeast-1,61.12,61.12,0.85,1000.0,3.14,78.6,1
2025-03-21,13,eu-central-1,29.32,29.32,0.05,1000.0,2.64,91.9,0
2025-03-21,13,eu-west-1,27.72,27.72,0.79,1000.0,2.74,87.9,0
2025-03-21,13,us-east-1,18.03,18.03,0.9,1000.0,8.82,89.8,0
2025-03-21,13,us-west-2,21.8,21.8,0.26,1000.0,0.14,92.6,0
2025-03-21,14,ap-southeast-1,46.94,46.94,0.17,1000.0,3.26,86.5,0
2025-03-21,14,eu-central-1,28.09,28.09,0.45,1000.0,2.33,89.8,0
2025-03-21,14,eu-west-1,33.57,33.57,0.1,886.9,0.84,90.4,0
2025-03-21,14,us-east-1,25.43,25.43,0.12,989.2,0.3,92.5,0
2025-03-21,14,us-west-2,27.35,27.35,0.04,1000.0,1.42,92.5,0
2025-03-21,15,ap-southeast-1,44.91,44.91,0.32,1000.0,2.75,86.1,0
2025-03-21,15,eu-central-1,30.85,30.85,0.07,717.7,1.32,91.4,0
2025-03-21,15,eu-west-1,29.55,29.55,0.56,1000.0,1.54,88.7,0
2025-03-21,15,us-east-1,22.37,22.37,0.23,899.1,1.29,92.6,0
2025-03-21,15,us-west-2,27.69,27.69,0.17,1000.0,3.76,91.6,0
2025-03-21,16,ap-southeast-1,77.18,77.18,0.5,940.1,5.12,76.4,1
2025-03-21,16,eu-central-1,32.53,32.53,0.09,1000.0,0.94,90.8,0
2025-03-21,16,eu-west-1,25.59,25.59,2.42,1000.0,0.54,78.6,0
2025-03-21,16,us-east-1,17.48,17.48,0.07,1000.0,3.35,94.9,0
2025-03-21,16,us-west-2,19.82,19.82,0.2,1000.0,2.02,93.5,0
2025-03-21,17,ap-southeast-1,55.94,55.94,0.51,1000.0,5.1,82.0,1
2025-03-21,17,eu-central-1,34.28,34.28,0.52,1000.0,6.05,87.7,0
2025-03-21,17,eu-west-1,36.9,36.9,0.08,1000.0,0.59,89.7,0
2025-03-21,17,us-east-1,20.11,20.11,0.05,1000.0,3.05,94.3,0
2025-03-21,17,us-west-2,22.18,22.18,0.62,1000.0,2.61,90.3,0
2025-03-21,18,ap-southeast-1,56.16,56.16,0.24,1000.0,2.16,83.6,1
2025-03-21,18,eu-central-1,30.52,30.52,0.03,972.6,8.68,91.7,0
2025-03-21,18,eu-west-1,28.96,28.96,0.1,1000.0,0.1,91.7,0
2025-03-21,18,us-east-1,17.98,17.98,1.42,1000.0,1.37,86.7,0
2025-03-21,18,us-west-2,25.16,25.16,1.83,972.8,0.99,82.3,0
2025-03-21,19,ap-southeast-1,49.02,49.02,0.58,1000.0,1.4,83.4,0
2025-03-21,19,eu-central-1,24.32,24.32,0.17,1000.0,1.72,92.5,0
2025-03-21,19,eu-west-1,27.88,27.88,0.33,748.9,5.68,90.6,0
2025-03-21,19,us-east-1,14.27,14.27,1.01,766.9,1.06,90.2,0
2025-03-21,19,us-west-2,25.76,25.76,0.28,798.3,0.44,91.5,0
2025-03-21,20,ap-southeast-1,54.5,54.5,0.15,881.7,2.57,84.6,1
2025-03-21,20,eu-central-1,35.08,35.08,0.01,634.5,0.86,90.6,0
2025-03-21,20,eu-west-1,22.72,22.72,1.01,940.1,0.59,87.9,0
2025-03-21,20,us-east-1,20.5,20.5,0.0,681.2,1.27,94.5,0
2025-03-21,20,us-west-2,24.15,24.15,0.13,639.2,0.1,92.8,0
2025-03-21,21,ap-southeast-1,47.75,47.75,0.66,724.3,4.26,83.3,0
2025-03-21,21,eu-central-1,38.13,38.13,0.13,702.5,3.68,89.1,0
2025-03-21,21,eu-west-1,26.36,26.36,0.74,928.5,0.65,88.5,0
2025-03-21,21,us-east-1,23.16,23.16,0.91,840.0,0.77,88.4,0
2025-03-21,21,us-west-2,14.31,14.31,0.06,902.2,4.31,95.8,0
2025-03-21,22,ap-southeast-1,50.51,50.51,0.08,810.6,0.1,86.0,1
2025-03-21,22,eu-central-1,28.6,28.6,0.36,574.1,0.36,90.2,0
2025-03-21,22,eu-west-1,26.17,26.17,0.21,966.6,0.82,91.8,0
2025-03-21,22,us-east-1,14.22,14.22,0.31,669.4,0.57,94.4,0
2025-03-21,22,us-west-2,21.04,21.04,0.13,786.4,2.53,93.6,0
2025-03-21,23,ap-southeast-1,37.85,37.85,0.1,833.7,12.07,89.3,0
2025-03-21,23,eu-central-1,24.82,24.82,0.03,1000.0,3.63,93.2,0
2025-03-21,23,eu-west-1,17.91,17.91,0.48,848.4,0.34,92.4,0
2025-03-21,23,us-east-1,19.52,19.52,0.61,941.2,1.65,91.2,0
2025-03-21,23,us-west-2,23.56,23.56,0.34,682.0,0.65,91.7,0
2025-03-22,0,ap-southeast-1,51.64,51.64,0.02,867.8,0.5,86.1,1
2025-03-22,0,eu-central-1,140.45,140.45,0.66,889.9,4.27,58.6,1
2025-03-22,0,eu-west-1,32.56,32.56,0.04,778.0,2.55,91.1,0
2025-03-22,0,us-east-1,16.24,16.24,0.18,859.9,0.78,94.6,0
2025-03-22,0,us-west-2,19.36,19.36,0.09,842.4,1.36,94.3,0
2025-03-22,1,ap-southeast-1,43.4,43.4,0.48,906.5,1.59,85.6,0
2025-03-22,1,eu-central-1,21.92,21.92,0.72,929.1,0.33,89.8,0
2025-03-22,1,eu-west-1,29.84,29.84,1.14,662.9,0.2,85.2,0
2025-03-22,1,us-east-1,16.68,16.68,0.22,675.1,0.85,94.2,0
2025-03-22,1,us-west-2,19.1,19.1,0.17,1000.0,4.04,93.9,0
2025-03-22,2,ap-southeast-1,49.53,49.53,0.16,893.6,5.14,85.8,0
2025-03-22,2,eu-central-1,26.59,26.59,0.03,886.1,9.42,92.7,0
2025-03-22,2,eu-west-1,23.51,23.51,1.0,948.3,0.36,87.7,0
2025-03-22,2,us-east-1,16.4,16.4,0.2,812.9,2.67,94.4,0
2025-03-22,2,us-west-2,19.54,19.54,0.15,807.8,1.93,93.9,0
2025-03-22,3,ap-southeast-1,33.42,33.42,0.08,943.2,0.64,90.6,0
2025-03-22,3,eu-central-1,25.08,25.08,1.4,918.9,10.59,84.9,0
2025-03-22,3,eu-west-1,20.87,20.87,0.05,900.9,2.59,94.1,0
2025-03-22,3,us-east-1,15.67,15.67,0.33,759.7,8.65,93.8,0
2025-03-22,3,us-west-2,20.98,20.98,0.44,818.7,0.89,91.8,0
2025-03-22,4,ap-southeast-1,49.25,49.25,0.08,873.7,1.62,86.4,0
2025-03-22,4,eu-central-1,23.13,23.13,0.11,859.4,6.9,93.2,0
2025-03-22,4,eu-west-1,26.3,26.3,0.11,734.1,1.04,92.3,0
2025-03-22,4,us-east-1,18.13,18.13,0.04,888.3,2.31,94.9,0
2025-03-22,4,us-west-2,18.77,18.77,0.65,1000.0,0.78,91.1,0
2025-03-22,5,ap-southeast-1,29.87,29.87,0.7,583.0,0.36,87.9,0
2025-03-22,5,eu-central-1,26.82,26.82,0.03,882.5,1.71,92.7,0
2025-03-22,5,eu-west-1,25.33,25.33,0.03,785.4,3.08,93.1,0
2025-03-22,5,us-east-1,15.76,15.76,0.01,1000.0,0.2,95.7,0
2025-03-22,5,us-west-2,24.18,24.18,0.36,849.4,0.61,91.4,0
2025-03-22,6,ap-southeast-1,43.14,43.14,0.54,877.3,1.26,85.3,0
2025-03-22,6,eu-central-1,24.37,24.37,0.0,862.9,0.71,93.5,0
2025-03-22,6,eu-west-1,26.33,26.33,0.1,794.0,2.04,92.4,0
2025-03-22,6,us-east-1,18.73,18.73,0.11,625.0,0.2,94.3,0
2025-03-22,6,us-west-2,19.16,19.16,0.12,705.1,4.34,94.1,0
2025-03-22,7,ap-southeast-1,116.71,116.71,0.24,860.4,0.49,67.4,1
2025-03-22,7,eu-central-1,28.05,28.05,0.16,777.0,2.18,91.6,0
2025-03-22,7,eu-west-1,25.72,25.72,2.02,672.0,0.74,81.0,0
2025-03-22,7,us-east-1,17.86,17.86,0.37,863.8,7.56,93.0,0
2025-03-22,7,us-west-2,18.58,18.58,0.17,932.7,2.18,94.0,0
2025-03-22,8,ap-southeast-1,56.66,56.66,0.32,1000.0,1.13,83.0,1
2025-03-22,8,eu-central-1,32.33,32.33,0.33,1000.0,1.36,89.4,0
2025-03-22,8,eu-west-1,30.93,30.93,0.16,977.4,2.63,90.8,0
2025-03-22,8,us-east-1,19.96,19.96,0.07,1000.0,0.88,94.2,0
2025-03-22,8,us-west-2,23.79,23.79,0.05,1000.0,3.09,93.4,0
2025-03-22,9,ap-southeast-1,52.29,52.29,0.21,1000.0,1.17,84.8,1
2025-03-22,9,eu-central-1,29.2,29.2,0.13,1000.0,0.58,91.4,0
2025-03-22,9,eu-west-1,34.99,34.99,0.03,928.1,0.31,90.5,0
2025-03-22,9,us-east-1,17.88,17.88,0.37,1000.0,0.24,93.0,0
2025-03-22,9,us-west-2,30.91,30.91,0.06,1000.0,4.92,91.4,0
2025-03-22,10,ap-southeast-1,45.77,45.77,0.16,1000.0,12.47,86.8,0
2025-03-22,10,eu-central-1,30.41,30.41,0.6,1000.0,1.38,88.3,0
2025-03-22,10,eu-west-1,31.2,31.2,0.14,1000.0,1.92,90.9,0
2025-03-22,10,us-east-1,18.91,18.91,1.16,1000.0,2.28,88.0,0
2025-03-22,10,us-west-2,27.29,27.29,0.06,1000.0,10.83,92.4,0
2025-03-22,11,ap-southeast-1,62.88,62.88,0.82,1000.0,13.15,78.3,1
2025-03-22,11,eu-central-1,31.08,31.08,0.42,874.5,2.73,89.2,0
2025-03-22,11,eu-west-1,24.22,24.22,1.32,989.8,1.44,85.7,0
2025-03-22,11,us-east-1,23.05,23.05,0.1,987.7,2.44,93.2,0
2025-03-22,11,us-west-2,27.53,27.53,0.05,900.5,0.72,92.4,0
2025-03-22,12,ap-southeast-1,44.79,44.79,0.04,1000.0,0.3,87.8,0
2025-03-22,12,eu-central-1,36.11,36.11,0.14,895.2,0.18,89.5,0
2025-03-22,12,eu-west-1,34.63,34.63,0.33,851.2,0.78,88.8,0
2025-03-22,12,us-east-1,22.26,22.26,0.37,1000.0,2.61,91.9,0
2025-03-22,12,us-west-2,26.39,26.39,0.06,969.2,0.5,92.6,0
2025-03-22,13,ap-southeast-1,29.38,29.38,0.18,1000.0,3.24,91.1,0
2025-03-22,13,eu-central-1,31.48,31.48,0.44,1000.0,1.01,89.0,0
2025-03-22,13,eu-west-1,35.83,35.83,0.18,1000.0,2.32,89.4,0
2025-03-22,13,us-east-1,17.66,17.66,0.19,980.8,0.78,94.1,0
2025-03-22,13,us-west-2,21.71,21.71,0.08,1000.0,1.55,93.8,0
2025-03-22,14,ap-southeast-1,55.74,55.74,0.14,1000.0,0.13,84.3,1
2025-03-22,14,eu-central-1,36.18,36.18,0.93,1000.0,0.1,84.8,0
2025-03-22,14,eu-west-1,42.34,42.34,0.06,1000.0,5.13,88.3,0
2025-03-22,14,us-east-1,21.01,21.01,0.67,1000.0,0.1,90.4,0
2025-03-22,14,us-west-2,22.87,22.87,0.04,1000.0,0.1,93.7,0
2025-03-22,15,ap-southeast-1,38.04,38.04,0.23,1000.0,0.1,88.5,0
2025-03-22,15,eu-central-1,35.03,35.03,0.03,1000.0,3.46,90.5,0
2025-03-22,15,eu-west-1,23.9,23.9,1.41,983.5,17.04,85.1,0
2025-03-22,15,us-east-1,23.03,23.03,0.06,1000.0,8.38,93.5,0
2025-03-22,15,us-west-2,22.23,22.23,0.34,1000.0,3.92,92.0,0
2025-03-22,16,ap-southeast-1,45.04,45.04,0.2,649.1,0.28,86.8,0
2025-03-22,16,eu-central-1,34.96,34.96,0.12,934.6,2.56,90.0,0
2025-03-22,16,eu-west-1,29.8,29.8,0.57,1000.0,2.34,88.7,0
2025-03-22,16,us-east-1,15.52,15.52,0.39,1000.0,0.72,93.5,0
2025-03-22,16,us-west-2,29.44,29.44,1.53,1000.0,5.38,83.0,0
2025-03-22,17,ap-southeast-1,47.73,47.73,0.24,926.6,8.42,85.8,0
2025-03-22,17,eu-central-1,38.9,38.9,0.2,875.2,0.16,88.4,0
2025-03-22,17,eu-west-1,19.77,19.77,0.11,1000.0,1.3,94.1,0
2025-03-22,17,us-east-1,22.39,22.39,0.6,1000.0,2.82,90.4,0
2025-03-22,17,us-west-2,26.42,26.42,0.7,1000.0,2.9,88.8,0
2025-03-22,18,ap-southeast-1,40.7,40.7,0.05,927.0,7.07,88.8,0
2025-03-22,18,eu-central-1,26.79,26.79,0.23,973.4,8.36,91.5,0
2025-03-22,18,eu-west-1,31.14,31.14,0.02,1000.0,0.64,91.6,0
2025-03-22,18,us-east-1,18.64,18.64,0.96,994.5,3.07,89.3,0
2025-03-22,18,us-west-2,18.97,18.97,0.02,949.3,0.78,94.9,0
2025-03-22,19,ap-southeast-1,41.67,41.67,0.22,876.0,0.54,87.6,0
2025-03-22,19,eu-central-1,26.01,26.01,0.23,823.3,0.1,91.7,0
2025-03-22,19,eu-west-1,22.94,22.94,0.02,751.8,0.74,93.8,0
2025-03-22,19,us-east-1,19.54,19.54,1.08,668.4,2.35,88.3,0
2025-03-22,19,us-west-2,26.79,26.79,0.16,817.7,0.33,91.9,0
2025-03-22,20,ap-southeast-1,35.51,35.51,0.37,1000.0,0.44,88.3,0
2025-03-22,20,eu-central-1,35.41,35.41,0.11,770.2,2.23,89.9,0
2025-03-22,20,eu-west-1,131.35,131.35,0.04,981.1,1.63,64.7,1
2025-03-22,20,us-east-1,15.94,15.94,0.21,633.6,0.94,94.5,0
2025-03-22,20,us-west-2,20.9,20.9,0.59,988.7,1.2,90.9,0
2025-03-22,21,ap-southeast-1,46.1,46.1,0.06,835.8,0.69,87.3,0
2025-03-22,21,eu-central-1,26.92,26.92,0.33,1000.0,3.74,90.8,0
2025-03-22,21,eu-west-1,22.1,22.1,0.26,784.3,1.14,92.5,0
2025-03-22,21,us-east-1,40.04,40.04,0.29,659.9,0.79,87.6,0
2025-03-22,21,us-west-2,24.16,24.16,0.04,778.5,4.48,93.3,0
2025-03-22,22,ap-southeast-1,36.71,36.71,0.02,951.8,1.81,90.1,0
2025-03-22,22,eu-central-1,18.35,18.35,0.31,871.5,3.88,93.2,0
2025-03-22,22,eu-west-1,18.67,18.67,0.79,689.7,6.13,90.3,0
2025-03-22,22,us-east-1,13.61,13.61,0.61,882.1,2.28,92.7,0
2025-03-22,22,us-west-2,25.47,25.47,0.56,741.9,1.07,89.8,0
2025-03-22,23,ap-southeast-1,45.2,45.2,0.43,927.8,2.11,85.4,0
2025-03-22,23,eu-central-1,27.15,27.15,0.26,1000.0,0.1,91.2,0
2025-03-22,23,eu-west-1,23.23,23.23,0.21,936.9,1.15,92.6,0
2025-03-22,23,us-east-1,18.13,18.13,0.25,911.0,5.03,93.6,0
2025-03-22,23,us-west-2,14.07,14.07,0.27,1000.0,0.1,94.6,0
2025-03-23,0,ap-southeast-1,52.84,52.84,0.17,866.8,0.63,84.9,1
2025-03-23,0,eu-central-1,28.57,28.57,0.04,898.5,5.92,92.2,0
2025-03-23,0,eu-west-1,17.59,17.59,0.56,1000.0,1.17,92.0,0
2025-03-23,0,us-east-1,18.7,18.7,0.01,660.3,7.33,95.0,0
2025-03-23,0,us-west-2,23.5,23.5,0.8,877.1,0.8,88.9,0
2025-03-23,1,ap-southeast-1,50.28,50.28,0.3,918.9,3.53,84.8,1
2025-03-23,1,eu-central-1,18.35,18.35,0.19,560.5,6.27,93.9,0
2025-03-23,1,eu-west-1,27.82,27.82,0.18,1000.0,1.21,91.5,0
2025-03-23,1,us-east-1,15.56,15.56,0.8,957.4,0.28,91.0,0
2025-03-23,1,us-west-2,21.17,21.17,0.63,757.3,11.5,90.6,0
2025-03-23,2,ap-southeast-1,44.45,44.45,0.39,879.5,0.93,85.8,0
2025-03-23,2,eu-central-1,33.6,33.6,0.13,976.7,2.06,90.2,0
2025-03-23,2,eu-west-1,17.26,17.26,0.37,706.0,4.53,93.2,0
2025-03-23,2,us-east-1,19.72,19.72,0.35,792.0,0.42,92.6,0
2025-03-23,2,us-west-2,14.07,14.07,0.34,927.2,2.82,94.2,0
2025-03-23,3,ap-southeast-1,205.25,205.25,0.34,832.9,6.38,58.0,1
2025-03-23,3,eu-central-1,25.0,25.0,0.2,668.9,1.64,92.1,0
2025-03-23,3,eu-west-1,25.11,25.11,0.4,933.9,2.63,90.9,0
2025-03-23,3,us-east-1,13.51,13.51,0.34,867.6,7.24,94.4,0
2025-03-23,3,us-west-2,18.26,18.26,0.32,880.7,5.78,93.2,0
2025-03-23,4,ap-southeast-1,46.07,46.07,0.19,896.9,2.67,86.6,0
2025-03-23,4,eu-central-1,29.38,29.38,0.76,877.7,0.11,87.6,0
2025-03-23,4,eu-west-1,17.21,17.21,0.06,800.8,2.38,95.1,0
2025-03-23,4,us-east-1,17.82,17.82,0.07,1000.0,3.33,94.8,0
2025-03-23,4,us-west-2,20.5,20.5,0.07,781.6,3.73,94.1,0
2025-03-23,5,ap-southeast-1,40.3,40.3,0.15,1000.0,1.43,88.4,0
2025-03-23,5,eu-central-1,27.05,27.05,0.2,757.0,2.06,91.6,0
2025-03-23,5,eu-west-1,23.8,23.8,0.13,944.0,1.02,92.8,0
2025-03-23,5,us-east-1,14.73,14.73,0.32,957.6,5.36,94.1,0
2025-03-23,5,us-west-2,24.79,24.79,0.04,844.1,1.94,93.2,0
2025-03-23,6,ap-southeast-1,46.36,46.36,0.14,906.7,3.9,86.8,0
2025-03-23,6,eu-central-1,22.59,22.59,0.0,1000.0,1.32,94.0,0
2025-03-23,6,eu-west-1,31.16,31.16,0.3,673.5,4.26,89.9,0
2025-03-23,6,us-east-1,16.24,16.24,0.15,817.8,0.57,94.8,0
2025-03-23,6,us-west-2,21.42,21.42,0.66,815.0,0.4,90.3,0
2025-03-23,7,ap-southeast-1,33.42,33.42,0.31,876.2,4.26,89.2,0
2025-03-23,7,eu-central-1,23.5,23.5,0.17,1000.0,3.7,92.7,0
2025-03-23,7,eu-west-1,26.35,26.35,0.02,698.5,0.1,92.8,0
2025-03-23,7,us-east-1,18.13,18.13,0.32,743.1,2.21,93.3,0
2025-03-23,7,us-west-2,22.49,22.49,0.06,968.8,1.07,93.6,0
2025-03-23,8,ap-southeast-1,58.02,58.02,0.22,968.1,0.86,83.2,1
2025-03-23,8,eu-central-1,27.68,27.68,0.57,989.3,1.29,89.2,0
2025-03-23,8,eu-west-1,25.03,25.03,0.15,984.0,5.12,92.4,0
2025-03-23,8,us-east-1,18.03,18.03,0.04,769.3,3.02,95.0,0
2025-03-23,8,us-west-2,23.95,23.95,0.04,1000.0,2.19,93.4,0
2025-03-23,9,ap-southeast-1,52.01,52.01,0.62,1000.0,1.04,82.4,1
2025-03-23,9,eu-central-1,37.44,37.44,0.5,1000.0,2.88,87.0,0
2025-03-23,9,eu-west-1,28.62,28.62,0.25,1000.0,1.8,90.8,0
2025-03-23,9,us-east-1,19.51,19.51,0.35,992.8,2.85,92.7,0
2025-03-23,9,us-west-2,29.43,29.43,0.12,770.7,5.11,91.4,0
2025-03-23,10,ap-southeast-1,68.89,68.89,0.68,885.5,6.87,77.5,1
2025-03-23,10,eu-central-1,31.49,31.49,0.24,1000.0,0.27,90.2,0
2025-03-23,10,eu-west-1,28.83,28.83,1.84,1000.0,1.27,81.3,0
2025-03-23,10,us-east-1,23.82,23.82,2.46,1000.0,1.31,78.9,0
2025-03-23,10,us-west-2,27.28,27.28,0.65,1000.0,0.78,88.8,0
2025-03-23,11,ap-southeast-1,61.89,61.89,0.06,838.9,0.45,83.1,1
2025-03-23,11,eu-central-1,107.52,107.52,0.1,1000.0,0.36,70.8,1
2025-03-23,11,eu-west-1,30.79,30.79,0.21,1000.0,1.72,90.5,0
2025-03-23,11,us-east-1,18.91,18.91,0.02,951.0,0.1,94.9,0
2025-03-23,11,us-west-2,25.92,25.92,0.01,1000.0,0.32,93.1,0
2025-03-23,12,ap-southeast-1,56.15,56.15,0.05,1000.0,0.11,84.7,1
2025-03-23,12,eu-central-1,27.69,27.69,0.21,1000.0,0.38,91.4,0
2025-03-23,12,eu-west-1,22.86,22.86,0.56,1000.0,2.75,90.6,0
2025-03-23,12,us-east-1,23.29,23.29,1.25,1000.0,2.19,86.3,0
2025-03-23,12,us-west-2,20.96,20.96,0.11,1000.0,2.05,93.7,0
2025-03-23,13,ap-southeast-1,50.79,50.79,0.33,967.6,1.51,84.5,1
2025-03-23,13,eu-central-1,37.98,37.98,0.27,945.1,0.12,88.2,0
2025-03-23,13,eu-west-1,31.31,31.31,0.19,1000.0,0.1,90.5,0
2025-03-23,13,us-east-1,17.19,17.19,0.17,1000.0,0.73,94.4,0
2025-03-23,13,us-west-2,25.75,25.75,0.18,1000.0,0.49,92.0,0
2025-03-23,14,ap-southeast-1,46.09,46.09,0.12,1000.0,4.04,87.0,0
2025-03-23,14,eu-central-1,39.27,39.27,2.96,993.1,1.95,71.8,0
2025-03-23,14,eu-west-1,17.21,17.21,0.52,1000.0,5.13,92.3,0
2025-03-23,14,us-east-1,22.35,22.35,0.68,1000.0,1.5,90.0,0
2025-03-23,14,us-west-2,35.86,35.86,0.24,1000.0,2.36,89.0,0
2025-03-23,15,ap-southeast-1,59.07,59.07,0.01,842.3,3.69,84.2,1
2025-03-23,15,eu-central-1,37.92,37.92,0.34,1000.0,3.95,87.8,0
2025-03-23,15,eu-west-1,26.03,26.03,0.3,1000.0,1.48,91.3,0
2025-03-23,15,us-east-1,25.18,25.18,0.5,1000.0,7.9,90.3,0
2025-03-23,15,us-west-2,28.32,28.32,0.07,1000.0,0.76,92.1,0
2025-03-23,16,ap-southeast-1,49.97,49.97,4.2,1000.0,6.3,61.5,0
2025-03-23,16,eu-central-1,34.58,34.58,0.39,1000.0,2.36,88.4,0
2025-03-23,16,eu-west-1,26.64,26.64,0.72,915.2,1.05,88.6,0
2025-03-23,16,us-east-1,13.03,13.03,0.28,1000.0,1.27,94.9,0
2025-03-23,16,us-west-2,22.49,22.49,1.1,1000.0,0.66,87.4,0
2025-03-23,17,ap-southeast-1,60.82,60.82,0.08,1000.0,1.9,83.3,1
2025-03-23,17,eu-central-1,33.6,33.6,0.22,1000.0,2.14,89.7,0
2025-03-23,17,eu-west-1,31.48,31.48,0.18,1000.0,0.37,90.6,0
2025-03-23,17,us-east-1,18.23,18.23,0.44,1000.0,4.58,92.5,0
2025-03-23,17,us-west-2,32.33,32.33,0.28,1000.0,1.27,89.7,0
2025-03-23,18,ap-southeast-1,54.86,54.86,0.87,1000.0,0.26,80.1,1
2025-03-23,18,eu-central-1,26.33,26.33,0.14,984.3,2.85,92.1,0
2025-03-23,18,eu-west-1,28.85,28.85,0.31,1000.0,1.45,90.5,0
2025-03-23,18,us-east-1,22.49,22.49,0.7,934.9,0.52,89.8,0
2025-03-23,18,us-west-2,22.33,22.33,0.24,1000.0,2.25,92.6,0
2025-03-23,19,ap-southeast-1,47.75,47.75,0.38,598.1,2.22,85.0,0
2025-03-23,19,eu-central-1,26.97,26.97,0.5,927.8,1.04,89.8,0
2025-03-23,19,eu-west-1,19.73,19.73,0.3,959.3,1.71,93.0,0
2025-03-23,19,us-east-1,17.45,17.45,0.16,1000.0,2.79,94.4,0
2025-03-23,19,us-west-2,24.36,24.36,0.0,780.2,1.97,93.5,0
2025-03-23,20,ap-southeast-1,49.01,49.01,0.43,643.2,3.77,84.3,0
2025-03-23,20,eu-central-1,25.13,25.13,0.2,803.6,1.12,92.1,0
2025-03-23,20,eu-west-1,21.31,21.31,0.16,1000.0,1.29,93.3,0
2025-03-23,20,us-east-1,19.0,19.0,0.12,838.2,9.43,94.2,0
2025-03-23,20,us-west-2,21.85,21.85,0.2,850.1,0.7,93.0,0
2025-03-23,21,ap-southeast-1,38.79,38.79,0.07,878.8,0.24,89.3,0
2025-03-23,21,eu-central-1,20.33,20.33,1.57,956.8,0.94,85.2,0
2025-03-23,21,eu-west-1,25.75,25.75,0.05,904.8,2.84,92.9,0
2025-03-23,21,us-east-1,16.37,16.37,0.33,852.3,0.27,93.7,0
2025-03-23,21,us-west-2,22.6,22.6,0.55,849.9,5.54,90.7,0
2025-03-23,22,ap-southeast-1,38.1,38.1,0.08,822.1,0.47,89.4,0
2025-03-23,22,eu-central-1,32.44,32.44,0.18,1000.0,3.11,90.3,0
2025-03-23,22,eu-west-1,24.7,24.7,0.03,670.5,1.37,93.2,0
2025-03-23,22,us-east-1,18.23,18.23,0.5,935.0,0.1,92.2,0
2025-03-23,22,us-west-2,22.72,22.72,0.07,970.5,0.29,93.5,0
2025-03-23,23,ap-southeast-1,37.87,37.87,0.22,937.3,0.1,88.6,0
2025-03-23,23,eu-central-1,25.08,25.08,0.02,806.9,0.44,93.2,0
2025-03-23,23,eu-west-1,22.83,22.83,0.0,739.8,8.14,93.9,0
2025-03-23,23,us-east-1,17.58,17.58,0.43,878.0,1.42,92.7,0
2025-03-23,23,us-west-2,21.18,21.18,0.13,941.0,0.1,93.6,0
2025-03-24,0,ap-southeast-1,52.07,52.07,0.06,841.8,2.25,85.8,1
2025-03-24,0,eu-central-1,33.02,33.02,0.34,946.2,0.1,89.1,0
2025-03-24,0,eu-west-1,92.9,92.9,0.62,1000.0,2.29,71.5,1
2025-03-24,0,us-east-1,21.15,21.15,0.48,964.4,0.24,91.5,0
2025-03-24,0,us-west-2,20.72,20.72,0.01,941.1,2.31,94.4,0
2025-03-24,1,ap-southeast-1,38.62,38.62,0.11,831.4,5.45,89.0,0
2025-03-24,1,eu-central-1,31.7,31.7,0.01,760.6,2.27,91.5,0
2025-03-24,1,eu-west-1,27.61,27.61,0.08,829.7,4.12,92.2,0
2025-03-24,1,us-east-1,18.69,18.69,0.17,884.5,3.45,94.0,0
2025-03-24,1,us-west-2,17.65,17.65,1.13,822.6,0.33,88.5,0
2025-03-24,2,ap-southeast-1,39.46,39.46,0.12,558.8,2.78,88.8,0
2025-03-24,2,eu-central-1,140.45,140.45,0.09,836.5,7.13,62.0,1
2025-03-24,2,eu-west-1,23.06,23.06,0.07,859.5,0.29,93.4,0
2025-03-24,2,us-east-1,18.91,18.91,0.51,776.5,6.15,91.9,0
2025-03-24,2,us-west-2,18.29,18.29,0.02,931.2,1.76,95.0,0
2025-03-24,3,ap-southeast-1,48.63,48.63,0.05,948.7,10.05,86.7,0
2025-03-24,3,eu-central-1,30.57,30.57,0.13,853.5,2.35,91.1,0
2025-03-24,3,eu-west-1,24.67,24.67,0.4,941.1,1.27,91.0,0
2025-03-24,3,us-east-1,16.89,16.89,0.04,893.4,1.42,95.3,0
2025-03-24,3,us-west-2,23.1,23.1,0.68,943.8,7.58,89.7,0
2025-03-24,4,ap-southeast-1,43.3,43.3,0.07,772.1,0.16,88.0,0
2025-03-24,4,eu-central-1,25.42,25.42,0.4,826.8,3.82,90.8,0
2025-03-24,4,eu-west-1,33.14,33.14,0.12,933.6,1.03,90.5,0
2025-03-24,4,us-east-1,16.68,16.68,0.24,712.8,0.75,94.1,0
2025-03-24,4,us-west-2,19.75,19.75,0.11,840.5,3.0,94.1,0
2025-03-24,5,ap-southeast-1,42.44,42.44,0.47,802.2,5.83,85.9,0
2025-03-24,5,eu-central-1,35.8,35.8,0.2,1000.0,2.79,89.2,0
2025-03-24,5,eu-west-1,19.66,19.66,0.21,883.5,2.11,93.5,0
2025-03-24,5,us-east-1,16.83,16.83,0.0,863.0,1.42,95.5,0
2025-03-24,5,us-west-2,19.0,19.0,0.27,883.5,2.4,93.3,0
2025-03-24,6,ap-southeast-1,41.85,41.85,0.06,721.6,4.21,88.5,0
2025-03-24,6,eu-central-1,28.18,28.18,0.04,813.2,1.72,92.2,0
2025-03-24,6,eu-west-1,18.06,18.06,0.05,825.0,4.94,94.9,0
2025-03-24,6,us-east-1,19.07,19.07,0.12,846.0,3.21,94.2,0
2025-03-24,6,us-west-2,31.33,31.33,0.34,943.6,2.14,89.6,0
2025-03-24,7,ap-southeast-1,29.38,29.38,0.01,665.2,0.94,92.1,0
2025-03-24,7,eu-central-1,29.27,29.27,0.29,920.4,3.17,90.5,0
2025-03-24,7,eu-west-1,27.94,27.94,0.96,812.5,0.2,86.8,0
2025-03-24,7,us-east-1,16.86,16.86,0.14,825.0,0.1,94.7,0
2025-03-24,7,us-west-2,30.21,30.21,0.05,875.3,0.49,91.7,0
2025-03-24,8,ap-southeast-1,44.24,44.24,0.33,1000.0,9.08,86.2,0
2025-03-24,8,eu-central-1,29.06,29.06,0.18,803.9,4.34,91.2,0
2025-03-24,8,eu-west-1,25.82,25.82,0.63,1000.0,0.19,89.3,0
2025-03-24,8,us-east-1,21.6,21.6,0.17,1000.0,2.23,93.2,0
2025-03-24,8,us-west-2,27.5,27.5,0.19,1000.0,1.42,91.5,0
2025-03-24,9,ap-southeast-1,60.92,60.92,1.23,1000.0,0.85,76.4,1
2025-03-24,9,eu-central-1,27.7,27.7,0.84,1000.0,0.64,87.6,0
2025-03-24,9,eu-west-1,27.38,27.38,0.66,1000.0,4.75,88.8,0
2025-03-24,9,us-east-1,27.14,27.14,0.39,811.4,2.38,90.4,0
2025-03-24,9,us-west-2,28.04,28.04,0.13,1000.0,1.05,91.7,0
2025-03-24,10,ap-southeast-1,47.56,47.56,0.13,1000.0,5.5,86.5,0
2025-03-24,10,eu-central-1,34.51,34.51,0.23,1000.0,1.02,89.4,0
2025-03-24,10,eu-west-1,25.38,25.38,0.17,1000.0,0.6,92.2,0
2025-03-24,10,us-east-1,23.4,23.4,0.16,1000.0,2.54,92.8,0
2025-03-24,10,us-west-2,22.22,22.22,0.02,1000.0,7.65,94.0,0
2025-03-24,11,ap-southeast-1,37.0,37.0,0.04,1000.0,5.32,89.9,0
2025-03-24,11,eu-central-1,33.25,33.25,0.41,1000.0,0.63,88.7,0
2025-03-24,11,eu-west-1,27.63,27.63,0.47,1000.0,2.76,89.8,0
2025-03-24,11,us-east-1,19.69,19.69,0.2,1000.0,0.69,93.6,0
2025-03-24,11,us-west-2,20.8,20.8,0.59,1000.0,0.69,90.9,0
2025-03-24,12,ap-southeast-1,43.93,43.93,0.28,833.9,3.54,86.6,0
2025-03-24,12,eu-central-1,28.39,28.39,0.08,713.4,1.5,91.9,0
2025-03-24,12,eu-west-1,35.64,35.64,0.05,1000.0,1.96,90.2,0
2025-03-24,12,us-east-1,24.43,24.43,0.09,1000.0,3.13,93.0,0
2025-03-24,12,us-west-2,24.01,24.01,0.02,895.1,1.59,93.5,0
2025-03-24,13,ap-southeast-1,54.54,54.54,0.78,1000.0,2.07,80.8,1
2025-03-24,13,eu-central-1,25.25,25.25,0.47,1000.0,5.41,90.4,0
2025-03-24,13,eu-west-1,32.21,32.21,0.0,972.1,4.47,91.4,0
2025-03-24,13,us-east-1,19.43,19.43,0.15,944.7,0.24,93.9,0
2025-03-24,13,us-west-2,25.3,25.3,0.35,1000.0,6.95,91.2,0
2025-03-24,14,ap-southeast-1,54.39,54.39,0.51,1000.0,0.32,82.5,1
2025-03-24,14,eu-central-1,26.07,26.07,0.42,1000.0,1.06,90.5,0
2025-03-24,14,eu-west-1,32.47,32.47,0.01,986.6,0.33,91.3,0
2025-03-24,14,us-east-1,14.37,14.37,0.08,1000.0,0.56,95.7,0
2025-03-24,14,us-west-2,28.01,28.01,0.12,1000.0,3.89,91.8,0
2025-03-24,15,ap-southeast-1,49.47,49.47,0.32,1000.0,1.9,84.9,0
2025-03-24,15,eu-central-1,37.98,37.98,0.77,1000.0,1.17,85.2,0
2025-03-24,15,eu-west-1,22.64,22.64,0.29,952.3,0.35,92.2,0
2025-03-24,15,us-east-1,17.57,17.57,0.02,969.9,5.25,95.2,0
2025-03-24,15,us-west-2,18.35,18.35,0.07,1000.0,8.35,94.7,0
2025-03-24,16,ap-southeast-1,46.4,46.4,0.12,1000.0,1.1,86.9,0
2025-03-24,16,eu-central-1,29.24,29.24,0.01,1000.0,4.92,92.1,0
2025-03-24,16,eu-west-1,23.79,23.79,0.2,1000.0,2.03,92.4,0
2025-03-24,16,us-east-1,14.89,14.89,0.3,1000.0,3.36,94.2,0
2025-03-24,16,us-west-2,33.45,33.45,0.36,1000.0,2.34,88.9,0
2025-03-24,17,ap-southeast-1,40.87,40.87,0.26,786.0,3.93,87.6,0
2025-03-24,17,eu-central-1,30.56,30.56,0.2,1000.0,1.81,90.7,0
2025-03-24,17,eu-west-1,17.21,17.21,0.24,1000.0,7.31,94.0,0
2025-03-24,17,us-east-1,19.61,19.61,0.36,1000.0,0.1,92.6,0
2025-03-24,17,us-west-2,26.24,26.24,0.97,944.4,1.02,87.2,0
2025-03-24,18,ap-southeast-1,54.61,54.61,0.03,1000.0,3.55,85.2,1
2025-03-24,18,eu-central-1,39.21,39.21,0.38,971.4,1.92,87.3,0
2025-03-24,18,eu-west-1,25.26,25.26,0.0,979.4,1.34,93.3,0
2025-03-24,18,us-east-1,20.76,20.76,0.32,1000.0,0.71,92.6,0
2025-03-24,18,us-west-2,19.42,19.42,0.12,966.8,4.38,94.1,0
2025-03-24,19,ap-southeast-1,50.66,50.66,0.34,723.1,6.04,84.4,1
2025-03-24,19,eu-central-1,23.29,23.29,0.03,710.0,4.93,93.6,0
2025-03-24,19,eu-west-1,28.59,28.59,0.16,872.6,0.99,91.4,0
2025-03-24,19,us-east-1,22.53,22.53,0.19,1000.0,0.6,92.9,0
2025-03-24,19,us-west-2,22.52,22.52,0.22,847.1,0.86,92.7,0
2025-03-24,20,ap-southeast-1,53.7,53.7,0.39,915.6,0.1,83.4,1
2025-03-24,20,eu-central-1,24.95,24.95,0.16,873.8,1.69,92.4,0
2025-03-24,20,eu-west-1,26.94,26.94,0.38,771.2,2.33,90.5,0
2025-03-24,20,us-east-1,18.88,18.88,0.14,706.8,0.79,94.1,0
2025-03-24,20,us-west-2,19.02,19.02,0.08,754.0,0.45,94.4,0
2025-03-24,21,ap-southeast-1,37.5,37.5,1.01,942.5,4.14,84.0,0
2025-03-24,21,eu-central-1,24.77,24.77,0.86,907.5,2.86,88.3,0
2025-03-24,21,eu-west-1,24.17,24.17,0.18,818.8,6.66,92.5,0
2025-03-24,21,us-east-1,17.41,17.41,0.6,960.3,0.71,91.8,0
2025-03-24,21,us-west-2,18.79,18.79,0.6,823.4,3.06,91.4,0
2025-03-24,22,ap-southeast-1,54.22,54.22,0.09,890.1,6.97,85.0,1
2025-03-24,22,eu-central-1,34.8,34.8,0.17,784.5,0.22,89.7,0
2025-03-24,22,eu-west-1,24.92,24.92,0.4,668.8,4.53,91.0,0
2025-03-24,22,us-east-1,20.24,20.24,0.22,970.1,0.16,93.3,0
2025-03-24,22,us-west-2,18.49,18.49,0.54,785.7,2.55,91.8,0
2025-03-24,23,ap-southeast-1,44.62,44.62,0.01,906.4,3.89,88.1,0
2025-03-24,23,eu-central-1,36.37,36.37,1.27,943.4,0.49,82.7,0
2025-03-24,23,eu-west-1,22.42,22.42,0.08,823.5,13.5,93.5,0
2025-03-24,23,us-east-1,12.5,12.5,0.2,769.5,1.54,95.5,0
2025-03-24,23,us-west-2,21.15,21.15,0.08,729.1,5.28,93.9,0
2025-03-25,0,ap-southeast-1,45.18,45.18,0.24,1000.0,0.35,86.5,0
2025-03-25,0,eu-central-1,31.16,31.16,0.02,905.8,1.3,91.6,0
2025-03-25,0,eu-west-1,25.77,25.77,0.5,826.8,0.1,90.1,0
2025-03-25,0,us-east-1,18.64,18.64,0.01,1000.0,3.3,95.0,0
2025-03-25,0,us-west-2,28.94,28.94,0.42,949.1,8.17,89.8,0
2025-03-25,1,ap-southeast-1,51.03,51.03,0.37,754.9,0.21,84.2,1
2025-03-25,1,eu-central-1,31.29,31.29,0.38,855.2,1.71,89.4,0
2025-03-25,1,eu-west-1,27.87,27.87,0.27,914.8,0.3,91.0,0
2025-03-25,1,us-east-1,20.08,20.08,0.12,820.0,2.33,93.9,0
2025-03-25,1,us-west-2,22.31,22.31,0.0,859.0,4.87,94.0,0
2025-03-25,2,ap-southeast-1,41.35,41.35,0.47,869.7,0.1,86.2,0
2025-03-25,2,eu-central-1,25.56,25.56,0.26,741.7,8.43,91.6,0
2025-03-25,2,eu-west-1,18.94,18.94,0.07,876.8,2.35,94.5,0
2025-03-25,2,us-east-1,14.01,14.01,0.14,884.6,2.79,95.4,0
2025-03-25,2,us-west-2,24.29,24.29,0.09,1000.0,0.15,93.0,0
2025-03-25,3,ap-southeast-1,30.39,30.39,0.06,823.0,2.48,91.5,0
2025-03-25,3,eu-central-1,36.18,36.18,0.21,792.2,8.82,89.1,0
2025-03-25,3,eu-west-1,26.12,26.12,0.08,706.2,4.3,92.5,0
2025-03-25,3,us-east-1,21.09,21.09,0.15,881.2,0.21,93.5,0
2025-03-25,3,us-west-2,25.1,25.1,0.14,893.1,2.73,92.5,0
2025-03-25,4,ap-southeast-1,49.76,49.76,0.09,629.3,2.48,86.2,0
2025-03-25,4,eu-central-1,29.12,29.12,1.06,558.4,4.76,85.9,0
2025-03-25,4,eu-west-1,28.5,28.5,0.3,980.1,0.84,90.6,0
2025-03-25,4,us-east-1,18.91,18.91,0.26,833.9,7.56,93.4,0
2025-03-25,4,us-west-2,21.52,21.52,0.64,1000.0,3.84,90.4,0
2025-03-25,5,ap-southeast-1,47.35,47.35,0.22,884.4,10.84,86.1,0
2025-03-25,5,eu-central-1,31.58,31.58,0.04,878.3,0.95,91.3,0
2025-03-25,5,eu-west-1,23.44,23.44,0.53,875.2,0.68,90.6,0
2025-03-25,5,us-east-1,16.88,16.88,0.23,947.3,4.56,94.1,0
2025-03-25,5,us-west-2,18.17,18.17,0.9,762.5,10.03,89.7,0
2025-03-25,6,ap-southeast-1,42.57,42.57,0.12,1000.0,1.27,87.9,0
2025-03-25,6,eu-central-1,27.56,27.56,0.68,853.2,8.31,88.6,0
2025-03-25,6,eu-west-1,27.63,27.63,0.16,873.8,3.87,91.7,0
2025-03-25,6,us-east-1,19.71,19.71,0.28,945.2,4.09,93.1,0
2025-03-25,6,us-west-2,16.72,16.72,0.38,761.1,1.17,93.3,0
2025-03-25,7,ap-southeast-1,49.2,49.2,0.59,1000.0,1.01,83.3,0
2025-03-25,7,eu-central-1,26.87,26.87,0.35,872.6,2.92,90.7,0
2025-03-25,7,eu-west-1,35.55,35.55,0.09,848.9,0.15,90.0,0
2025-03-25,7,us-east-1,24.13,24.13,0.43,640.2,4.33,91.0,0
2025-03-25,7,us-west-2,20.72,20.72,0.2,1000.0,0.47,93.3,0
2025-03-25,8,ap-southeast-1,58.17,58.17,0.21,1000.0,2.45,83.2,1
2025-03-25,8,eu-central-1,40.23,40.23,0.1,1000.0,1.25,88.7,0
2025-03-25,8,eu-west-1,28.3,28.3,0.67,1000.0,1.15,88.5,0
2025-03-25,8,us-east-1,21.26,21.26,0.55,1000.0,6.75,91.0,0
2025-03-25,8,us-west-2,29.64,29.64,0.34,1000.0,4.79,90.1,0
2025-03-25,9,ap-southeast-1,40.01,40.01,0.53,828.3,4.37,86.2,0
2025-03-25,9,eu-central-1,34.81,34.81,0.76,1000.0,3.02,86.1,0
2025-03-25,9,eu-west-1,30.45,30.45,0.36,1000.0,1.76,89.7,0
2025-03-25,9,us-east-1,21.47,21.47,0.42,845.7,1.96,91.8,0
2025-03-25,9,us-west-2,28.85,28.85,0.18,956.9,0.95,91.3,0
2025-03-25,10,ap-southeast-1,51.92,51.92,0.29,1000.0,6.9,84.4,1
2025-03-25,10,eu-central-1,39.21,39.21,0.18,1000.0,0.1,88.4,0
2025-03-25,10,eu-west-1,25.57,25.57,0.2,1000.0,2.05,92.0,0
2025-03-25,10,us-east-1,19.27,19.27,1.03,1000.0,0.56,88.7,0
2025-03-25,10,us-west-2,26.27,26.27,0.12,922.3,2.28,92.3,0
2025-03-25,11,ap-southeast-1,34.07,34.07,0.49,1000.0,4.06,88.0,0
2025-03-25,11,eu-central-1,33.43,33.43,0.56,1000.0,0.4,87.8,0
2025-03-25,11,eu-west-1,29.53,29.53,0.22,832.5,3.26,90.8,0
2025-03-25,11,us-east-1,18.06,18.06,0.01,1000.0,2.4,95.1,0
2025-03-25,11,us-west-2,26.78,26.78,0.99,1000.0,1.24,86.9,0
2025-03-25,12,ap-southeast-1,50.79,50.79,0.13,1000.0,1.39,85.7,1
2025-03-25,12,eu-central-1,28.1,28.1,0.16,885.9,4.43,91.5,0
2025-03-25,12,eu-west-1,30.73,30.73,0.08,1000.0,1.1,91.4,0
2025-03-25,12,us-east-1,23.28,23.28,0.07,934.8,3.4,93.4,0
2025-03-25,12,us-west-2,24.78,24.78,0.04,1000.0,1.29,93.2,0
2025-03-25,13,ap-southeast-1,48.86,48.86,0.59,1000.0,2.52,83.4,0
2025-03-25,13,eu-central-1,29.38,29.38,0.63,1000.0,2.59,88.4,0
2025-03-25,13,eu-west-1,29.59,29.59,0.32,1000.0,2.37,90.2,0
2025-03-25,13,us-east-1,18.04,18.04,0.0,1000.0,3.35,95.2,0
2025-03-25,13,us-west-2,23.47,23.47,0.14,1000.0,3.3,92.9,0
2025-03-25,14,ap-southeast-1,55.57,55.57,0.11,1000.0,4.85,84.5,1
2025-03-25,14,eu-central-1,32.7,32.7,0.33,1000.0,1.13,89.3,0
2025-03-25,14,eu-west-1,24.35,24.35,0.15,1000.0,2.2,92.6,0
2025-03-25,14,us-east-1,20.92,20.92,0.34,932.5,1.84,92.4,0
2025-03-25,14,us-west-2,22.5,22.5,0.76,1000.0,1.12,89.5,0
2025-03-25,15,ap-southeast-1,43.42,43.42,0.26,915.4,1.69,86.9,0
2025-03-25,15,eu-central-1,29.17,29.17,0.05,990.2,1.74,91.9,0
2025-03-25,15,eu-west-1,29.64,29.64,1.79,1000.0,1.98,81.3,0
2025-03-25,15,us-east-1,19.22,19.22,0.75,1000.0,0.18,90.4,0
2025-03-25,15,us-west-2,19.72,19.72,0.42,992.1,2.95,92.2,0
2025-03-25,16,ap-southeast-1,48.48,48.48,0.08,1000.0,0.61,86.6,0
2025-03-25,16,eu-central-1,26.85,26.85,0.35,1000.0,5.89,90.8,0
2025-03-25,16,eu-west-1,35.06,35.06,0.22,984.6,2.56,89.4,0
2025-03-25,16,us-east-1,22.19,22.19,0.09,1000.0,1.16,93.5,0
2025-03-25,16,us-west-2,32.12,32.12,0.01,1000.0,0.1,91.4,0
2025-03-25,17,ap-southeast-1,29.38,29.38,0.21,1000.0,0.46,90.9,0
2025-03-25,17,eu-central-1,38.0,38.0,0.07,1000.0,2.5,89.4,0
2025-03-25,17,eu-west-1,30.68,30.68,0.22,1000.0,0.75,90.5,0
2025-03-25,17,us-east-1,21.74,21.74,0.86,1000.0,6.34,89.0,0
2025-03-25,17,us-west-2,25.95,25.95,0.01,1000.0,0.98,93.0,0
2025-03-25,18,ap-southeast-1,56.08,56.08,0.13,930.7,0.1,84.3,1
2025-03-25,18,eu-central-1,29.57,29.57,0.18,1000.0,1.27,91.1,0
2025-03-25,18,eu-west-1,32.9,32.9,0.28,1000.0,0.22,89.6,0
2025-03-25,18,us-east-1,23.92,23.92,0.02,1000.0,2.2,93.5,0
2025-03-25,18,us-west-2,23.62,23.62,0.24,913.8,0.96,92.3,0
2025-03-25,19,ap-southeast-1,44.4,44.4,0.09,590.3,3.17,87.6,0
2025-03-25,19,eu-central-1,28.58,28.58,0.31,864.0,0.32,90.5,0
2025-03-25,19,eu-west-1,95.24,95.24,3.37,753.8,0.32,54.4,1
2025-03-25,19,us-east-1,16.62,16.62,0.82,1000.0,1.93,90.7,0
2025-03-25,19,us-west-2,28.01,28.01,0.2,930.9,3.45,91.3,0
2025-03-25,20,ap-southeast-1,45.59,45.59,1.02,899.8,0.29,81.7,0
2025-03-25,20,eu-central-1,140.45,140.45,0.03,939.6,0.87,62.3,1
2025-03-25,20,eu-west-1,27.81,27.81,0.48,808.3,0.64,89.7,0
2025-03-25,20,us-east-1,17.27,17.27,0.13,782.5,0.78,94.6,0
2025-03-25,20,us-west-2,28.64,28.64,0.18,1000.0,0.94,91.3,0
2025-03-25,21,ap-southeast-1,34.92,34.92,0.05,913.5,0.7,90.4,0
2025-03-25,21,eu-central-1,25.53,25.53,0.07,958.1,9.58,92.8,0
2025-03-25,21,eu-west-1,26.05,26.05,0.18,942.5,1.73,92.0,0
2025-03-25,21,us-east-1,15.36,15.36,0.03,824.9,1.15,95.7,0
2025-03-25,21,us-west-2,31.06,31.06,0.11,885.1,2.51,91.1,0
2025-03-25,22,ap-southeast-1,47.69,47.69,0.46,731.6,0.88,84.5,0
2025-03-25,22,eu-central-1,34.09,34.09,0.23,933.3,1.44,89.5,0
2025-03-25,22,eu-west-1,21.43,21.43,0.38,723.5,4.59,92.0,0
2025-03-25,22,us-east-1,16.8,16.8,0.2,648.0,5.64,94.3,0
2025-03-25,22,us-west-2,21.18,21.18,1.3,1000.0,2.92,86.6,0
2025-03-25,23,ap-southeast-1,56.16,56.16,1.24,707.5,2.05,77.6,1
2025-03-25,23,eu-central-1,23.31,23.31,0.2,597.3,1.6,92.6,0
2025-03-25,23,eu-west-1,101.28,101.28,0.26,901.3,3.02,71.4,1
2025-03-25,23,us-east-1,19.02,19.02,0.09,753.3,2.75,94.4,0
2025-03-25,23,us-west-2,22.35,22.35,0.1,685.4,2.69,93.5,0
2025-03-26,0,ap-southeast-1,43.75,43.75,0.01,928.7,1.27,88.3,0
2025-03-26,0,eu-central-1,29.1,29.1,0.21,993.3,1.73,91.0,0
2025-03-26,0,eu-west-1,21.28,21.28,0.2,645.8,3.89,93.1,0
2025-03-26,0,us-east-1,20.04,20.04,0.1,965.8,3.87,94.1,0
2025-03-26,0,us-west-2,24.15,24.15,0.2,630.4,2.31,92.3,0
2025-03-26,1,ap-southeast-1,49.39,49.39,0.36,1000.0,2.81,84.7,0
2025-03-26,1,eu-central-1,29.03,29.03,0.08,1000.0,5.39,91.7,0
2025-03-26,1,eu-west-1,22.63,22.63,0.06,782.6,1.08,93.6,0
2025-03-26,1,us-east-1,78.13,78.13,0.11,1000.0,1.51,78.5,1
2025-03-26,1,us-west-2,27.49,27.49,0.16,879.1,1.33,91.7,0
2025-03-26,2,ap-southeast-1,39.12,39.12,0.09,790.6,0.14,89.0,0
2025-03-26,2,eu-central-1,27.77,27.77,0.35,792.1,2.32,90.5,0
2025-03-26,2,eu-west-1,25.71,25.71,0.19,810.5,1.3,92.0,0
2025-03-26,2,us-east-1,20.35,20.35,0.49,701.9,2.49,91.7,0
2025-03-26,2,us-west-2,22.2,22.2,0.06,779.6,1.17,93.7,0
2025-03-26,3,ap-southeast-1,44.48,44.48,0.01,744.4,0.33,88.1,0
2025-03-26,3,eu-central-1,22.55,22.55,0.36,878.4,2.96,91.8,0
2025-03-26,3,eu-west-1,26.11,26.11,0.08,1000.0,1.25,92.5,0
2025-03-26,3,us-east-1,21.66,21.66,0.23,778.9,0.71,92.8,0
2025-03-26,3,us-west-2,18.75,18.75,0.07,955.5,2.08,94.6,0
2025-03-26,4,ap-southeast-1,34.66,34.66,0.16,885.9,1.73,89.8,0
2025-03-26,4,eu-central-1,31.66,31.66,0.13,743.1,1.23,90.8,0
2025-03-26,4,eu-west-1,20.54,20.54,0.74,817.0,0.53,90.1,0
2025-03-26,4,us-east-1,19.12,19.12,0.11,846.8,3.06,94.2,0
2025-03-26,4,us-west-2,19.51,19.51,0.75,812.7,0.16,90.3,0
2025-03-26,5,ap-southeast-1,50.32,50.32,0.82,926.2,1.03,81.7,1
2025-03-26,5,eu-central-1,31.12,31.12,0.64,616.2,0.1,87.9,0
2025-03-26,5,eu-west-1,28.95,28.95,0.12,585.9,0.16,91.5,0
2025-03-26,5,us-east-1,23.07,23.07,0.28,883.6,1.39,92.2,0
2025-03-26,5,us-west-2,25.89,25.89,0.59,867.7,5.22,89.6,0
2025-03-26,6,ap-southeast-1,46.08,46.08,0.0,806.3,0.88,87.7,0
2025-03-26,6,eu-central-1,25.16,25.16,0.31,761.4,6.68,91.4,0
2025-03-26,6,eu-west-1,27.15,27.15,0.91,610.1,2.23,87.3,0
2025-03-26,6,us-east-1,15.91,15.91,0.38,752.8,1.46,93.5,0
2025-03-26,6,us-west-2,24.05,24.05,0.07,859.7,4.36,93.2,0
2025-03-26,7,ap-southeast-1,36.77,36.77,0.27,1000.0,0.17,88.6,0
2025-03-26,7,eu-central-1,30.97,30.97,0.38,785.2,7.45,89.5,0
2025-03-26,7,eu-west-1,22.36,22.36,0.23,854.1,11.32,92.7,0
2025-03-26,7,us-east-1,14.64,14.64,0.1,900.9,2.62,95.5,0
2025-03-26,7,us-west-2,21.43,21.43,0.62,863.5,1.06,90.5,0
2025-03-26,8,ap-southeast-1,45.53,45.53,0.23,1000.0,5.65,86.5,0
2025-03-26,8,eu-central-1,34.01,34.01,0.11,1000.0,7.45,90.3,0
2025-03-26,8,eu-west-1,104.66,104.66,0.33,1000.0,0.46,70.1,1
2025-03-26,8,us-east-1,15.18,15.18,0.18,1000.0,6.88,94.9,0
2025-03-26,8,us-west-2,24.39,24.39,0.08,1000.0,2.09,93.0,0
2025-03-26,9,ap-southeast-1,205.38,205.38,0.68,1000.0,2.94,55.9,1
2025-03-26,9,eu-central-1,26.01,26.01,0.0,955.4,7.19,93.1,0
2025-03-26,9,eu-west-1,28.13,28.13,0.26,1000.0,0.12,91.0,0
2025-03-26,9,us-east-1,25.35,25.35,0.04,1000.0,0.17,93.0,0
2025-03-26,9,us-west-2,24.64,24.64,0.32,892.1,6.73,91.5,0
2025-03-26,10,ap-southeast-1,58.92,58.92,0.03,856.6,0.32,84.1,1
2025-03-26,10,eu-central-1,28.08,28.08,0.66,990.6,4.22,88.5,0
2025-03-26,10,eu-west-1,26.83,26.83,0.05,1000.0,3.78,92.6,0
2025-03-26,10,us-east-1,91.28,91.28,0.37,1000.0,4.35,73.4,1
2025-03-26,10,us-west-2,30.0,30.0,0.03,1000.0,0.79,91.8,0
2025-03-26,11,ap-southeast-1,63.23,63.23,0.38,1000.0,0.17,80.9,1
2025-03-26,11,eu-central-1,37.7,37.7,0.57,1000.0,2.88,86.5,0
2025-03-26,11,eu-west-1,29.24,29.24,0.16,1000.0,0.73,91.3,0
2025-03-26,11,us-east-1,20.53,20.53,0.38,1000.0,0.86,92.3,0
2025-03-26,11,us-west-2,22.31,22.31,0.7,1000.0,3.39,89.8,0
2025-03-26,12,ap-southeast-1,50.71,50.71,0.38,1000.0,9.21,84.2,1
2025-03-26,12,eu-central-1,33.69,33.69,0.04,984.8,4.65,90.8,0
2025-03-26,12,eu-west-1,27.18,27.18,0.03,1000.0,4.42,92.5,0
2025-03-26,12,us-east-1,21.57,21.57,0.07,1000.0,1.47,93.9,0
2025-03-26,12,us-west-2,20.7,20.7,0.02,1000.0,0.22,94.4,0
2025-03-26,13,ap-southeast-1,41.16,41.16,0.36,1000.0,2.86,86.8,0
2025-03-26,13,eu-central-1,29.47,29.47,0.16,1000.0,2.29,91.2,0
2025-03-26,13,eu-west-1,20.09,20.09,0.32,1000.0,3.04,92.7,0
2025-03-26,13,us-east-1,17.21,17.21,0.25,1000.0,0.1,93.9,0
2025-03-26,13,us-west-2,32.19,32.19,1.36,1000.0,1.85,83.3,0
2025-03-26,14,ap-southeast-1,53.6,53.6,0.94,1000.0,1.35,80.1,1
2025-03-26,14,eu-central-1,28.05,28.05,0.36,1000.0,0.36,90.4,0
2025-03-26,14,eu-west-1,27.08,27.08,0.2,850.4,7.28,91.6,0
2025-03-26,14,us-east-1,28.29,28.29,0.41,1000.0,0.9,90.0,0
2025-03-26,14,us-west-2,25.4,25.4,0.5,1000.0,5.38,90.2,0
2025-03-26,15,ap-southeast-1,65.61,65.61,0.57,1000.0,3.02,79.1,1
2025-03-26,15,eu-central-1,29.71,29.71,0.35,1000.0,1.24,90.0,0
2025-03-26,15,eu-west-1,27.43,27.43,0.5,963.8,1.31,89.7,0
2025-03-26,15,us-east-1,21.1,21.1,0.04,1000.0,1.75,94.2,0
2025-03-26,15,us-west-2,25.0,25.0,0.04,921.4,2.01,93.1,0
2025-03-26,16,ap-southeast-1,39.15,39.15,0.01,1000.0,3.53,89.5,0
2025-03-26,16,eu-central-1,30.05,30.05,0.65,1000.0,8.88,88.1,0
2025-03-26,16,eu-west-1,31.48,31.48,0.08,823.1,2.71,91.1,0
2025-03-26,16,us-east-1,21.04,21.04,0.28,1000.0,0.14,92.7,0
2025-03-26,16,us-west-2,27.85,27.85,0.17,1000.0,2.39,91.5,0
2025-03-26,17,ap-southeast-1,44.34,44.34,0.21,945.1,3.78,86.9,0
2025-03-26,17,eu-central-1,28.11,28.11,0.05,1000.0,1.08,92.2,0
2025-03-26,17,eu-west-1,25.74,25.74,0.06,1000.0,1.56,92.8,0
2025-03-26,17,us-east-1,22.95,22.95,0.1,1000.0,1.69,93.3,0
2025-03-26,17,us-west-2,21.55,21.55,0.01,936.2,5.96,94.2,0
2025-03-26,18,ap-southeast-1,56.49,56.49,0.17,922.9,1.62,83.9,1
2025-03-26,18,eu-central-1,23.79,23.79,0.18,1000.0,5.06,92.5,0
2025-03-26,18,eu-west-1,35.99,35.99,0.17,1000.0,2.49,89.4,0
2025-03-26,18,us-east-1,22.19,22.19,1.09,1000.0,6.55,87.6,0
2025-03-26,18,us-west-2,28.15,28.15,0.38,1000.0,3.14,90.2,0
2025-03-26,19,ap-southeast-1,46.04,46.04,0.11,947.3,1.4,87.1,0
2025-03-26,19,eu-central-1,32.79,32.79,0.03,885.2,0.24,91.1,0
2025-03-26,19,eu-west-1,17.83,17.83,0.78,863.7,1.49,90.5,0
2025-03-26,19,us-east-1,18.6,18.6,0.2,814.5,0.28,93.9,0
2025-03-26,19,us-west-2,20.74,20.74,0.11,1000.0,2.98,93.8,0
2025-03-26,20,ap-southeast-1,41.32,41.32,0.18,962.5,0.1,87.9,0
2025-03-26,20,eu-central-1,32.08,32.08,0.15,889.2,1.02,90.6,0
2025-03-26,20,eu-west-1,29.92,29.92,0.37,857.4,0.52,89.8,0
2025-03-26,20,us-east-1,15.87,15.87,0.49,933.6,3.61,92.8,0
2025-03-26,20,us-west-2,25.71,25.71,0.25,712.9,2.21,91.7,0
2025-03-26,21,ap-southeast-1,46.49,46.49,0.14,791.1,6.53,86.7,0
2025-03-26,21,eu-central-1,22.65,22.65,0.0,788.4,1.08,93.9,0
2025-03-26,21,eu-west-1,24.16,24.16,0.16,738.7,1.77,92.6,0
2025-03-26,21,us-east-1,19.27,19.27,0.24,809.9,1.32,93.4,0
2025-03-26,21,us-west-2,16.94,16.94,0.81,1000.0,2.51,90.6,0
2025-03-26,22,ap-southeast-1,51.6,51.6,0.17,760.1,2.31,85.2,1
2025-03-26,22,eu-central-1,28.57,28.57,0.69,944.0,0.13,88.3,0
2025-03-26,22,eu-west-1,28.22,28.22,0.22,827.2,1.88,91.2,0
2025-03-26,22,us-east-1,91.28,91.28,0.01,990.8,2.66,75.6,1
2025-03-26,22,us-west-2,23.49,23.49,0.11,864.5,4.07,93.1,0
2025-03-26,23,ap-southeast-1,44.34,44.34,1.16,987.7,0.57,81.2,0
2025-03-26,23,eu-central-1,24.21,24.21,0.22,682.2,0.32,92.2,0
2025-03-26,23,eu-west-1,25.3,25.3,0.03,670.3,4.16,93.1,0
2025-03-26,23,us-east-1,21.63,21.63,0.3,894.4,0.75,92.4,0
2025-03-26,23,us-west-2,21.24,21.24,0.02,881.5,9.69,94.2,0
2025-03-27,0,ap-southeast-1,43.74,43.74,0.03,764.2,6.3,88.2,0
2025-03-27,0,eu-central-1,26.9,26.9,0.57,820.7,0.54,89.4,0
2025-03-27,0,eu-west-1,29.27,29.27,1.25,1000.0,3.32,84.7,0
2025-03-27,0,us-east-1,22.3,22.3,0.91,837.1,0.43,88.6,0
2025-03-27,0,us-west-2,19.67,19.67,0.34,752.9,3.97,92.7,0
2025-03-27,1,ap-southeast-1,48.98,48.98,0.77,856.6,6.16,82.3,0
2025-03-27,1,eu-central-1,26.55,26.55,0.02,916.7,4.55,92.8,0
2025-03-27,1,eu-west-1,23.55,23.55,0.33,813.6,2.73,91.7,0
2025-03-27,1,us-east-1,16.62,16.62,0.28,903.7,0.44,93.9,0
2025-03-27,1,us-west-2,24.55,24.55,0.46,945.9,3.07,90.7,0
2025-03-27,2,ap-southeast-1,43.17,43.17,0.2,841.4,11.32,87.3,0
2025-03-27,2,eu-central-1,26.2,26.2,0.08,815.5,0.16,92.6,0
2025-03-27,2,eu-west-1,20.88,20.88,0.1,791.3,0.3,93.8,0
2025-03-27,2,us-east-1,54.38,54.38,0.51,661.5,0.18,82.4,1
2025-03-27,2,us-west-2,21.51,21.51,0.95,806.1,0.36,88.6,0
2025-03-27,3,ap-southeast-1,52.71,52.71,0.29,674.0,5.18,84.2,1
2025-03-27,3,eu-central-1,36.41,36.41,0.49,825.2,0.89,87.4,0
2025-03-27,3,eu-west-1,30.33,30.33,0.26,1000.0,3.19,90.3,0
2025-03-27,3,us-east-1,17.66,17.66,0.65,714.8,0.51,91.4,0
2025-03-27,3,us-west-2,23.54,23.54,0.05,712.3,4.25,93.4,0
2025-03-27,4,ap-southeast-1,58.68,58.68,0.53,873.1,15.28,81.2,1
2025-03-27,4,eu-central-1,26.15,26.15,0.15,833.5,0.1,92.1,0
2025-03-27,4,eu-west-1,24.57,24.57,0.04,700.9,1.73,93.2,0
2025-03-27,4,us-east-1,18.15,18.15,0.08,706.7,2.73,94.7,0
2025-03-27,4,us-west-2,26.18,26.18,0.15,1000.0,3.33,92.1,0
2025-03-27,5,ap-southeast-1,38.97,38.97,0.13,861.3,0.7,88.8,0
2025-03-27,5,eu-central-1,24.61,24.61,0.49,749.7,2.97,90.5,0
2025-03-27,5,eu-west-1,25.83,25.83,1.01,714.9,5.61,87.0,0
2025-03-27,5,us-east-1,20.95,20.95,0.07,867.2,5.34,94.0,0
2025-03-27,5,us-west-2,24.61,24.61,0.56,803.7,3.68,90.1,0
2025-03-27,6,ap-southeast-1,36.56,36.56,0.17,893.2,4.62,89.2,0
2025-03-27,6,eu-central-1,24.8,24.8,0.15,990.9,2.42,92.5,0
2025-03-27,6,eu-west-1,29.63,29.63,0.06,718.5,6.31,91.8,0
2025-03-27,6,us-east-1,13.43,13.43,0.28,1000.0,4.21,94.7,0
2025-03-27,6,us-west-2,18.43,18.43,0.49,626.9,0.66,92.1,0
2025-03-27,7,ap-southeast-1,47.51,47.51,0.16,869.0,4.33,86.4,0
2025-03-27,7,eu-central-1,32.38,32.38,0.07,727.8,2.59,91.0,0
2025-03-27,7,eu-west-1,21.13,21.13,0.31,841.9,0.14,92.5,0
2025-03-27,7,us-east-1,22.13,22.13,0.16,1000.0,2.89,93.1,0
2025-03-27,7,us-west-2,20.21,20.21,0.29,817.8,5.84,92.8,0
2025-03-27,8,ap-southeast-1,41.77,41.77,0.16,1000.0,0.66,87.9,0
2025-03-27,8,eu-central-1,24.22,24.22,0.11,1000.0,1.17,92.9,0
2025-03-27,8,eu-west-1,31.32,31.32,0.09,1000.0,4.3,91.1,0
2025-03-27,8,us-east-1,20.21,20.21,0.6,1000.0,0.29,91.0,0
2025-03-27,8,us-west-2,27.04,27.04,0.1,1000.0,0.26,92.2,0
2025-03-27,9,ap-southeast-1,41.64,41.64,0.86,1000.0,0.26,83.8,0
2025-03-27,9,eu-central-1,28.52,28.52,0.03,1000.0,0.58,92.2,0
2025-03-27,9,eu-west-1,26.21,26.21,0.42,1000.0,0.1,90.5,0
2025-03-27,9,us-east-1,19.37,19.37,0.76,1000.0,0.85,90.3,0
2025-03-27,9,us-west-2,28.31,28.31,0.11,1000.0,0.73,91.8,0
2025-03-27,10,ap-southeast-1,35.84,35.84,0.58,1000.0,9.71,86.9,0
2025-03-27,10,eu-central-1,39.19,39.19,0.47,957.0,3.19,86.7,0
2025-03-27,10,eu-west-1,28.18,28.18,0.5,1000.0,1.14,89.5,0
2025-03-27,10,us-east-1,17.56,17.56,0.14,824.0,0.93,94.5,0
2025-03-27,10,us-west-2,23.82,23.82,0.04,1000.0,2.72,93.4,0
2025-03-27,11,ap-southeast-1,48.78,48.78,0.04,1000.0,0.88,86.8,0
2025-03-27,11,eu-central-1,33.38,33.38,0.19,1000.0,4.17,89.9,0
2025-03-27,11,eu-west-1,29.06,29.06,0.37,754.1,1.95,90.0,0
2025-03-27,11,us-east-1,15.56,15.56,0.09,1000.0,0.72,95.3,0
2025-03-27,11,us-west-2,26.05,26.05,0.84,952.5,2.8,88.0,0
2025-03-27,12,ap-southeast-1,51.49,51.49,0.12,1000.0,5.12,85.6,1
2025-03-27,12,eu-central-1,33.13,33.13,0.43,963.1,0.37,88.6,0
2025-03-27,12,eu-west-1,22.28,22.28,0.32,1000.0,0.4,92.2,0
2025-03-27,12,us-east-1,23.26,23.26,0.5,982.1,1.81,90.8,0
2025-03-27,12,us-west-2,26.03,26.03,0.06,891.9,0.94,92.7,0
2025-03-27,13,ap-southeast-1,47.73,47.73,0.18,1000.0,0.1,86.2,0
2025-03-27,13,eu-central-1,42.5,42.5,0.38,1000.0,1.67,86.4,0
2025-03-27,13,eu-west-1,25.39,25.39,0.74,1000.0,3.43,88.8,0
2025-03-27,13,us-east-1,20.93,20.93,0.11,1000.0,1.92,93.8,0
2025-03-27,13,us-west-2,26.56,26.56,0.28,1000.0,3.02,91.2,0
2025-03-27,14,ap-southeast-1,62.54,62.54,0.17,913.3,0.1,82.3,1
2025-03-27,14,eu-central-1,33.39,33.39,0.05,927.3,0.71,90.8,0
2025-03-27,14,eu-west-1,34.58,34.58,0.03,1000.0,0.1,90.6,0
2025-03-27,14,us-east-1,16.69,16.69,0.57,1000.0,1.1,92.1,0
2025-03-27,14,us-west-2,20.83,20.83,0.29,1000.0,1.23,92.7,0
2025-03-27,15,ap-southeast-1,61.96,61.96,0.32,1000.0,1.57,81.6,1
2025-03-27,15,eu-central-1,28.78,28.78,0.05,1000.0,0.46,92.0,0
2025-03-27,15,eu-west-1,32.57,32.57,0.13,1000.0,0.46,90.5,0
2025-03-27,15,us-east-1,16.68,16.68,0.18,1000.0,1.09,94.5,0
2025-03-27,15,us-west-2,19.93,19.93,0.15,1000.0,0.1,93.8,0
2025-03-27,16,ap-southeast-1,66.72,66.72,0.05,1000.0,0.68,81.9,1
2025-03-27,16,eu-central-1,30.84,30.84,0.46,914.0,3.31,89.0,0
2025-03-27,16,eu-west-1,28.48,28.48,0.09,963.2,2.17,91.8,0
2025-03-27,16,us-east-1,19.66,19.66,0.36,796.2,4.41,92.6,0
2025-03-27,16,us-west-2,16.73,16.73,0.14,1000.0,0.44,94.7,0
2025-03-27,17,ap-southeast-1,52.11,52.11,0.24,1000.0,2.93,84.6,1
2025-03-27,17,eu-central-1,26.72,26.72,0.42,893.2,1.93,90.3,0
2025-03-27,17,eu-west-1,29.8,29.8,1.46,1000.0,3.13,83.3,0
2025-03-27,17,us-east-1,25.88,25.88,0.03,1000.0,3.89,92.9,0
2025-03-27,17,us-west-2,25.7,25.7,0.36,1000.0,5.36,91.0,0
2025-03-27,18,ap-southeast-1,60.94,60.94,0.0,1000.0,2.08,83.7,1
2025-03-27,18,eu-central-1,38.27,38.27,0.16,1000.0,0.61,88.9,0
2025-03-27,18,eu-west-1,27.48,27.48,0.16,1000.0,6.21,91.7,0
2025-03-27,18,us-east-1,19.89,19.89,0.32,937.7,0.92,92.8,0
2025-03-27,18,us-west-2,91.03,91.03,0.16,1000.0,0.63,74.8,1
2025-03-27,19,ap-southeast-1,47.08,47.08,0.11,793.1,0.2,86.8,0
2025-03-27,19,eu-central-1,30.41,30.41,0.02,915.1,0.93,91.7,0
2025-03-27,19,eu-west-1,30.09,30.09,0.4,852.8,3.06,89.6,0
2025-03-27,19,us-east-1,13.94,13.94,0.18,878.7,6.13,95.2,0
2025-03-27,19,us-west-2,29.05,29.05,0.09,868.3,0.3,91.7,0
2025-03-27,20,ap-southeast-1,46.41,46.41,0.34,737.0,0.44,85.6,0
2025-03-27,20,eu-central-1,32.72,32.72,0.0,866.8,8.5,91.3,0
2025-03-27,20,eu-west-1,24.25,24.25,0.35,1000.0,2.79,91.5,0
2025-03-27,20,us-east-1,17.34,17.34,0.26,1000.0,7.63,93.8,0
2025-03-27,20,us-west-2,24.16,24.16,0.15,834.0,2.87,92.6,0
2025-03-27,21,ap-southeast-1,41.85,41.85,0.93,887.0,1.23,83.2,0
2025-03-27,21,eu-central-1,33.09,33.09,0.1,771.2,4.72,90.6,0
2025-03-27,21,eu-west-1,25.87,25.87,0.07,668.5,1.25,92.7,0
2025-03-27,21,us-east-1,17.26,17.26,0.06,739.7,0.99,95.1,0
2025-03-27,21,us-west-2,18.1,18.1,0.5,962.7,1.45,92.2,0
2025-03-27,22,ap-southeast-1,29.72,29.72,1.15,937.9,0.51,85.2,0
2025-03-27,22,eu-central-1,26.26,26.26,0.0,958.9,5.3,93.0,0
2025-03-27,22,eu-west-1,29.3,29.3,0.08,690.3,0.1,91.7,0
2025-03-27,22,us-east-1,12.5,12.5,0.4,546.4,1.09,94.3,0
2025-03-27,22,us-west-2,25.75,25.75,1.02,887.3,3.98,87.0,0
2025-03-27,23,ap-southeast-1,49.3,49.3,0.62,788.4,3.93,83.1,0
2025-03-27,23,eu-central-1,24.03,24.03,0.08,751.1,1.54,93.1,0
2025-03-27,23,eu-west-1,22.08,22.08,0.1,588.6,0.32,93.5,0
2025-03-27,23,us-east-1,17.85,17.85,0.6,815.7,1.76,91.7,0
2025-03-27,23,us-west-2,25.75,25.75,0.3,863.0,4.94,91.3,0
2025-03-28,0,ap-southeast-1,52.79,52.79,0.13,833.0,1.34,85.1,1
2025-03-28,0,eu-central-1,27.78,27.78,0.16,945.2,2.44,91.6,0
2025-03-28,0,eu-west-1,30.85,30.85,0.16,766.1,1.91,90.8,0
2025-03-28,0,us-east-1,17.38,17.38,0.07,982.1,7.08,94.9,0
2025-03-28,0,us-west-2,26.02,26.02,0.46,845.0,4.68,90.3,0
2025-03-28,1,ap-southeast-1,34.7,34.7,0.01,603.6,0.25,90.7,0
2025-03-28,1,eu-central-1,24.33,24.33,0.04,745.3,1.18,93.3,0
2025-03-28,1,eu-west-1,19.26,19.26,0.08,869.4,2.81,94.4,0
2025-03-28,1,us-east-1,19.88,19.88,0.03,1000.0,5.23,94.5,0
2025-03-28,1,us-west-2,19.33,19.33,0.23,737.0,0.94,93.5,0
2025-03-28,2,ap-southeast-1,44.93,44.93,0.56,1000.0,1.66,84.7,0
2025-03-28,2,eu-central-1,28.69,28.69,0.03,772.7,0.2,92.2,0
2025-03-28,2,eu-west-1,31.11,31.11,0.01,862.3,1.35,91.7,0
2025-03-28,2,us-east-1,22.99,22.99,0.01,702.5,0.27,93.8,0
2025-03-28,2,us-west-2,24.36,24.36,0.29,849.9,1.76,91.7,0
2025-03-28,3,ap-southeast-1,51.69,51.69,0.73,662.2,0.24,81.9,1
2025-03-28,3,eu-central-1,32.75,32.75,0.68,941.0,1.28,87.2,0
2025-03-28,3,eu-west-1,23.6,23.6,0.64,867.9,3.28,89.9,0
2025-03-28,3,us-east-1,21.04,21.04,0.31,909.6,1.25,92.5,0
2025-03-28,3,us-west-2,84.5,84.5,1.33,772.4,2.63,69.5,1
2025-03-28,4,ap-southeast-1,42.57,42.57,0.52,895.0,0.35,85.6,0
2025-03-28,4,eu-central-1,27.29,27.29,0.26,953.7,2.25,91.1,0
2025-03-28,4,eu-west-1,24.09,24.09,1.01,680.7,1.84,87.5,0
2025-03-28,4,us-east-1,17.27,17.27,0.28,794.2,2.02,93.7,0
2025-03-28,4,us-west-2,27.18,27.18,0.17,891.6,0.97,91.7,0
2025-03-28,5,ap-southeast-1,53.05,53.05,0.04,878.6,0.68,85.6,1
2025-03-28,5,eu-central-1,28.63,28.63,0.82,921.7,0.85,87.5,0
2025-03-28,5,eu-west-1,17.91,17.91,0.12,946.4,0.19,94.5,0
2025-03-28,5,us-east-1,15.01,15.01,0.24,837.3,1.75,94.6,0
2025-03-28,5,us-west-2,16.97,16.97,0.02,824.9,0.1,95.3,0
2025-03-28,6,ap-southeast-1,44.05,44.05,1.85,855.5,4.91,77.1,0
2025-03-28,6,eu-central-1,27.61,27.61,0.13,724.0,4.71,91.9,0
2025-03-28,6,eu-west-1,23.29,23.29,0.12,878.8,0.53,93.0,0
2025-03-28,6,us-east-1,24.95,24.95,0.08,1000.0,0.54,92.9,0
2025-03-28,6,us-west-2,21.28,21.28,0.94,1000.0,1.71,88.7,0
2025-03-28,7,ap-southeast-1,41.46,41.46,0.09,858.3,6.46,88.4,0
2025-03-28,7,eu-central-1,31.37,31.37,0.34,796.4,0.41,89.6,0
2025-03-28,7,eu-west-1,21.1,21.1,0.0,938.0,4.58,94.4,0
2025-03-28,7,us-east-1,18.16,18.16,0.15,669.6,4.89,94.3,0
2025-03-28,7,us-west-2,108.92,108.92,0.47,698.6,0.1,68.1,1
2025-03-28,8,ap-southeast-1,61.46,61.46,0.42,947.2,4.38,81.1,1
2025-03-28,8,eu-central-1,28.97,28.97,0.08,1000.0,1.14,91.8,0
2025-03-28,8,eu-west-1,26.13,26.13,0.38,809.7,3.23,90.8,0
2025-03-28,8,us-east-1,20.74,20.74,0.3,1000.0,2.82,92.7,0
2025-03-28,8,us-west-2,32.37,32.37,0.17,621.3,7.52,90.4,0
2025-03-28,9,ap-southeast-1,44.5,44.5,0.79,1000.0,1.02,83.4,0
2025-03-28,9,eu-central-1,21.59,21.59,0.32,972.5,0.33,92.3,0
2025-03-28,9,eu-west-1,28.16,28.16,0.58,1000.0,5.63,89.0,0
2025-03-28,9,us-east-1,20.63,20.63,0.23,1000.0,4.55,93.1,0
2025-03-28,9,us-west-2,27.16,27.16,1.33,1000.0,3.98,84.8,0
2025-03-28,10,ap-southeast-1,46.12,46.12,0.09,1000.0,0.8,87.2,0
2025-03-28,10,eu-central-1,34.47,34.47,0.05,1000.0,1.3,90.5,0
2025-03-28,10,eu-west-1,32.88,32.88,0.05,919.7,0.31,90.9,0
2025-03-28,10,us-east-1,21.32,21.32,1.45,1000.0,4.89,85.6,0
2025-03-28,10,us-west-2,28.68,28.68,0.14,1000.0,0.53,91.5,0
2025-03-28,11,ap-southeast-1,44.8,44.8,0.79,1000.0,1.99,83.3,0
2025-03-28,11,eu-central-1,36.97,36.97,0.0,730.3,0.1,90.1,0
2025-03-28,11,eu-west-1,29.65,29.65,0.06,1000.0,11.57,91.8,0
2025-03-28,11,us-east-1,20.25,20.25,0.05,1000.0,3.45,94.3,0
2025-03-28,11,us-west-2,27.11,27.11,0.15,1000.0,0.85,91.8,0
2025-03-28,12,ap-southeast-1,42.88,42.88,0.12,1000.0,3.2,87.8,0
2025-03-28,12,eu-central-1,34.36,34.36,0.88,983.5,0.8,85.5,0
2025-03-28,12,eu-west-1,30.08,30.08,0.52,1000.0,0.59,88.9,0
2025-03-28,12,us-east-1,18.92,18.92,0.39,1000.0,1.45,92.6,0
2025-03-28,12,us-west-2,26.72,26.72,0.31,912.2,10.16,91.0,0
2025-03-28,13,ap-southeast-1,52.94,52.94,1.24,861.6,12.54,78.5,1
2025-03-28,13,eu-central-1,29.11,29.11,0.27,1000.0,1.28,90.6,0
2025-03-28,13,eu-west-1,24.03,24.03,0.32,1000.0,0.1,91.7,0
2025-03-28,13,us-east-1,19.0,19.0,0.17,1000.0,2.36,93.9,0
2025-03-28,13,us-west-2,22.02,22.02,0.11,1000.0,1.17,93.5,0
2025-03-28,14,ap-southeast-1,47.77,47.77,0.11,983.5,0.35,86.6,0
2025-03-28,14,eu-central-1,26.72,26.72,0.86,661.3,1.63,87.7,0
2025-03-28,14,eu-west-1,24.95,24.95,0.02,972.2,14.9,93.3,0
2025-03-28,14,us-east-1,20.6,20.6,0.18,1000.0,0.44,93.4,0
2025-03-28,14,us-west-2,23.61,23.61,0.4,1000.0,3.83,91.3,0
2025-03-28,15,ap-southeast-1,55.54,55.54,1.01,1000.0,0.13,79.1,1
2025-03-28,15,eu-central-1,34.59,34.59,0.13,887.2,1.96,90.0,0
2025-03-28,15,eu-west-1,36.51,36.51,0.32,1000.0,0.82,88.3,0
2025-03-28,15,us-east-1,19.01,19.01,0.42,1000.0,2.8,92.4,0
2025-03-28,15,us-west-2,25.57,25.57,0.06,994.6,1.48,92.9,0
2025-03-28,16,ap-southeast-1,218.29,218.29,0.02,992.8,2.96,59.9,1
2025-03-28,16,eu-central-1,32.88,32.88,0.13,1000.0,0.8,90.4,0
2025-03-28,16,eu-west-1,25.58,25.58,0.12,866.1,2.76,92.4,0
2025-03-28,16,us-east-1,18.49,18.49,0.39,1000.0,0.49,92.7,0
2025-03-28,16,us-west-2,22.84,22.84,0.04,1000.0,4.99,93.7,0
2025-03-28,17,ap-southeast-1,43.04,43.04,0.41,1000.0,4.46,86.1,0
2025-03-28,17,eu-central-1,31.59,31.59,0.17,1000.0,1.85,90.6,0
2025-03-28,17,eu-west-1,35.89,35.89,0.15,1000.0,0.49,89.5,0
2025-03-28,17,us-east-1,21.03,21.03,1.56,1000.0,2.96,85.0,0
2025-03-28,17,us-west-2,22.14,22.14,0.25,1000.0,3.04,92.6,0
2025-03-28,18,ap-southeast-1,52.15,52.15,0.25,1000.0,4.68,84.6,1
2025-03-28,18,eu-central-1,41.0,41.0,0.4,1000.0,1.78,86.6,0
2025-03-28,18,eu-west-1,27.7,27.7,0.48,1000.0,2.17,89.7,0
2025-03-28,18,us-east-1,19.91,19.91,0.04,1000.0,0.65,94.4,0
2025-03-28,18,us-west-2,24.52,24.52,0.27,1000.0,0.1,91.9,0
2025-03-28,19,ap-southeast-1,54.92,54.92,0.2,786.8,2.84,84.2,1
2025-03-28,19,eu-central-1,24.02,24.02,0.25,1000.0,0.95,92.1,0
2025-03-28,19,eu-west-1,25.01,25.01,1.68,984.2,5.86,83.2,0
2025-03-28,19,us-east-1,22.06,22.06,0.03,846.5,0.31,93.9,0
2025-03-28,19,us-west-2,20.0,20.0,0.03,829.3,0.87,94.5,0
2025-03-28,20,ap-southeast-1,47.55,47.55,0.08,830.1,7.7,86.9,0
2025-03-28,20,eu-central-1,35.46,35.46,4.01,902.0,4.43,66.5,0
2025-03-28,20,eu-west-1,29.01,29.01,0.15,786.8,0.96,91.3,0
2025-03-28,20,us-east-1,12.5,12.5,0.39,985.1,0.45,94.3,0
2025-03-28,20,us-west-2,22.16,22.16,1.0,855.6,2.04,88.1,0
2025-03-28,21,ap-southeast-1,41.02,41.02,0.37,945.3,1.79,86.9,0
2025-03-28,21,eu-central-1,28.13,28.13,0.01,887.6,1.97,92.5,0
2025-03-28,21,eu-west-1,29.77,29.77,0.88,787.2,2.77,86.8,0
2025-03-28,21,us-east-1,20.95,20.95,0.26,843.8,0.1,92.9,0
2025-03-28,21,us-west-2,20.54,20.54,0.26,778.4,6.52,93.0,0
2025-03-28,22,ap-southeast-1,34.95,34.95,0.06,1000.0,6.13,90.3,0
2025-03-28,22,eu-central-1,20.29,20.29,0.37,857.9,1.01,92.4,0
2025-03-28,22,eu-west-1,24.58,24.58,0.16,758.3,0.52,92.5,0
2025-03-28,22,us-east-1,21.36,21.36,0.1,637.2,3.17,93.7,0
2025-03-28,22,us-west-2,19.74,19.74,0.05,764.4,0.27,94.4,0
2025-03-28,23,ap-southeast-1,40.63,40.63,0.24,772.5,8.59,87.7,0
2025-03-28,23,eu-central-1,27.25,27.25,0.12,531.4,7.36,92.0,0
2025-03-28,23,eu-west-1,23.54,23.54,0.44,955.1,2.45,91.1,0
2025-03-28,23,us-east-1,12.5,12.5,0.02,1000.0,3.3,96.5,0
2025-03-28,23,us-west-2,18.94,18.94,0.11,897.8,2.3,94.3,0
2025-03-29,0,ap-southeast-1,44.71,44.71,0.09,1000.0,4.7,87.5,0
2025-03-29,0,eu-central-1,32.03,32.03,0.06,682.7,4.66,91.1,0
2025-03-29,0,eu-west-1,24.79,24.79,0.2,764.9,1.03,92.2,0
2025-03-29,0,us-east-1,17.07,17.07,0.03,741.3,1.81,95.3,0
2025-03-29,0,us-west-2,22.02,22.02,0.48,805.8,0.9,91.2,0
2025-03-29,1,ap-southeast-1,29.38,29.38,0.93,816.2,0.93,86.6,0
2025-03-29,1,eu-central-1,26.47,26.47,0.21,862.1,10.13,91.7,0
2025-03-29,1,eu-west-1,26.27,26.27,0.68,927.4,0.59,88.9,0
2025-03-29,1,us-east-1,17.0,17.0,0.67,771.5,0.44,91.4,0
2025-03-29,1,us-west-2,24.93,24.93,0.22,1000.0,5.5,92.0,0
2025-03-29,2,ap-southeast-1,36.81,36.81,0.01,743.7,0.55,90.1,0
2025-03-29,2,eu-central-1,21.81,21.81,0.21,923.9,2.95,92.9,0
2025-03-29,2,eu-west-1,28.34,28.34,0.72,804.1,0.94,88.2,0
2025-03-29,2,us-east-1,14.2,14.2,0.06,778.5,0.22,95.8,0
2025-03-29,2,us-west-2,24.15,24.15,0.06,951.1,3.62,93.2,0
2025-03-29,3,ap-southeast-1,40.02,40.02,0.07,879.9,1.99,88.9,0
2025-03-29,3,eu-central-1,27.31,27.31,0.04,884.8,1.19,92.5,0
2025-03-29,3,eu-west-1,25.02,25.02,0.03,612.9,0.49,93.2,0
2025-03-29,3,us-east-1,15.9,15.9,0.12,1000.0,0.1,95.1,0
2025-03-29,3,us-west-2,16.96,16.96,0.03,1000.0,1.15,95.3,0
2025-03-29,4,ap-southeast-1,43.26,43.26,0.08,711.1,1.51,88.0,0
2025-03-29,4,eu-central-1,24.4,24.4,0.07,742.9,0.82,93.1,0
2025-03-29,4,eu-west-1,27.32,27.32,0.83,781.6,5.8,87.8,0
2025-03-29,4,us-east-1,15.0,15.0,0.08,593.7,0.45,95.5,0
2025-03-29,4,us-west-2,24.84,24.84,0.17,582.6,0.46,92.4,0
2025-03-29,5,ap-southeast-1,44.63,44.63,0.16,906.6,5.25,87.1,0
2025-03-29,5,eu-central-1,30.07,30.07,0.16,962.5,2.72,91.0,0
2025-03-29,5,eu-west-1,31.14,31.14,0.52,708.5,1.27,88.6,0
2025-03-29,5,us-east-1,22.73,22.73,0.13,1000.0,5.54,93.1,0
2025-03-29,5,us-west-2,24.12,24.12,0.12,1000.0,0.1,92.8,0
2025-03-29,6,ap-southeast-1,40.88,40.88,0.08,1000.0,0.26,88.6,0
2025-03-29,6,eu-central-1,31.25,31.25,0.16,1000.0,9.88,90.7,0
2025-03-29,6,eu-west-1,26.43,26.43,0.47,854.1,0.7,90.1,0
2025-03-29,6,us-east-1,20.53,20.53,0.02,976.7,0.69,94.4,0
2025-03-29,6,us-west-2,118.51,118.51,0.32,563.8,2.43,66.5,1
2025-03-29,7,ap-southeast-1,48.41,48.41,0.2,982.7,0.75,85.9,0
2025-03-29,7,eu-central-1,23.56,23.56,0.12,962.6,2.46,93.0,0
2025-03-29,7,eu-west-1,26.17,26.17,0.07,707.2,1.49,92.6,0
2025-03-29,7,us-east-1,21.43,21.43,0.22,876.8,1.09,93.0,0
2025-03-29,7,us-west-2,25.58,25.58,0.78,698.7,1.3,88.5,0
2025-03-29,8,ap-southeast-1,52.72,52.72,0.68,1000.0,3.48,81.9,1
2025-03-29,8,eu-central-1,28.79,28.79,0.05,1000.0,5.33,92.0,0
2025-03-29,8,eu-west-1,22.2,22.2,0.54,1000.0,0.97,90.8,0
2025-03-29,8,us-east-1,22.94,22.94,0.02,1000.0,0.28,93.7,0
2025-03-29,8,us-west-2,22.54,22.54,0.09,831.6,0.94,93.4,0
2025-03-29,9,ap-southeast-1,230.46,230.46,0.41,1000.0,0.25,57.5,1
2025-03-29,9,eu-central-1,35.85,35.85,0.0,1000.0,1.0,90.4,0
2025-03-29,9,eu-west-1,17.4,17.4,0.63,1000.0,3.41,91.6,0
2025-03-29,9,us-east-1,17.19,17.19,0.53,1000.0,0.63,92.2,0
2025-03-29,9,us-west-2,24.16,24.16,0.64,1000.0,10.58,89.7,0
2025-03-29,10,ap-southeast-1,56.75,56.75,0.29,959.7,0.97,83.2,1
2025-03-29,10,eu-central-1,28.05,28.05,1.16,1000.0,1.31,85.6,0
2025-03-29,10,eu-west-1,30.42,30.42,0.11,1000.0,8.87,91.2,0
2025-03-29,10,us-east-1,19.07,19.07,0.09,1000.0,1.83,94.4,0
2025-03-29,10,us-west-2,32.09,32.09,0.84,1000.0,1.57,86.4,0
2025-03-29,11,ap-southeast-1,56.11,56.11,0.03,985.9,1.22,84.9,1
2025-03-29,11,eu-central-1,26.97,26.97,0.95,1000.0,5.92,87.1,0
2025-03-29,11,eu-west-1,28.34,28.34,1.0,1000.0,1.44,86.4,0
2025-03-29,11,us-east-1,22.22,22.22,0.26,1000.0,2.34,92.5,0
2025-03-29,11,us-west-2,31.87,31.87,0.77,1000.0,3.46,86.9,0
2025-03-29,12,ap-southeast-1,40.46,40.46,0.39,1000.0,2.44,86.9,0
2025-03-29,12,eu-central-1,26.51,26.51,0.22,1000.0,3.54,91.6,0
2025-03-29,12,eu-west-1,26.53,26.53,0.02,1000.0,4.93,92.8,0
2025-03-29,12,us-east-1,16.91,16.91,0.7,1000.0,0.7,91.3,0
2025-03-29,12,us-west-2,25.01,25.01,5.11,1000.0,0.49,63.3,0
2025-03-29,13,ap-southeast-1,51.5,51.5,0.06,1000.0,0.43,85.9,1
2025-03-29,13,eu-central-1,33.9,33.9,1.75,1000.0,9.96,80.4,0
2025-03-29,13,eu-west-1,29.8,29.8,0.05,1000.0,2.09,91.7,0
2025-03-29,13,us-east-1,22.91,22.91,0.35,1000.0,0.15,91.8,0
2025-03-29,13,us-west-2,27.59,27.59,0.61,1000.0,0.1,89.0,0
2025-03-29,14,ap-southeast-1,58.66,58.66,0.51,903.2,4.93,81.3,1
2025-03-29,14,eu-central-1,33.69,33.69,0.37,1000.0,3.73,88.8,0
2025-03-29,14,eu-west-1,28.49,28.49,0.26,984.7,0.43,90.9,0
2025-03-29,14,us-east-1,76.37,76.37,0.25,1000.0,1.24,78.1,1
2025-03-29,14,us-west-2,27.92,27.92,0.3,959.5,1.35,90.8,0
2025-03-29,15,ap-southeast-1,59.96,59.96,0.1,1000.0,1.48,83.4,1
2025-03-29,15,eu-central-1,28.9,28.9,0.02,970.8,1.49,92.1,0
2025-03-29,15,eu-west-1,33.61,33.61,0.28,828.3,2.93,89.3,0
2025-03-29,15,us-east-1,19.54,19.54,0.13,1000.0,0.67,94.0,0
2025-03-29,15,us-west-2,31.97,31.97,0.17,1000.0,2.74,90.4,0
2025-03-29,16,ap-southeast-1,54.63,54.63,0.18,1000.0,6.22,84.4,1
2025-03-29,16,eu-central-1,32.22,32.22,0.04,1000.0,1.89,91.2,0
2025-03-29,16,eu-west-1,29.12,29.12,0.34,998.0,1.8,90.2,0
2025-03-29,16,us-east-1,22.91,22.91,0.13,1000.0,0.62,93.1,0
2025-03-29,16,us-west-2,26.61,26.61,0.22,1000.0,1.77,91.6,0
2025-03-29,17,ap-southeast-1,49.94,49.94,0.14,1000.0,1.58,85.8,0
2025-03-29,17,eu-central-1,39.58,39.58,0.82,1000.0,5.77,84.5,0
2025-03-29,17,eu-west-1,25.53,25.53,0.01,1000.0,2.63,93.2,0
2025-03-29,17,us-east-1,22.08,22.08,0.36,1000.0,8.04,91.9,0
2025-03-29,17,us-west-2,20.7,20.7,0.68,1000.0,5.53,90.4,0
2025-03-29,18,ap-southeast-1,55.02,55.02,0.65,903.2,0.8,81.5,1
2025-03-29,18,eu-central-1,27.5,27.5,0.33,1000.0,2.01,90.7,0
2025-03-29,18,eu-west-1,33.02,33.02,1.06,1000.0,5.51,84.8,0
2025-03-29,18,us-east-1,19.58,19.58,1.7,1000.0,2.39,84.6,0
2025-03-29,18,us-west-2,23.49,23.49,0.48,1000.0,1.42,90.9,0
2025-03-29,19,ap-southeast-1,50.45,50.45,0.04,683.7,0.38,86.3,1
2025-03-29,19,eu-central-1,19.8,19.8,0.56,957.2,0.74,91.4,0
2025-03-29,19,eu-west-1,24.19,24.19,0.01,808.6,1.45,93.5,0
2025-03-29,19,us-east-1,21.13,21.13,0.32,497.2,2.03,92.4,0
2025-03-29,19,us-west-2,32.34,32.34,0.05,813.6,0.93,91.1,0
2025-03-29,20,ap-southeast-1,45.78,45.78,0.25,871.1,0.1,86.3,0
2025-03-29,20,eu-central-1,29.91,29.91,0.69,938.4,1.43,87.9,0
2025-03-29,20,eu-west-1,26.97,26.97,0.05,932.6,5.79,92.5,0
2025-03-29,20,us-east-1,15.08,15.08,0.24,928.7,1.34,94.5,0
2025-03-29,20,us-west-2,17.85,17.85,0.05,845.9,6.19,95.0,0
2025-03-29,21,ap-southeast-1,46.54,46.54,0.05,988.1,1.9,87.3,0
2025-03-29,21,eu-central-1,27.54,27.54,0.18,814.1,1.82,91.6,0
2025-03-29,21,eu-west-1,23.21,23.21,0.0,776.4,3.47,93.8,0
2025-03-29,21,us-east-1,19.66,19.66,0.39,873.4,1.4,92.4,0
2025-03-29,21,us-west-2,22.17,22.17,0.53,728.9,1.31,90.9,0
2025-03-29,22,ap-southeast-1,43.31,43.31,0.37,916.2,0.28,86.3,0
2025-03-29,22,eu-central-1,25.02,25.02,0.02,1000.0,0.25,93.2,0
2025-03-29,22,eu-west-1,22.56,22.56,0.25,843.2,1.68,92.5,0
2025-03-29,22,us-east-1,91.28,91.28,0.19,847.8,1.95,74.5,1
2025-03-29,22,us-west-2,29.63,29.63,0.43,893.1,0.79,89.5,0
2025-03-29,23,ap-southeast-1,35.98,35.98,0.71,886.3,1.24,86.2,0
2025-03-29,23,eu-central-1,30.74,30.74,0.06,807.3,3.4,91.4,0
2025-03-29,23,eu-west-1,25.32,25.32,0.81,992.1,2.31,88.4,0
2025-03-29,23,us-east-1,17.16,17.16,0.02,803.4,2.98,95.3,0
2025-03-29,23,us-west-2,19.36,19.36,0.21,813.5,0.26,93.6,0
2025-03-30,0,ap-southeast-1,43.82,43.82,0.17,815.4,2.22,87.3,0
2025-03-30,0,eu-central-1,31.52,31.52,0.02,1000.0,0.29,91.5,0
2025-03-30,0,eu-west-1,25.05,25.05,0.33,891.0,0.98,91.3,0
2025-03-30,0,us-east-1,18.88,18.88,0.25,984.9,3.03,93.5,0
2025-03-30,0,us-west-2,14.07,14.07,0.1,936.9,3.94,95.7,0
2025-03-30,1,ap-southeast-1,40.43,40.43,0.2,931.1,0.81,88.0,0
2025-03-30,1,eu-central-1,18.73,18.73,0.06,902.1,1.3,94.6,0
2025-03-30,1,eu-west-1,26.8,26.8,0.52,842.8,10.28,89.7,0
2025-03-30,1,us-east-1,14.62,14.62,0.95,963.7,0.47,90.4,0
2025-03-30,1,us-west-2,14.07,14.07,0.34,689.4,4.36,94.2,0
2025-03-30,2,ap-southeast-1,40.45,40.45,0.79,949.2,0.48,84.5,0
2025-03-30,2,eu-central-1,25.26,25.26,0.16,848.1,4.08,92.3,0
2025-03-30,2,eu-west-1,23.99,23.99,0.0,777.8,2.75,93.6,0
2025-03-30,2,us-east-1,20.49,20.49,0.06,757.3,1.73,94.2,0
2025-03-30,2,us-west-2,19.38,19.38,0.01,810.4,0.1,94.8,0
2025-03-30,3,ap-southeast-1,54.68,54.68,0.22,819.1,3.73,84.1,1
2025-03-30,3,eu-central-1,37.73,37.73,0.04,743.5,1.58,89.7,0
2025-03-30,3,eu-west-1,18.11,18.11,0.23,774.0,0.11,93.8,0
2025-03-30,3,us-east-1,17.5,17.5,0.35,898.8,1.33,93.2,0
2025-03-30,3,us-west-2,16.18,16.18,0.25,710.9,1.11,94.2,0
2025-03-30,4,ap-southeast-1,51.42,51.42,0.2,736.2,7.33,85.1,1
2025-03-30,4,eu-central-1,30.45,30.45,0.06,839.4,4.61,91.6,0
2025-03-30,4,eu-west-1,23.38,23.38,0.18,747.9,0.99,92.7,0
2025-03-30,4,us-east-1,16.59,16.59,0.07,733.4,5.11,95.2,0
2025-03-30,4,us-west-2,25.42,25.42,0.15,718.3,3.46,92.3,0
2025-03-30,5,ap-southeast-1,33.57,33.57,0.26,736.9,0.26,89.5,0
2025-03-30,5,eu-central-1,30.84,30.84,0.18,825.5,1.05,90.7,0
2025-03-30,5,eu-west-1,27.98,27.98,0.21,785.1,2.44,91.3,0
2025-03-30,5,us-east-1,20.83,20.83,0.23,684.4,2.5,93.1,0
2025-03-30,5,us-west-2,22.88,22.88,1.14,922.7,7.31,87.0,0
2025-03-30,6,ap-southeast-1,37.68,37.68,0.35,955.4,0.42,87.8,0
2025-03-30,6,eu-central-1,32.93,32.93,0.12,699.0,7.9,90.5,0
2025-03-30,6,eu-west-1,23.88,23.88,0.02,940.7,0.14,93.5,0
2025-03-30,6,us-east-1,16.1,16.1,0.03,774.8,1.9,95.5,0
2025-03-30,6,us-west-2,14.96,14.96,0.21,984.9,1.19,94.7,0
2025-03-30,7,ap-southeast-1,42.55,42.55,0.11,664.7,8.05,88.0,0
2025-03-30,7,eu-central-1,28.07,28.07,0.19,823.9,0.59,91.4,0
2025-03-30,7,eu-west-1,24.08,24.08,0.35,823.4,0.1,91.5,0
2025-03-30,7,us-east-1,14.2,14.2,0.18,953.5,0.31,95.1,0
2025-03-30,7,us-west-2,16.74,16.74,0.24,570.1,5.14,94.1,0
2025-03-30,8,ap-southeast-1,46.78,46.78,0.57,1000.0,0.1,84.1,0
2025-03-30,8,eu-central-1,36.05,36.05,0.18,979.6,0.1,89.3,0
2025-03-30,8,eu-west-1,33.0,33.0,0.23,894.4,1.49,89.8,0
2025-03-30,8,us-east-1,15.87,15.87,0.47,1000.0,2.33,93.0,0
2025-03-30,8,us-west-2,30.01,30.01,0.41,1000.0,1.25,89.5,0
2025-03-30,9,ap-southeast-1,54.21,54.21,0.19,1000.0,9.5,84.4,1
2025-03-30,9,eu-central-1,35.67,35.67,0.34,1000.0,5.15,88.4,0
2025-03-30,9,eu-west-1,25.68,25.68,0.48,1000.0,1.01,90.3,0
2025-03-30,9,us-east-1,22.58,22.58,0.14,1000.0,0.31,93.1,0
2025-03-30,9,us-west-2,26.03,26.03,0.22,1000.0,0.49,91.7,0
2025-03-30,10,ap-southeast-1,42.1,42.1,0.02,1000.0,0.1,88.6,0
2025-03-30,10,eu-central-1,34.8,34.8,0.91,1000.0,3.49,85.2,0
2025-03-30,10,eu-west-1,22.1,22.1,0.22,1000.0,1.44,92.8,0
2025-03-30,10,us-east-1,16.72,16.72,0.36,1000.0,1.03,93.4,0
2025-03-30,10,us-west-2,30.74,30.74,0.08,894.9,0.1,91.3,0
2025-03-30,11,ap-southeast-1,230.46,230.46,0.51,1000.0,5.17,56.9,1
2025-03-30,11,eu-central-1,30.64,30.64,0.04,913.6,0.66,91.6,0
2025-03-30,11,eu-west-1,28.06,28.06,0.05,885.5,0.76,92.2,0
2025-03-30,11,us-east-1,26.15,26.15,0.52,1000.0,0.39,89.9,0
2025-03-30,11,us-west-2,29.55,29.55,0.25,1000.0,1.0,90.6,0
2025-03-30,12,ap-southeast-1,51.41,51.41,0.16,998.3,0.92,85.4,1
2025-03-30,12,eu-central-1,33.03,33.03,0.03,1000.0,10.46,91.0,0
2025-03-30,12,eu-west-1,26.66,26.66,0.34,1000.0,0.45,90.8,0
2025-03-30,12,us-east-1,14.24,14.24,0.86,1000.0,2.94,91.0,0
2025-03-30,12,us-west-2,20.93,20.93,0.95,1000.0,1.19,88.7,0
2025-03-30,13,ap-southeast-1,49.11,49.11,0.04,1000.0,6.98,86.7,0
2025-03-30,13,eu-central-1,29.36,29.36,0.63,1000.0,1.74,88.4,0
2025-03-30,13,eu-west-1,24.58,24.58,0.06,1000.0,2.92,93.1,0
2025-03-30,13,us-east-1,25.97,25.97,0.09,1000.0,0.58,92.5,0
2025-03-30,13,us-west-2,28.65,28.65,0.17,1000.0,7.26,91.3,0
2025-03-30,14,ap-southeast-1,51.64,51.64,0.33,1000.0,0.95,84.2,1
2025-03-30,14,eu-central-1,32.26,32.26,0.23,952.9,7.54,90.0,0
2025-03-30,14,eu-west-1,27.99,27.99,0.68,1000.0,1.81,88.5,0
2025-03-30,14,us-east-1,21.36,21.36,0.17,1000.0,1.24,93.3,0
2025-03-30,14,us-west-2,27.44,27.44,0.38,1000.0,0.58,90.4,0
2025-03-30,15,ap-southeast-1,48.51,48.51,0.7,971.8,2.66,82.9,0
2025-03-30,15,eu-central-1,26.56,26.56,0.48,1000.0,1.76,90.0,0
2025-03-30,15,eu-west-1,30.87,30.87,0.31,932.1,0.56,89.9,0
2025-03-30,15,us-east-1,20.4,20.4,0.06,1000.0,5.65,94.2,0
2025-03-30,15,us-west-2,17.86,17.86,1.26,1000.0,1.2,87.7,0
2025-03-30,16,ap-southeast-1,35.99,35.99,0.72,938.4,0.21,86.1,0
2025-03-30,16,eu-central-1,28.38,28.38,0.08,1000.0,1.6,92.0,0
2025-03-30,16,eu-west-1,120.15,120.15,0.06,1000.0,0.96,67.6,1
2025-03-30,16,us-east-1,19.01,19.01,1.61,1000.0,0.57,85.2,0
2025-03-30,16,us-west-2,20.13,20.13,0.58,1000.0,0.1,91.1,0
2025-03-30,17,ap-southeast-1,51.84,51.84,1.04,952.5,0.69,79.9,1
2025-03-30,17,eu-central-1,30.84,30.84,0.58,1000.0,1.49,88.3,0
2025-03-30,17,eu-west-1,30.07,30.07,1.08,1000.0,2.24,85.5,0
2025-03-30,17,us-east-1,21.94,21.94,0.86,1000.0,1.77,89.0,0
2025-03-30,17,us-west-2,34.55,34.55,0.36,1000.0,3.6,88.7,0
2025-03-30,18,ap-southeast-1,49.26,49.26,0.67,1000.0,3.71,82.9,0
2025-03-30,18,eu-central-1,27.64,27.64,0.85,1000.0,1.02,87.5,0
2025-03-30,18,eu-west-1,36.57,36.57,0.24,1000.0,0.19,88.8,0
2025-03-30,18,us-east-1,20.58,20.58,0.26,1000.0,1.36,93.0,0
2025-03-30,18,us-west-2,95.94,95.94,0.44,1000.0,6.17,71.8,1
2025-03-30,19,ap-southeast-1,38.56,38.56,0.0,897.8,1.88,89.7,0
2025-03-30,19,eu-central-1,25.88,25.88,0.3,752.0,1.91,91.3,0
2025-03-30,19,eu-west-1,23.71,23.71,0.02,816.7,0.4,93.5,0
2025-03-30,19,us-east-1,20.98,20.98,0.55,978.4,0.1,91.1,0
2025-03-30,19,us-west-2,83.87,83.87,0.83,987.1,0.68,72.7,1
2025-03-30,20,ap-southeast-1,52.41,52.41,0.14,754.8,6.58,85.2,1
2025-03-30,20,eu-central-1,27.31,27.31,0.03,936.9,1.51,92.5,0
2025-03-30,20,eu-west-1,26.04,26.04,0.3,725.6,0.19,91.3,0
2025-03-30,20,us-east-1,18.31,18.31,0.22,846.8,3.93,93.8,0
2025-03-30,20,us-west-2,21.37,21.37,0.96,626.6,1.4,88.5,0
2025-03-30,21,ap-southeast-1,49.52,49.52,0.51,954.7,1.4,83.7,0
2025-03-30,21,eu-central-1,29.69,29.69,0.68,815.6,0.1,88.0,0
2025-03-30,21,eu-west-1,23.09,23.09,0.09,825.6,4.18,93.3,0
2025-03-30,21,us-east-1,18.41,18.41,0.29,744.2,0.18,93.3,0
2025-03-30,21,us-west-2,22.61,22.61,1.04,830.6,0.33,87.7,0
2025-03-30,22,ap-southeast-1,61.46,61.46,0.14,761.5,5.1,82.8,1
2025-03-30,22,eu-central-1,31.99,31.99,0.47,677.6,0.75,88.6,0
2025-03-30,22,eu-west-1,21.83,21.83,0.49,845.6,3.49,91.3,0
2025-03-30,22,us-east-1,17.02,17.02,0.03,830.4,1.61,95.3,0
2025-03-30,22,us-west-2,21.59,21.59,0.3,1000.0,1.53,92.5,0
2025-03-30,23,ap-southeast-1,50.64,50.64,0.28,616.0,1.49,84.8,1
2025-03-30,23,eu-central-1,26.05,26.05,0.42,916.1,0.6,90.6,0
2025-03-30,23,eu-west-1,22.81,22.81,0.51,929.2,3.5,90.9,0
2025-03-30,23,us-east-1,17.85,17.85,0.42,760.6,2.06,92.7,0
2025-03-30,23,us-west-2,25.19,25.19,0.15,934.4,0.36,92.4,0
