timestamp,region,latency_ms,packet_loss_pct,bandwidth_mbps,jitter_ms
2025-03-01 00:00:00,us-east-1,19.34,0.094,866.0,1.31
2025-03-01 01:00:00,us-east-1,17.63,0.234,831.7,0.17
2025-03-01 02:00:00,us-east-1,19.75,0.301,935.0,1.07
2025-03-01 03:00:00,us-east-1,22.11,0.089,964.8,0.29
2025-03-01 04:00:00,us-east-1,17.37,0.045,755.7,4.13
2025-03-01 05:00:00,us-east-1,17.37,0.54,690.3,7.38
2025-03-01 06:00:00,us-east-1,22.26,1.248,629.7,0.19
2025-03-01 07:00:00,us-east-1,20.07,0.224,911.0,7.76
2025-03-01 08:00:00,us-east-1,19.24,0.062,932.9,1.85
2025-03-01 09:00:00,us-east-1,22.38,0.105,769.1,0.89
2025-03-01 10:00:00,us-east-1,19.26,0.006,1000.0,0.2
2025-03-01 11:00:00,us-east-1,19.25,0.811,1000.0,1.74
2025-03-01 12:00:00,us-east-1,21.45,0.041,1000.0,3.96
2025-03-01 13:00:00,us-east-1,14.76,0.284,1000.0,3.07
2025-03-01 14:00:00,us-east-1,15.34,0.106,1000.0,0.13
2025-03-01 15:00:00,us-east-1,18.95,0.267,1000.0,0.19
2025-03-01 16:00:00,us-east-1,17.56,0.348,1000.0,1.29
2025-03-01 17:00:00,us-east-1,21.68,0.584,1000.0,0.87
2025-03-01 18:00:00,us-east-1,17.88,0.076,1000.0,0.66
2025-03-01 19:00:00,us-east-1,14.19,0.003,888.6,0.82
2025-03-01 20:00:00,us-east-1,21.96,0.044,769.8,4.07
2025-03-01 21:00:00,us-east-1,17.39,0.691,969.0,6.62
2025-03-01 22:00:00,us-east-1,18.18,0.621,829.0,1.3
2025-03-01 23:00:00,us-east-1,14.15,0.273,759.3,5.91
2025-03-02 00:00:00,us-east-1,16.53,0.275,914.4,0.97
2025-03-02 01:00:00,us-east-1,18.3,0.328,742.2,1.62
2025-03-02 02:00:00,us-east-1,14.89,0.058,853.4,0.64
2025-03-02 03:00:00,us-east-1,19.01,0.737,848.9,2.56
2025-03-02 04:00:00,us-east-1,16.38,0.163,980.3,9.66
2025-03-02 05:00:00,us-east-1,17.21,0.145,907.0,2.31
2025-03-02 06:00:00,us-east-1,16.38,0.22,847.0,1.11
2025-03-02 07:00:00,us-east-1,23.0,0.014,948.1,2.61
2025-03-02 08:00:00,us-east-1,20.66,0.06,1000.0,0.33
2025-03-02 09:00:00,us-east-1,17.42,0.442,1000.0,5.49
2025-03-02 10:00:00,us-east-1,23.25,0.029,1000.0,1.75
2025-03-02 11:00:00,us-east-1,16.91,0.305,900.4,1.49
2025-03-02 12:00:00,us-east-1,21.35,0.093,938.8,2.2
2025-03-02 13:00:00,us-east-1,14.62,0.163,1000.0,2.45
2025-03-02 14:00:00,us-east-1,16.58,0.112,1000.0,0.19
2025-03-02 15:00:00,us-east-1,21.31,0.145,1000.0,2.87
2025-03-02 16:00:00,us-east-1,74.26,0.419,1000.0,0.69
2025-03-02 17:00:00,us-east-1,21.23,0.116,1000.0,3.13
2025-03-02 18:00:00,us-east-1,20.34,0.276,1000.0,4.32
2025-03-02 19:00:00,us-east-1,17.19,0.194,908.4,4.07
2025-03-02 20:00:00,us-east-1,14.01,0.327,857.7,2.01
2025-03-02 21:00:00,us-east-1,16.06,0.829,612.9,1.84
2025-03-02 22:00:00,us-east-1,16.76,0.396,737.3,0.39
2025-03-02 23:00:00,us-east-1,20.85,0.073,832.7,3.73
2025-03-03 00:00:00,us-east-1,18.93,0.01,704.8,0.79
2025-03-03 01:00:00,us-east-1,13.24,0.091,922.0,1.72
2025-03-03 02:00:00,us-east-1,100.88,0.271,1000.0,0.84
2025-03-03 03:00:00,us-east-1,16.96,0.016,996.3,0.36
2025-03-03 04:00:00,us-east-1,16.17,0.206,824.4,2.48
2025-03-03 05:00:00,us-east-1,19.65,0.273,1000.0,0.14
2025-03-03 06:00:00,us-east-1,20.78,0.718,867.8,3.45
2025-03-03 07:00:00,us-east-1,20.51,0.442,809.5,0.96
2025-03-03 08:00:00,us-east-1,18.09,0.037,1000.0,0.1
2025-03-03 09:00:00,us-east-1,19.74,0.026,1000.0,1.79
2025-03-03 10:00:00,us-east-1,21.73,0.43,1000.0,0.12
2025-03-03 11:00:00,us-east-1,23.73,0.226,1000.0,0.81
2025-03-03 12:00:00,us-east-1,19.21,0.385,1000.0,3.07
2025-03-03 13:00:00,us-east-1,20.12,0.188,1000.0,0.16
2025-03-03 14:00:00,us-east-1,17.26,0.093,1000.0,4.57
2025-03-03 15:00:00,us-east-1,16.99,0.564,1000.0,0.1
2025-03-03 16:00:00,us-east-1,23.22,0.53,1000.0,0.71
2025-03-03 17:00:00,us-east-1,24.91,0.392,873.4,3.38
2025-03-03 18:00:00,us-east-1,20.48,0.105,706.6,0.95
2025-03-03 19:00:00,us-east-1,20.71,0.268,962.1,0.27
2025-03-03 20:00:00,us-east-1,18.98,0.134,686.0,1.12
2025-03-03 21:00:00,us-east-1,16.26,0.029,823.0,0.79
2025-03-03 22:00:00,us-east-1,18.98,0.748,709.6,4.62
2025-03-03 23:00:00,us-east-1,22.15,0.044,633.8,0.94
2025-03-04 00:00:00,us-east-1,17.9,0.9,915.0,3.89
2025-03-04 01:00:00,us-east-1,22.22,0.177,941.1,5.56
2025-03-04 02:00:00,us-east-1,10.93,0.061,780.8,1.42
2025-03-04 03:00:00,us-east-1,20.22,0.234,539.1,6.02
2025-03-04 04:00:00,us-east-1,18.24,0.619,784.5,1.18
2025-03-04 05:00:00,us-east-1,17.19,0.395,897.0,8.32
2025-03-04 06:00:00,us-east-1,18.25,0.493,672.5,0.23
2025-03-04 07:00:00,us-east-1,12.63,0.323,872.0,2.9
2025-03-04 08:00:00,us-east-1,20.02,0.389,1000.0,1.7
2025-03-04 09:00:00,us-east-1,21.81,0.624,1000.0,1.23
2025-03-04 10:00:00,us-east-1,25.29,0.095,1000.0,2.5
2025-03-04 11:00:00,us-east-1,19.09,0.222,953.2,3.04
2025-03-04 12:00:00,us-east-1,18.19,0.083,1000.0,0.1
2025-03-04 13:00:00,us-east-1,19.14,1.451,1000.0,0.46
2025-03-04 14:00:00,us-east-1,23.54,0.952,1000.0,3.12
2025-03-04 15:00:00,us-east-1,21.72,0.013,959.4,2.74
2025-03-04 16:00:00,us-east-1,19.06,0.404,1000.0,8.46
2025-03-04 17:00:00,us-east-1,22.29,0.856,967.0,3.58
2025-03-04 18:00:00,us-east-1,21.0,0.066,1000.0,7.53
2025-03-04 19:00:00,us-east-1,20.62,0.252,1000.0,3.03
2025-03-04 20:00:00,us-east-1,16.1,0.741,685.4,0.88
2025-03-04 21:00:00,us-east-1,17.12,0.01,656.4,0.28
2025-03-04 22:00:00,us-east-1,16.94,0.359,1000.0,3.81
2025-03-04 23:00:00,us-east-1,14.05,0.106,824.9,2.58
2025-03-05 00:00:00,us-east-1,18.8,0.775,769.7,0.12
2025-03-05 01:00:00,us-east-1,18.7,1.063,974.8,1.12
2025-03-05 02:00:00,us-east-1,18.01,0.866,777.3,7.85
2025-03-05 03:00:00,us-east-1,17.37,0.193,1000.0,1.73
2025-03-05 04:00:00,us-east-1,14.18,0.594,931.4,1.42
2025-03-05 05:00:00,us-east-1,16.86,0.558,791.5,1.53
2025-03-05 06:00:00,us-east-1,17.07,0.115,1000.0,0.59
2025-03-05 07:00:00,us-east-1,15.83,0.53,777.3,1.15
2025-03-05 08:00:00,us-east-1,20.2,0.012,1000.0,1.15
2025-03-05 09:00:00,us-east-1,21.95,0.299,1000.0,0.13
2025-03-05 10:00:00,us-east-1,26.56,0.086,1000.0,3.65
2025-03-05 11:00:00,us-east-1,21.24,0.042,1000.0,1.35
2025-03-05 12:00:00,us-east-1,21.5,0.026,1000.0,4.32
2025-03-05 13:00:00,us-east-1,20.47,0.393,987.5,4.75
2025-03-05 14:00:00,us-east-1,14.74,0.137,1000.0,0.6
2025-03-05 15:00:00,us-east-1,20.62,0.426,999.3,2.68
2025-03-05 16:00:00,us-east-1,20.89,0.022,1000.0,1.6
2025-03-05 17:00:00,us-east-1,28.35,0.69,1000.0,5.3
2025-03-05 18:00:00,us-east-1,20.1,0.256,1000.0,0.61
2025-03-05 19:00:00,us-east-1,18.81,0.469,872.2,2.83
2025-03-05 20:00:00,us-east-1,84.11,0.115,688.3,2.34
2025-03-05 21:00:00,us-east-1,14.84,0.295,733.4,0.87
2025-03-05 22:00:00,us-east-1,21.09,0.651,994.0,0.37
2025-03-05 23:00:00,us-east-1,20.03,0.287,771.2,2.64
2025-03-06 00:00:00,us-east-1,20.14,0.08,724.4,3.35
2025-03-06 01:00:00,us-east-1,15.54,0.007,914.4,0.95
2025-03-06 02:00:00,us-east-1,21.79,0.612,992.3,2.59
2025-03-06 03:00:00,us-east-1,14.22,0.006,936.3,1.26
2025-03-06 04:00:00,us-east-1,19.58,0.623,969.5,3.12
2025-03-06 05:00:00,us-east-1,23.91,0.226,759.2,0.56
2025-03-06 06:00:00,us-east-1,15.33,0.839,679.4,5.52
2025-03-06 07:00:00,us-east-1,16.47,0.481,1000.0,0.85
2025-03-06 08:00:00,us-east-1,21.01,2.04,1000.0,1.15
2025-03-06 09:00:00,us-east-1,19.14,0.143,1000.0,0.15
2025-03-06 10:00:00,us-east-1,15.89,0.481,1000.0,0.3
2025-03-06 11:00:00,us-east-1,20.91,0.17,1000.0,1.81
2025-03-06 12:00:00,us-east-1,17.4,0.216,1000.0,0.78
2025-03-06 13:00:00,us-east-1,22.17,0.326,1000.0,4.51
2025-03-06 14:00:00,us-east-1,17.85,0.683,1000.0,0.1
2025-03-06 15:00:00,us-east-1,25.51,1.366,1000.0,1.19
2025-03-06 16:00:00,us-east-1,18.27,0.483,1000.0,1.03
2025-03-06 17:00:00,us-east-1,19.7,0.178,1000.0,0.1
2025-03-06 18:00:00,us-east-1,23.23,0.181,1000.0,0.33
2025-03-06 19:00:00,us-east-1,14.68,0.401,910.9,1.33
2025-03-06 20:00:00,us-east-1,18.61,0.082,914.6,1.7
2025-03-06 21:00:00,us-east-1,21.53,0.035,978.7,1.3
2025-03-06 22:00:00,us-east-1,13.66,0.131,806.2,1.89
2025-03-06 23:00:00,us-east-1,18.5,0.102,749.3,2.26
2025-03-07 00:00:00,us-east-1,18.7,0.105,724.6,0.1
2025-03-07 01:00:00,us-east-1,20.11,0.08,614.0,1.56
2025-03-07 02:00:00,us-east-1,14.66,0.013,1000.0,8.28
2025-03-07 03:00:00,us-east-1,14.43,0.005,717.6,1.83
2025-03-07 04:00:00,us-east-1,19.41,1.32,823.4,2.83
2025-03-07 05:00:00,us-east-1,18.8,0.167,816.8,0.93
2025-03-07 06:00:00,us-east-1,18.68,0.146,886.9,3.72
2025-03-07 07:00:00,us-east-1,18.94,0.341,947.9,3.71
2025-03-07 08:00:00,us-east-1,73.15,0.081,1000.0,1.84
2025-03-07 09:00:00,us-east-1,21.42,0.988,1000.0,9.33
2025-03-07 10:00:00,us-east-1,21.61,0.509,1000.0,0.34
2025-03-07 11:00:00,us-east-1,18.48,0.031,1000.0,0.1
2025-03-07 12:00:00,us-east-1,26.49,0.178,1000.0,3.68
2025-03-07 13:00:00,us-east-1,22.17,0.697,1000.0,4.11
2025-03-07 14:00:00,us-east-1,17.0,0.956,1000.0,0.32
2025-03-07 15:00:00,us-east-1,22.74,0.208,1000.0,0.77
2025-03-07 16:00:00,us-east-1,17.67,0.314,1000.0,0.1
2025-03-07 17:00:00,us-east-1,23.14,0.06,1000.0,0.87
2025-03-07 18:00:00,us-east-1,99.01,1.561,1000.0,3.71
2025-03-07 19:00:00,us-east-1,15.78,0.079,694.4,1.82
2025-03-07 20:00:00,us-east-1,20.6,0.858,898.0,1.07
2025-03-07 21:00:00,us-east-1,19.11,0.315,771.8,1.16
2025-03-07 22:00:00,us-east-1,20.22,0.281,786.6,0.1
2025-03-07 23:00:00,us-east-1,23.12,0.216,920.4,0.89
2025-03-08 00:00:00,us-east-1,91.64,0.079,998.6,2.6
2025-03-08 01:00:00,us-east-1,15.96,0.058,852.6,9.14
2025-03-08 02:00:00,us-east-1,15.6,0.075,887.1,4.69
2025-03-08 03:00:00,us-east-1,15.8,0.062,1000.0,0.1
2025-03-08 04:00:00,us-east-1,61.7,0.454,878.9,5.72
2025-03-08 05:00:00,us-east-1,18.92,0.129,1000.0,3.82
2025-03-08 06:00:00,us-east-1,18.75,0.018,917.9,3.79
2025-03-08 07:00:00,us-east-1,20.23,1.043,638.7,1.53
2025-03-08 08:00:00,us-east-1,20.74,0.71,1000.0,1.27
2025-03-08 09:00:00,us-east-1,25.21,0.867,1000.0,0.9
2025-03-08 10:00:00,us-east-1,19.88,1.742,1000.0,0.17
2025-03-08 11:00:00,us-east-1,29.15,0.063,1000.0,0.65
2025-03-08 12:00:00,us-east-1,22.64,0.167,1000.0,0.71
2025-03-08 13:00:00,us-east-1,18.04,0.469,914.0,1.65
2025-03-08 14:00:00,us-east-1,17.37,0.393,1000.0,3.44
2025-03-08 15:00:00,us-east-1,22.2,0.055,972.3,1.61
2025-03-08 16:00:00,us-east-1,20.01,0.558,1000.0,0.15
2025-03-08 17:00:00,us-east-1,22.92,0.084,1000.0,7.91
2025-03-08 18:00:00,us-east-1,22.17,0.084,1000.0,7.15
2025-03-08 19:00:00,us-east-1,17.8,0.231,897.4,3.84
2025-03-08 20:00:00,us-east-1,15.71,0.27,706.5,11.87
2025-03-08 21:00:00,us-east-1,13.91,0.26,903.4,1.97
2025-03-08 22:00:00,us-east-1,16.79,0.029,993.6,8.23
2025-03-08 23:00:00,us-east-1,20.31,0.63,776.8,0.2
2025-03-09 00:00:00,us-east-1,18.58,0.093,833.9,1.14
2025-03-09 01:00:00,us-east-1,14.64,0.042,851.8,0.64
2025-03-09 02:00:00,us-east-1,18.47,0.659,755.8,0.54
2025-03-09 03:00:00,us-east-1,19.04,0.935,927.8,0.38
2025-03-09 04:00:00,us-east-1,15.61,0.594,835.5,2.43
2025-03-09 05:00:00,us-east-1,18.42,0.497,900.3,3.8
2025-03-09 06:00:00,us-east-1,18.16,0.319,743.5,2.16
2025-03-09 07:00:00,us-east-1,14.91,0.24,797.5,0.4
2025-03-09 08:00:00,us-east-1,21.81,0.03,1000.0,4.17
2025-03-09 09:00:00,us-east-1,22.44,0.173,1000.0,2.53
2025-03-09 10:00:00,us-east-1,24.06,0.154,1000.0,1.23
2025-03-09 11:00:00,us-east-1,23.97,0.099,1000.0,2.8
2025-03-09 12:00:00,us-east-1,16.42,0.424,1000.0,0.75
2025-03-09 13:00:00,us-east-1,17.79,0.226,1000.0,1.06
2025-03-09 14:00:00,us-east-1,22.3,0.028,883.7,6.24
2025-03-09 15:00:00,us-east-1,22.3,0.082,830.3,0.86
2025-03-09 16:00:00,us-east-1,22.3,0.379,867.0,1.59
2025-03-09 17:00:00,us-east-1,32.66,0.026,1000.0,5.52
2025-03-09 18:00:00,us-east-1,22.47,0.629,1000.0,3.08
2025-03-09 19:00:00,us-east-1,21.07,0.205,1000.0,0.16
2025-03-09 20:00:00,us-east-1,20.58,0.197,782.3,0.4
2025-03-09 21:00:00,us-east-1,19.76,0.269,872.1,0.1
2025-03-09 22:00:00,us-east-1,17.15,0.522,1000.0,2.49
2025-03-09 23:00:00,us-east-1,20.05,0.128,1000.0,1.48
2025-03-10 00:00:00,us-east-1,15.91,0.34,1000.0,0.36
2025-03-10 01:00:00,us-east-1,17.36,0.25,995.0,7.92
2025-03-10 02:00:00,us-east-1,16.69,0.093,972.9,1.89
2025-03-10 03:00:00,us-east-1,18.22,0.633,921.1,0.69
2025-03-10 04:00:00,us-east-1,24.25,0.479,943.4,1.74
2025-03-10 05:00:00,us-east-1,12.96,0.322,783.9,2.85
2025-03-10 06:00:00,us-east-1,19.85,0.57,751.8,0.2
2025-03-10 07:00:00,us-east-1,13.65,0.606,849.6,0.8
2025-03-10 08:00:00,us-east-1,19.23,0.407,1000.0,4.11
2025-03-10 09:00:00,us-east-1,24.08,0.599,1000.0,1.54
2025-03-10 10:00:00,us-east-1,20.9,0.395,1000.0,1.98
2025-03-10 11:00:00,us-east-1,17.35,0.376,1000.0,1.42
2025-03-10 12:00:00,us-east-1,18.48,0.318,1000.0,0.11
2025-03-10 13:00:00,us-east-1,22.81,0.461,1000.0,0.45
2025-03-10 14:00:00,us-east-1,18.43,0.057,926.9,1.47
2025-03-10 15:00:00,us-east-1,21.37,3.315,1000.0,0.59
2025-03-10 16:00:00,us-east-1,20.84,0.678,993.2,0.13
2025-03-10 17:00:00,us-east-1,18.68,0.01,813.8,4.64
2025-03-10 18:00:00,us-east-1,27.36,0.577,1000.0,9.93
2025-03-10 19:00:00,us-east-1,19.71,0.041,835.4,3.94
2025-03-10 20:00:00,us-east-1,12.53,0.122,1000.0,4.81
2025-03-10 21:00:00,us-east-1,18.5,0.408,925.7,0.69
2025-03-10 22:00:00,us-east-1,16.21,0.053,727.1,8.09
2025-03-10 23:00:00,us-east-1,20.3,0.511,1000.0,0.55
2025-03-11 00:00:00,us-east-1,15.86,0.535,996.5,7.56
2025-03-11 01:00:00,us-east-1,17.69,0.212,919.9,13.16
2025-03-11 02:00:00,us-east-1,19.36,0.002,822.8,3.11
2025-03-11 03:00:00,us-east-1,20.34,0.101,734.9,9.93
2025-03-11 04:00:00,us-east-1,14.76,0.288,805.3,2.11
2025-03-11 05:00:00,us-east-1,17.1,1.192,980.6,0.75
2025-03-11 06:00:00,us-east-1,16.72,0.3,1000.0,1.44
2025-03-11 07:00:00,us-east-1,55.51,0.09,1000.0,2.25
2025-03-11 08:00:00,us-east-1,26.18,0.332,1000.0,0.19
2025-03-11 09:00:00,us-east-1,21.96,0.256,930.3,2.43
2025-03-11 10:00:00,us-east-1,16.78,0.499,1000.0,9.93
2025-03-11 11:00:00,us-east-1,23.55,0.037,829.1,0.53
2025-03-11 12:00:00,us-east-1,27.29,0.472,1000.0,3.93
2025-03-11 13:00:00,us-east-1,23.91,0.257,1000.0,5.96
2025-03-11 14:00:00,us-east-1,15.98,1.088,1000.0,7.19
2025-03-11 15:00:00,us-east-1,19.2,0.138,856.2,8.06
2025-03-11 16:00:00,us-east-1,24.63,0.33,1000.0,1.84
2025-03-11 17:00:00,us-east-1,18.5,0.887,1000.0,9.46
2025-03-11 18:00:00,us-east-1,22.08,0.036,922.5,3.54
2025-03-11 19:00:00,us-east-1,20.09,0.83,505.3,0.44
2025-03-11 20:00:00,us-east-1,15.5,0.349,846.7,1.62
2025-03-11 21:00:00,us-east-1,17.84,0.021,1000.0,3.17
2025-03-11 22:00:00,us-east-1,9.25,0.107,1000.0,0.71
2025-03-11 23:00:00,us-east-1,15.23,0.369,795.1,2.56
2025-03-12 00:00:00,us-east-1,17.32,0.021,777.7,2.75
2025-03-12 01:00:00,us-east-1,14.63,0.262,906.3,0.44
2025-03-12 02:00:00,us-east-1,22.41,0.127,730.2,2.08
2025-03-12 03:00:00,us-east-1,14.14,0.291,886.2,3.69
2025-03-12 04:00:00,us-east-1,16.81,0.014,941.9,1.73
2025-03-12 05:00:00,us-east-1,18.35,0.616,997.2,0.1
2025-03-12 06:00:00,us-east-1,21.89,1.089,838.0,0.1
2025-03-12 07:00:00,us-east-1,14.12,1.041,825.6,1.1
2025-03-12 08:00:00,us-east-1,24.31,0.457,968.0,6.52
2025-03-12 09:00:00,us-east-1,20.73,0.046,976.0,0.65
2025-03-12 10:00:00,us-east-1,82.47,0.469,1000.0,2.52
2025-03-12 11:00:00,us-east-1,22.13,0.008,1000.0,0.63
2025-03-12 12:00:00,us-east-1,21.32,0.007,1000.0,0.97
2025-03-12 13:00:00,us-east-1,18.84,0.129,979.7,4.71
2025-03-12 14:00:00,us-east-1,20.92,0.221,1000.0,3.26
2025-03-12 15:00:00,us-east-1,19.5,0.486,1000.0,0.25
2025-03-12 16:00:00,us-east-1,21.05,0.379,1000.0,1.4
2025-03-12 17:00:00,us-east-1,22.76,0.195,988.4,0.1
2025-03-12 18:00:00,us-east-1,25.62,0.105,726.8,1.64
2025-03-12 19:00:00,us-east-1,14.66,1.755,956.1,2.71
2025-03-12 20:00:00,us-east-1,23.76,0.167,938.4,0.32
2025-03-12 21:00:00,us-east-1,12.73,0.18,816.2,0.85
2025-03-12 22:00:00,us-east-1,17.59,0.054,858.0,1.27
2025-03-12 23:00:00,us-east-1,19.59,0.475,911.9,6.3
2025-03-13 00:00:00,us-east-1,18.76,0.355,662.5,12.5
2025-03-13 01:00:00,us-east-1,16.32,0.075,786.5,0.11
2025-03-13 02:00:00,us-east-1,17.44,0.026,945.3,3.58
2025-03-13 03:00:00,us-east-1,16.67,0.342,699.5,1.16
2025-03-13 04:00:00,us-east-1,16.41,0.319,885.2,1.25
2025-03-13 05:00:00,us-east-1,20.29,0.096,687.2,3.51
2025-03-13 06:00:00,us-east-1,18.96,0.904,906.0,6.27
2025-03-13 07:00:00,us-east-1,16.13,0.049,845.7,7.54
2025-03-13 08:00:00,us-east-1,23.49,0.187,853.0,2.15
2025-03-13 09:00:00,us-east-1,21.65,0.949,1000.0,1.1
2025-03-13 10:00:00,us-east-1,23.22,0.18,990.4,3.87
2025-03-13 11:00:00,us-east-1,22.65,0.336,978.6,0.72
2025-03-13 12:00:00,us-east-1,18.13,0.167,1000.0,2.08
2025-03-13 13:00:00,us-east-1,18.96,0.106,1000.0,1.11
2025-03-13 14:00:00,us-east-1,23.02,1.364,946.5,2.67
2025-03-13 15:00:00,us-east-1,22.6,0.174,1000.0,0.69
2025-03-13 16:00:00,us-east-1,20.64,0.741,1000.0,0.53
2025-03-13 17:00:00,us-east-1,21.06,0.086,1000.0,6.26
2025-03-13 18:00:00,us-east-1,24.67,0.079,1000.0,0.27
2025-03-13 19:00:00,us-east-1,16.4,0.009,806.0,1.76
2025-03-13 20:00:00,us-east-1,19.48,0.316,750.7,0.62
2025-03-13 21:00:00,us-east-1,17.45,0.138,860.3,0.1
2025-03-13 22:00:00,us-east-1,17.41,0.599,721.3,0.1
2025-03-13 23:00:00,us-east-1,20.97,0.192,499.4,0.48
2025-03-14 00:00:00,us-east-1,20.23,1.034,902.4,5.04
2025-03-14 01:00:00,us-east-1,20.2,0.062,958.5,0.83
2025-03-14 02:00:00,us-east-1,21.52,1.957,566.4,7.51
2025-03-14 03:00:00,us-east-1,18.06,0.45,728.8,2.18
2025-03-14 04:00:00,us-east-1,19.84,0.442,924.3,1.43
2025-03-14 05:00:00,us-east-1,17.16,0.559,1000.0,2.17
2025-03-14 06:00:00,us-east-1,18.88,0.429,852.5,1.82
2025-03-14 07:00:00,us-east-1,17.65,0.295,762.6,3.56
2025-03-14 08:00:00,us-east-1,21.0,0.046,1000.0,0.83
2025-03-14 09:00:00,us-east-1,22.55,0.011,1000.0,1.09
2025-03-14 10:00:00,us-east-1,18.16,0.837,1000.0,5.61
2025-03-14 11:00:00,us-east-1,27.2,0.316,980.3,7.32
2025-03-14 12:00:00,us-east-1,17.58,0.525,1000.0,5.58
2025-03-14 13:00:00,us-east-1,16.93,0.217,956.3,1.36
2025-03-14 14:00:00,us-east-1,24.3,0.041,1000.0,3.79
2025-03-14 15:00:00,us-east-1,23.16,0.044,1000.0,1.62
2025-03-14 16:00:00,us-east-1,22.64,0.382,1000.0,1.72
2025-03-14 17:00:00,us-east-1,22.65,0.592,1000.0,0.57
2025-03-14 18:00:00,us-east-1,20.66,0.074,1000.0,2.24
2025-03-14 19:00:00,us-east-1,15.58,0.203,662.4,0.51
2025-03-14 20:00:00,us-east-1,18.2,0.02,956.0,1.01
2025-03-14 21:00:00,us-east-1,16.17,0.262,840.7,4.83
2025-03-14 22:00:00,us-east-1,20.63,0.094,828.3,0.58
2025-03-14 23:00:00,us-east-1,17.6,0.479,1000.0,0.18
2025-03-15 00:00:00,us-east-1,15.77,0.111,885.9,0.18
2025-03-15 01:00:00,us-east-1,17.13,0.182,759.8,7.07
2025-03-15 02:00:00,us-east-1,19.11,0.004,798.8,1.77
2025-03-15 03:00:00,us-east-1,16.48,0.023,987.8,1.32
2025-03-15 04:00:00,us-east-1,15.78,0.15,863.6,4.16
2025-03-15 05:00:00,us-east-1,18.66,0.196,677.4,4.52
2025-03-15 06:00:00,us-east-1,18.66,0.275,960.3,1.01
2025-03-15 07:00:00,us-east-1,16.63,0.103,769.8,2.96
2025-03-15 08:00:00,us-east-1,19.24,0.392,1000.0,3.69
2025-03-15 09:00:00,us-east-1,21.42,0.649,1000.0,2.66
2025-03-15 10:00:00,us-east-1,16.2,0.499,1000.0,0.41
2025-03-15 11:00:00,us-east-1,16.33,0.013,1000.0,5.22
2025-03-15 12:00:00,us-east-1,18.47,0.216,1000.0,1.94
2025-03-15 13:00:00,us-east-1,20.04,0.037,1000.0,0.83
2025-03-15 14:00:00,us-east-1,21.67,0.091,1000.0,1.38
2025-03-15 15:00:00,us-east-1,25.28,1.425,973.0,0.1
2025-03-15 16:00:00,us-east-1,23.36,0.051,1000.0,0.34
2025-03-15 17:00:00,us-east-1,20.2,0.228,1000.0,3.63
2025-03-15 18:00:00,us-east-1,20.64,0.318,1000.0,0.1
2025-03-15 19:00:00,us-east-1,15.29,0.364,801.6,1.35
2025-03-15 20:00:00,us-east-1,17.95,0.246,735.4,1.85
2025-03-15 21:00:00,us-east-1,17.22,0.003,900.8,0.14
2025-03-15 22:00:00,us-east-1,68.18,0.119,1000.0,9.04
2025-03-15 23:00:00,us-east-1,15.77,0.219,721.9,0.64
2025-03-16 00:00:00,us-east-1,111.34,0.028,852.9,0.91
2025-03-16 01:00:00,us-east-1,22.14,0.13,1000.0,0.91
2025-03-16 02:00:00,us-east-1,17.71,0.01,840.4,0.65
2025-03-16 03:00:00,us-east-1,19.08,0.025,904.3,0.1
2025-03-16 04:00:00,us-east-1,19.86,0.152,722.5,3.27
2025-03-16 05:00:00,us-east-1,16.92,0.043,901.4,8.52
2025-03-16 06:00:00,us-east-1,58.71,0.251,827.5,0.63
2025-03-16 07:00:00,us-east-1,18.03,0.351,968.3,2.72
2025-03-16 08:00:00,us-east-1,21.0,0.532,1000.0,3.39
2025-03-16 09:00:00,us-east-1,18.3,0.074,1000.0,4.72
2025-03-16 10:00:00,us-east-1,20.78,0.06,1000.0,1.37
2025-03-16 11:00:00,us-east-1,22.25,0.036,1000.0,0.9
2025-03-16 12:00:00,us-east-1,25.21,0.334,1000.0,0.98
2025-03-16 13:00:00,us-east-1,23.68,0.405,1000.0,3.12
2025-03-16 14:00:00,us-east-1,27.39,0.011,1000.0,4.24
2025-03-16 15:00:00,us-east-1,18.32,0.908,1000.0,0.5
2025-03-16 16:00:00,us-east-1,23.41,0.061,1000.0,1.16
2025-03-16 17:00:00,us-east-1,21.27,0.257,1000.0,5.81
2025-03-16 18:00:00,us-east-1,27.5,0.407,948.0,4.11
2025-03-16 19:00:00,us-east-1,15.82,0.614,986.8,10.48
2025-03-16 20:00:00,us-east-1,15.73,0.376,1000.0,3.51
2025-03-16 21:00:00,us-east-1,16.38,0.485,835.8,1.25
2025-03-16 22:00:00,us-east-1,12.27,0.124,595.4,2.23
2025-03-16 23:00:00,us-east-1,16.58,0.506,777.1,2.7
2025-03-17 00:00:00,us-east-1,15.95,0.025,1000.0,0.2
2025-03-17 01:00:00,us-east-1,18.41,0.676,847.3,1.97
2025-03-17 02:00:00,us-east-1,18.92,0.238,730.1,3.09
2025-03-17 03:00:00,us-east-1,23.07,0.51,789.4,0.46
2025-03-17 04:00:00,us-east-1,20.57,0.181,950.9,3.79
2025-03-17 05:00:00,us-east-1,16.44,0.309,915.6,2.19
2025-03-17 06:00:00,us-east-1,15.57,0.739,821.3,7.6
2025-03-17 07:00:00,us-east-1,19.33,0.395,806.0,0.11
2025-03-17 08:00:00,us-east-1,16.6,0.028,1000.0,0.77
2025-03-17 09:00:00,us-east-1,26.39,0.021,961.1,2.3
2025-03-17 10:00:00,us-east-1,24.36,0.094,1000.0,0.88
2025-03-17 11:00:00,us-east-1,19.24,0.057,1000.0,3.13
2025-03-17 12:00:00,us-east-1,15.38,0.678,1000.0,3.56
2025-03-17 13:00:00,us-east-1,24.9,0.082,1000.0,0.27
2025-03-17 14:00:00,us-east-1,20.34,1.229,1000.0,1.8
2025-03-17 15:00:00,us-east-1,24.54,0.136,1000.0,1.78
2025-03-17 16:00:00,us-east-1,15.75,0.066,1000.0,1.15
2025-03-17 17:00:00,us-east-1,18.84,0.515,1000.0,6.75
2025-03-17 18:00:00,us-east-1,20.72,0.355,964.0,4.39
2025-03-17 19:00:00,us-east-1,18.13,0.207,888.9,2.99
2025-03-17 20:00:00,us-east-1,16.78,0.243,708.5,3.13
2025-03-17 21:00:00,us-east-1,19.68,0.381,992.5,1.55
2025-03-17 22:00:00,us-east-1,15.12,0.078,794.2,6.35
2025-03-17 23:00:00,us-east-1,17.62,6.98,874.1,2.97
2025-03-18 00:00:00,us-east-1,18.32,1.104,884.0,3.26
2025-03-18 01:00:00,us-east-1,93.16,0.315,818.9,4.95
2025-03-18 02:00:00,us-east-1,19.92,0.067,920.4,0.8
2025-03-18 03:00:00,us-east-1,14.96,0.342,793.0,4.11
2025-03-18 04:00:00,us-east-1,13.86,0.022,954.6,0.54
2025-03-18 05:00:00,us-east-1,21.45,0.009,688.5,1.06
2025-03-18 06:00:00,us-east-1,18.9,0.089,865.2,1.02
2025-03-18 07:00:00,us-east-1,15.98,0.186,1000.0,9.6
2025-03-18 08:00:00,us-east-1,25.52,3.022,948.9,4.85
2025-03-18 09:00:00,us-east-1,89.76,0.429,999.3,3.02
2025-03-18 10:00:00,us-east-1,24.36,0.448,1000.0,3.25
2025-03-18 11:00:00,us-east-1,20.91,0.183,1000.0,2.06
2025-03-18 12:00:00,us-east-1,27.1,0.14,1000.0,7.35
2025-03-18 13:00:00,us-east-1,26.15,0.153,1000.0,1.71
2025-03-18 14:00:00,us-east-1,19.93,1.45,1000.0,1.2
2025-03-18 15:00:00,us-east-1,23.72,0.014,1000.0,0.44
2025-03-18 16:00:00,us-east-1,22.7,0.666,1000.0,3.86
2025-03-18 17:00:00,us-east-1,24.95,0.285,1000.0,3.31
2025-03-18 18:00:00,us-east-1,17.7,0.191,1000.0,1.21
2025-03-18 19:00:00,us-east-1,19.85,0.388,1000.0,0.1
2025-03-18 20:00:00,us-east-1,20.86,0.2,834.1,4.57
2025-03-18 21:00:00,us-east-1,13.25,0.62,733.1,0.1
2025-03-18 22:00:00,us-east-1,14.81,0.693,982.8,3.04
2025-03-18 23:00:00,us-east-1,12.49,0.164,835.6,8.79
2025-03-19 00:00:00,us-east-1,17.27,0.097,589.3,1.44
2025-03-19 01:00:00,us-east-1,19.94,0.269,951.7,0.67
2025-03-19 02:00:00,us-east-1,22.06,0.73,785.8,3.05
2025-03-19 03:00:00,us-east-1,18.2,0.071,839.1,4.25
2025-03-19 04:00:00,us-east-1,22.4,0.293,889.8,1.98
2025-03-19 05:00:00,us-east-1,14.27,0.3,872.9,8.53
2025-03-19 06:00:00,us-east-1,13.4,0.396,935.1,0.13
2025-03-19 07:00:00,us-east-1,17.85,0.042,797.7,1.76
2025-03-19 08:00:00,us-east-1,21.89,0.415,1000.0,3.17
2025-03-19 09:00:00,us-east-1,20.6,0.791,1000.0,4.96
2025-03-19 10:00:00,us-east-1,14.28,0.065,1000.0,0.49
2025-03-19 11:00:00,us-east-1,20.42,0.089,1000.0,4.02
2025-03-19 12:00:00,us-east-1,16.65,1.173,959.1,2.01
2025-03-19 13:00:00,us-east-1,22.78,0.066,1000.0,1.26
2025-03-19 14:00:00,us-east-1,21.84,0.636,1000.0,0.35
2025-03-19 15:00:00,us-east-1,17.78,0.224,1000.0,5.01
2025-03-19 16:00:00,us-east-1,19.1,0.094,1000.0,0.43
2025-03-19 17:00:00,us-east-1,17.41,3.156,1000.0,0.93
2025-03-19 18:00:00,us-east-1,20.51,0.194,1000.0,0.86
2025-03-19 19:00:00,us-east-1,20.58,0.217,808.1,5.13
2025-03-19 20:00:00,us-east-1,15.34,0.134,847.7,2.79
2025-03-19 21:00:00,us-east-1,19.36,0.27,813.6,3.98
2025-03-19 22:00:00,us-east-1,16.57,0.054,946.0,0.72
2025-03-19 23:00:00,us-east-1,15.86,0.149,656.0,2.45
2025-03-20 00:00:00,us-east-1,17.71,1.046,723.6,2.12
2025-03-20 01:00:00,us-east-1,15.2,0.09,721.9,4.47
2025-03-20 02:00:00,us-east-1,16.51,0.321,964.0,5.91
2025-03-20 03:00:00,us-east-1,14.77,0.118,1000.0,0.1
2025-03-20 04:00:00,us-east-1,23.3,0.445,837.5,2.8
2025-03-20 05:00:00,us-east-1,18.1,0.042,829.7,0.13
2025-03-20 06:00:00,us-east-1,16.11,1.05,858.4,1.99
2025-03-20 07:00:00,us-east-1,18.58,0.181,989.4,0.85
2025-03-20 08:00:00,us-east-1,20.35,0.089,960.3,0.92
2025-03-20 09:00:00,us-east-1,20.01,0.025,1000.0,1.09
2025-03-20 10:00:00,us-east-1,22.61,0.061,1000.0,2.43
2025-03-20 11:00:00,us-east-1,23.05,0.242,1000.0,1.02
2025-03-20 12:00:00,us-east-1,19.05,0.136,1000.0,3.3
2025-03-20 13:00:00,us-east-1,18.91,0.583,1000.0,1.3
2025-03-20 14:00:00,us-east-1,19.85,0.186,683.3,0.18
2025-03-20 15:00:00,us-east-1,13.55,0.094,1000.0,3.83
2025-03-20 16:00:00,us-east-1,16.0,0.317,1000.0,0.84
2025-03-20 17:00:00,us-east-1,24.94,0.405,819.4,1.42
2025-03-20 18:00:00,us-east-1,25.81,0.06,1000.0,2.89
2025-03-20 19:00:00,us-east-1,17.33,0.055,1000.0,1.01
2025-03-20 20:00:00,us-east-1,19.56,0.011,833.5,0.15
2025-03-20 21:00:00,us-east-1,18.84,0.4,964.3,1.17
2025-03-20 22:00:00,us-east-1,26.31,0.327,1000.0,7.23
2025-03-20 23:00:00,us-east-1,21.02,0.193,1000.0,2.57
2025-03-21 00:00:00,us-east-1,17.65,0.558,1000.0,2.78
2025-03-21 01:00:00,us-east-1,15.42,0.491,939.1,2.5
2025-03-21 02:00:00,us-east-1,13.66,0.264,859.1,0.55
2025-03-21 03:00:00,us-east-1,18.55,0.608,657.8,1.35
2025-03-21 04:00:00,us-east-1,15.96,0.069,820.5,3.48
2025-03-21 05:00:00,us-east-1,14.16,0.036,748.8,0.27
2025-03-21 06:00:00,us-east-1,16.25,0.094,1000.0,0.81
2025-03-21 07:00:00,us-east-1,15.08,0.018,828.9,0.81
2025-03-21 08:00:00,us-east-1,25.94,0.25,1000.0,1.41
2025-03-21 09:00:00,us-east-1,23.44,0.91,1000.0,9.83
2025-03-21 10:00:00,us-east-1,20.68,0.013,1000.0,0.17
2025-03-21 11:00:00,us-east-1,25.3,0.043,1000.0,1.83
2025-03-21 12:00:00,us-east-1,20.94,0.199,1000.0,0.49
2025-03-21 13:00:00,us-east-1,18.03,0.896,1000.0,8.82
2025-03-21 14:00:00,us-east-1,25.43,0.125,989.2,0.3
2025-03-21 15:00:00,us-east-1,22.37,0.234,899.1,1.29
2025-03-21 16:00:00,us-east-1,17.48,0.066,1000.0,3.35
2025-03-21 17:00:00,us-east-1,20.11,0.053,1000.0,3.05
2025-03-21 18:00:00,us-east-1,17.98,1.424,1000.0,1.37
2025-03-21 19:00:00,us-east-1,14.27,1.007,766.9,1.06
2025-03-21 20:00:00,us-east-1,20.5,0.001,681.2,1.27
2025-03-21 21:00:00,us-east-1,23.16,0.91,840.0,0.77
2025-03-21 22:00:00,us-east-1,14.22,0.306,669.4,0.57
2025-03-21 23:00:00,us-east-1,19.52,0.607,941.2,1.65
2025-03-22 00:00:00,us-east-1,16.24,0.182,859.9,0.78
2025-03-22 01:00:00,us-east-1,16.68,0.217,675.1,0.85
2025-03-22 02:00:00,us-east-1,16.4,0.201,812.9,2.67
2025-03-22 03:00:00,us-east-1,15.67,0.33,759.7,8.65
2025-03-22 04:00:00,us-east-1,18.13,0.045,888.3,2.31
2025-03-22 05:00:00,us-east-1,15.76,0.009,1000.0,0.2
2025-03-22 06:00:00,us-east-1,18.73,0.11,625.0,0.2
2025-03-22 07:00:00,us-east-1,17.86,0.366,863.8,7.56
2025-03-22 08:00:00,us-east-1,19.96,0.074,1000.0,0.88
2025-03-22 09:00:00,us-east-1,17.88,0.369,1000.0,0.24
2025-03-22 10:00:00,us-east-1,18.91,1.156,1000.0,2.28
2025-03-22 11:00:00,us-east-1,23.05,0.102,987.7,2.44
2025-03-22 12:00:00,us-east-1,22.26,0.368,1000.0,2.61
2025-03-22 13:00:00,us-east-1,17.66,0.194,980.8,0.78
2025-03-22 14:00:00,us-east-1,21.01,0.669,1000.0,0.1
2025-03-22 15:00:00,us-east-1,23.03,0.064,1000.0,8.38
2025-03-22 16:00:00,us-east-1,15.52,0.389,1000.0,0.72
2025-03-22 17:00:00,us-east-1,22.39,0.601,1000.0,2.82
2025-03-22 18:00:00,us-east-1,18.64,0.955,994.5,3.07
2025-03-22 19:00:00,us-east-1,19.54,1.085,668.4,2.35
2025-03-22 20:00:00,us-east-1,15.94,0.206,633.6,0.94
2025-03-22 21:00:00,us-east-1,40.04,0.289,659.9,0.79
2025-03-22 22:00:00,us-east-1,13.61,0.61,882.1,2.28
2025-03-22 23:00:00,us-east-1,18.13,0.254,911.0,5.03
2025-03-23 00:00:00,us-east-1,18.7,0.009,660.3,7.33
2025-03-23 01:00:00,us-east-1,15.56,0.802,957.4,0.28
2025-03-23 02:00:00,us-east-1,19.72,0.351,792.0,0.42
2025-03-23 03:00:00,us-east-1,13.51,0.339,867.6,7.24
2025-03-23 04:00:00,us-east-1,17.82,0.073,1000.0,3.33
2025-03-23 05:00:00,us-east-1,14.73,0.323,957.6,5.36
2025-03-23 06:00:00,us-east-1,16.24,0.15,817.8,0.57
2025-03-23 07:00:00,us-east-1,18.13,0.316,743.1,2.21
2025-03-23 08:00:00,us-east-1,18.03,0.037,769.3,3.02
2025-03-23 09:00:00,us-east-1,19.51,0.354,992.8,2.85
2025-03-23 10:00:00,us-east-1,23.82,2.456,1000.0,1.31
2025-03-23 11:00:00,us-east-1,18.91,0.016,951.0,0.1
2025-03-23 12:00:00,us-east-1,23.29,1.247,1000.0,2.19
2025-03-23 13:00:00,us-east-1,17.19,0.172,1000.0,0.73
2025-03-23 14:00:00,us-east-1,22.35,0.675,1000.0,1.5
2025-03-23 15:00:00,us-east-1,25.18,0.503,1000.0,7.9
2025-03-23 16:00:00,us-east-1,13.03,0.276,1000.0,1.27
2025-03-23 17:00:00,us-east-1,18.23,0.443,1000.0,4.58
2025-03-23 18:00:00,us-east-1,22.49,0.696,934.9,0.52
2025-03-23 19:00:00,us-east-1,17.45,0.155,1000.0,2.79
2025-03-23 20:00:00,us-east-1,19.0,0.119,838.2,9.43
2025-03-23 21:00:00,us-east-1,16.37,0.33,852.3,0.27
2025-03-23 22:00:00,us-east-1,18.23,0.495,935.0,0.1
2025-03-23 23:00:00,us-east-1,17.58,0.431,878.0,1.42
2025-03-24 00:00:00,us-east-1,21.15,0.48,964.4,0.24
2025-03-24 01:00:00,us-east-1,18.69,0.172,884.5,3.45
2025-03-24 02:00:00,us-east-1,18.91,0.511,776.5,6.15
2025-03-24 03:00:00,us-east-1,16.89,0.038,893.4,1.42
2025-03-24 04:00:00,us-east-1,16.68,0.236,712.8,0.75
2025-03-24 05:00:00,us-east-1,16.83,0.002,863.0,1.42
2025-03-24 06:00:00,us-east-1,19.07,0.118,846.0,3.21
2025-03-24 07:00:00,us-east-1,16.86,0.137,825.0,0.1
2025-03-24 08:00:00,us-east-1,21.6,0.166,1000.0,2.23
2025-03-24 09:00:00,us-east-1,27.14,0.392,811.4,2.38
2025-03-24 10:00:00,us-east-1,23.4,0.162,1000.0,2.54
2025-03-24 11:00:00,us-east-1,19.69,0.197,1000.0,0.69
2025-03-24 12:00:00,us-east-1,24.43,0.089,1000.0,3.13
2025-03-24 13:00:00,us-east-1,19.43,0.154,944.7,0.24
2025-03-24 14:00:00,us-east-1,14.37,0.085,1000.0,0.56
2025-03-24 15:00:00,us-east-1,17.57,0.025,969.9,5.25
2025-03-24 16:00:00,us-east-1,14.89,0.305,1000.0,3.36
2025-03-24 17:00:00,us-east-1,19.61,0.364,1000.0,0.1
2025-03-24 18:00:00,us-east-1,20.76,0.319,1000.0,0.71
2025-03-24 19:00:00,us-east-1,22.53,0.187,1000.0,0.6
2025-03-24 20:00:00,us-east-1,18.88,0.143,706.8,0.79
2025-03-24 21:00:00,us-east-1,17.41,0.597,960.3,0.71
2025-03-24 22:00:00,us-east-1,20.24,0.22,970.1,0.16
2025-03-24 23:00:00,us-east-1,12.03,0.196,769.5,1.54
2025-03-25 00:00:00,us-east-1,18.64,0.008,1000.0,3.3
2025-03-25 01:00:00,us-east-1,20.08,0.125,820.0,2.33
2025-03-25 02:00:00,us-east-1,14.01,0.144,884.6,2.79
2025-03-25 03:00:00,us-east-1,21.09,0.153,881.2,0.21
2025-03-25 04:00:00,us-east-1,18.91,0.26,833.9,7.56
2025-03-25 05:00:00,us-east-1,16.88,0.229,947.3,4.56
2025-03-25 06:00:00,us-east-1,19.71,0.281,945.2,4.09
2025-03-25 07:00:00,us-east-1,24.13,0.434,640.2,4.33
2025-03-25 08:00:00,us-east-1,21.26,0.553,1000.0,6.75
2025-03-25 09:00:00,us-east-1,21.47,0.418,845.7,1.96
2025-03-25 10:00:00,us-east-1,19.27,1.027,1000.0,0.56
2025-03-25 11:00:00,us-east-1,18.06,0.006,1000.0,2.4
2025-03-25 12:00:00,us-east-1,23.28,0.072,934.8,3.4
2025-03-25 13:00:00,us-east-1,18.04,0.003,1000.0,3.35
2025-03-25 14:00:00,us-east-1,20.92,0.344,932.5,1.84
2025-03-25 15:00:00,us-east-1,19.22,0.753,1000.0,0.18
2025-03-25 16:00:00,us-east-1,22.19,0.092,1000.0,1.16
2025-03-25 17:00:00,us-east-1,21.74,0.864,1000.0,6.34
2025-03-25 18:00:00,us-east-1,23.92,0.021,1000.0,2.2
2025-03-25 19:00:00,us-east-1,16.62,0.817,1000.0,1.93
2025-03-25 20:00:00,us-east-1,17.27,0.13,782.5,0.78
2025-03-25 21:00:00,us-east-1,15.36,0.032,824.9,1.15
2025-03-25 22:00:00,us-east-1,16.8,0.2,648.0,5.64
2025-03-25 23:00:00,us-east-1,19.02,0.089,753.3,2.75
2025-03-26 00:00:00,us-east-1,20.04,0.101,965.8,3.87
2025-03-26 01:00:00,us-east-1,78.13,0.11,1000.0,1.51
2025-03-26 02:00:00,us-east-1,20.35,0.487,701.9,2.49
2025-03-26 03:00:00,us-east-1,21.66,0.232,778.9,0.71
2025-03-26 04:00:00,us-east-1,19.12,0.112,846.8,3.06
2025-03-26 05:00:00,us-east-1,23.07,0.283,883.6,1.39
2025-03-26 06:00:00,us-east-1,15.91,0.378,752.8,1.46
2025-03-26 07:00:00,us-east-1,14.64,0.095,900.9,2.62
2025-03-26 08:00:00,us-east-1,15.18,0.176,1000.0,6.88
2025-03-26 09:00:00,us-east-1,25.35,0.043,1000.0,0.17
2025-03-26 10:00:00,us-east-1,125.11,0.372,1000.0,4.35
2025-03-26 11:00:00,us-east-1,20.53,0.377,1000.0,0.86
2025-03-26 12:00:00,us-east-1,21.57,0.066,1000.0,1.47
2025-03-26 13:00:00,us-east-1,17.21,0.246,1000.0,0.1
2025-03-26 14:00:00,us-east-1,28.29,0.407,1000.0,0.9
2025-03-26 15:00:00,us-east-1,21.1,0.037,1000.0,1.75
2025-03-26 16:00:00,us-east-1,21.04,0.276,1000.0,0.14
2025-03-26 17:00:00,us-east-1,22.95,0.098,1000.0,1.69
2025-03-26 18:00:00,us-east-1,22.19,1.087,1000.0,6.55
2025-03-26 19:00:00,us-east-1,18.6,0.198,814.5,0.28
2025-03-26 20:00:00,us-east-1,15.87,0.492,933.6,3.61
2025-03-26 21:00:00,us-east-1,19.27,0.24,809.9,1.32
2025-03-26 22:00:00,us-east-1,134.13,0.013,990.8,2.66
2025-03-26 23:00:00,us-east-1,21.63,0.301,894.4,0.75
2025-03-27 00:00:00,us-east-1,22.3,0.907,837.1,0.43
2025-03-27 01:00:00,us-east-1,16.62,0.276,903.7,0.44
2025-03-27 02:00:00,us-east-1,54.38,0.513,661.5,0.18
2025-03-27 03:00:00,us-east-1,17.66,0.647,714.8,0.51
2025-03-27 04:00:00,us-east-1,18.15,0.078,706.7,2.73
2025-03-27 05:00:00,us-east-1,20.95,0.071,867.2,5.34
2025-03-27 06:00:00,us-east-1,13.43,0.283,1000.0,4.21
2025-03-27 07:00:00,us-east-1,22.13,0.159,1000.0,2.89
2025-03-27 08:00:00,us-east-1,20.21,0.604,1000.0,0.29
2025-03-27 09:00:00,us-east-1,19.37,0.76,1000.0,0.85
2025-03-27 10:00:00,us-east-1,17.56,0.144,824.0,0.93
2025-03-27 11:00:00,us-east-1,15.56,0.089,1000.0,0.72
2025-03-27 12:00:00,us-east-1,23.26,0.5,982.1,1.81
2025-03-27 13:00:00,us-east-1,20.93,0.106,1000.0,1.92
2025-03-27 14:00:00,us-east-1,16.69,0.571,1000.0,1.1
2025-03-27 15:00:00,us-east-1,16.68,0.182,1000.0,1.09
2025-03-27 16:00:00,us-east-1,19.66,0.363,796.2,4.41
2025-03-27 17:00:00,us-east-1,25.88,0.033,1000.0,3.89
2025-03-27 18:00:00,us-east-1,19.89,0.323,937.7,0.92
2025-03-27 19:00:00,us-east-1,13.94,0.18,878.7,6.13
2025-03-27 20:00:00,us-east-1,17.34,0.265,1000.0,7.63
2025-03-27 21:00:00,us-east-1,17.26,0.055,739.7,0.99
2025-03-27 22:00:00,us-east-1,10.72,0.401,546.4,1.09
2025-03-27 23:00:00,us-east-1,17.85,0.596,815.7,1.76
2025-03-28 00:00:00,us-east-1,17.38,0.073,982.1,7.08
2025-03-28 01:00:00,us-east-1,19.88,0.03,1000.0,5.23
2025-03-28 02:00:00,us-east-1,22.99,0.007,702.5,0.27
2025-03-28 03:00:00,us-east-1,21.04,0.308,909.6,1.25
2025-03-28 04:00:00,us-east-1,17.27,0.28,794.2,2.02
2025-03-28 05:00:00,us-east-1,15.01,0.237,837.3,1.75
2025-03-28 06:00:00,us-east-1,24.95,0.079,1000.0,0.54
2025-03-28 07:00:00,us-east-1,18.16,0.149,669.6,4.89
2025-03-28 08:00:00,us-east-1,20.74,0.298,1000.0,2.82
2025-03-28 09:00:00,us-east-1,20.63,0.227,1000.0,4.55
2025-03-28 10:00:00,us-east-1,21.32,1.454,1000.0,4.89
2025-03-28 11:00:00,us-east-1,20.25,0.048,1000.0,3.45
2025-03-28 12:00:00,us-east-1,18.92,0.392,1000.0,1.45
2025-03-28 13:00:00,us-east-1,19.0,0.171,1000.0,2.36
2025-03-28 14:00:00,us-east-1,20.6,0.184,1000.0,0.44
2025-03-28 15:00:00,us-east-1,19.01,0.417,1000.0,2.8
2025-03-28 16:00:00,us-east-1,18.49,0.389,1000.0,0.49
2025-03-28 17:00:00,us-east-1,21.03,1.564,1000.0,2.96
2025-03-28 18:00:00,us-east-1,19.91,0.045,1000.0,0.65
2025-03-28 19:00:00,us-east-1,22.06,0.033,846.5,0.31
2025-03-28 20:00:00,us-east-1,10.84,0.387,985.1,0.45
2025-03-28 21:00:00,us-east-1,20.95,0.259,843.8,0.1
2025-03-28 22:00:00,us-east-1,21.36,0.096,637.2,3.17
2025-03-28 23:00:00,us-east-1,12.4,0.025,1000.0,3.3
2025-03-29 00:00:00,us-east-1,17.07,0.027,741.3,1.81
2025-03-29 01:00:00,us-east-1,17.0,0.674,771.5,0.44
2025-03-29 02:00:00,us-east-1,14.2,0.064,778.5,0.22
2025-03-29 03:00:00,us-east-1,15.9,0.117,1000.0,0.1
2025-03-29 04:00:00,us-east-1,15.0,0.077,593.7,0.45
2025-03-29 05:00:00,us-east-1,22.73,0.132,1000.0,5.54
2025-03-29 06:00:00,us-east-1,20.53,0.022,976.7,0.69
2025-03-29 07:00:00,us-east-1,21.43,0.22,876.8,1.09
2025-03-29 08:00:00,us-east-1,22.94,0.023,1000.0,0.28
2025-03-29 09:00:00,us-east-1,17.19,0.532,1000.0,0.63
2025-03-29 10:00:00,us-east-1,19.07,0.088,1000.0,1.83
2025-03-29 11:00:00,us-east-1,22.22,0.256,1000.0,2.34
2025-03-29 12:00:00,us-east-1,16.91,0.7,1000.0,0.7
2025-03-29 13:00:00,us-east-1,22.91,0.347,1000.0,0.15
2025-03-29 14:00:00,us-east-1,76.37,0.251,1000.0,1.24
2025-03-29 15:00:00,us-east-1,19.54,0.129,1000.0,0.67
2025-03-29 16:00:00,us-east-1,22.91,0.134,1000.0,0.62
2025-03-29 17:00:00,us-east-1,22.08,0.365,1000.0,8.04
2025-03-29 18:00:00,us-east-1,19.58,1.696,1000.0,2.39
2025-03-29 19:00:00,us-east-1,21.13,0.325,497.2,2.03
2025-03-29 20:00:00,us-east-1,15.08,0.245,928.7,1.34
2025-03-29 21:00:00,us-east-1,19.66,0.394,873.4,1.4
2025-03-29 22:00:00,us-east-1,92.7,0.188,847.8,1.95
2025-03-29 23:00:00,us-east-1,17.16,0.019,803.4,2.98
2025-03-30 00:00:00,us-east-1,18.88,0.248,984.9,3.03
2025-03-30 01:00:00,us-east-1,14.62,0.948,963.7,0.47
2025-03-30 02:00:00,us-east-1,20.49,0.058,757.3,1.73
2025-03-30 03:00:00,us-east-1,17.5,0.351,898.8,1.33
2025-03-30 04:00:00,us-east-1,16.59,0.067,733.4,5.11
2025-03-30 05:00:00,us-east-1,20.83,0.23,684.4,2.5
2025-03-30 06:00:00,us-east-1,16.1,0.031,774.8,1.9
2025-03-30 07:00:00,us-east-1,14.2,0.18,953.5,0.31
2025-03-30 08:00:00,us-east-1,15.87,0.466,1000.0,2.33
2025-03-30 09:00:00,us-east-1,22.58,0.141,1000.0,0.31
2025-03-30 10:00:00,us-east-1,16.72,0.361,1000.0,1.03
2025-03-30 11:00:00,us-east-1,26.15,0.524,1000.0,0.39
2025-03-30 12:00:00,us-east-1,14.24,0.865,1000.0,2.94
2025-03-30 13:00:00,us-east-1,25.97,0.088,1000.0,0.58
2025-03-30 14:00:00,us-east-1,21.36,0.168,1000.0,1.24
2025-03-30 15:00:00,us-east-1,20.4,0.055,1000.0,5.65
2025-03-30 16:00:00,us-east-1,19.01,1.614,1000.0,0.57
2025-03-30 17:00:00,us-east-1,21.94,0.864,1000.0,1.77
2025-03-30 18:00:00,us-east-1,20.58,0.256,1000.0,1.36
2025-03-30 19:00:00,us-east-1,20.98,0.554,978.4,0.1
2025-03-30 20:00:00,us-east-1,18.31,0.221,846.8,3.93
2025-03-30 21:00:00,us-east-1,18.41,0.293,744.2,0.18
2025-03-30 22:00:00,us-east-1,17.02,0.028,830.4,1.61
2025-03-30 23:00:00,us-east-1,17.85,0.422,760.6,2.06
2025-03-01 00:00:00,eu-west-1,25.66,0.012,850.2,0.95
2025-03-01 01:00:00,eu-west-1,19.99,0.007,899.8,3.63
2025-03-01 02:00:00,eu-west-1,23.46,0.447,1000.0,1.72
2025-03-01 03:00:00,eu-west-1,25.49,0.043,815.8,0.93
2025-03-01 04:00:00,eu-west-1,23.3,0.189,866.6,4.18
2025-03-01 05:00:00,eu-west-1,24.18,0.279,719.7,5.05
2025-03-01 06:00:00,eu-west-1,24.66,0.168,745.8,2.79
2025-03-01 07:00:00,eu-west-1,24.7,0.008,861.7,0.12
2025-03-01 08:00:00,eu-west-1,28.98,0.505,1000.0,2.09
2025-03-01 09:00:00,eu-west-1,24.18,0.003,1000.0,3.6
2025-03-01 10:00:00,eu-west-1,25.66,0.474,1000.0,0.37
2025-03-01 11:00:00,eu-west-1,23.21,0.738,1000.0,0.65
2025-03-01 12:00:00,eu-west-1,32.97,0.187,1000.0,5.35
2025-03-01 13:00:00,eu-west-1,19.67,0.253,1000.0,0.1
2025-03-01 14:00:00,eu-west-1,33.72,0.214,871.4,3.49
2025-03-01 15:00:00,eu-west-1,34.73,0.611,1000.0,1.61
2025-03-01 16:00:00,eu-west-1,27.45,0.721,1000.0,1.48
2025-03-01 17:00:00,eu-west-1,17.52,0.74,1000.0,0.1
2025-03-01 18:00:00,eu-west-1,27.19,0.135,906.9,4.28
2025-03-01 19:00:00,eu-west-1,24.76,0.286,930.3,1.12
2025-03-01 20:00:00,eu-west-1,21.21,0.785,930.6,1.95
2025-03-01 21:00:00,eu-west-1,23.07,0.982,896.1,2.83
2025-03-01 22:00:00,eu-west-1,30.74,0.213,730.7,3.03
2025-03-01 23:00:00,eu-west-1,27.49,0.181,879.9,7.81
2025-03-02 00:00:00,eu-west-1,21.53,0.098,708.0,1.89
2025-03-02 01:00:00,eu-west-1,19.01,0.957,819.7,1.28
2025-03-02 02:00:00,eu-west-1,23.77,0.046,973.5,7.68
2025-03-02 03:00:00,eu-west-1,24.2,0.26,945.6,2.57
2025-03-02 04:00:00,eu-west-1,26.86,0.1,851.8,0.89
2025-03-02 05:00:00,eu-west-1,22.99,0.098,733.0,0.34
2025-03-02 06:00:00,eu-west-1,26.92,0.156,927.5,4.62
2025-03-02 07:00:00,eu-west-1,32.26,2.016,852.3,1.12
2025-03-02 08:00:00,eu-west-1,32.27,0.019,743.0,2.7
2025-03-02 09:00:00,eu-west-1,28.54,0.285,1000.0,1.59
2025-03-02 10:00:00,eu-west-1,27.96,0.028,1000.0,0.55
2025-03-02 11:00:00,eu-west-1,27.21,0.055,1000.0,2.3
2025-03-02 12:00:00,eu-west-1,142.89,0.191,934.1,0.16
2025-03-02 13:00:00,eu-west-1,26.04,0.236,609.4,1.33
2025-03-02 14:00:00,eu-west-1,28.95,0.099,1000.0,1.98
2025-03-02 15:00:00,eu-west-1,28.97,0.126,1000.0,1.43
2025-03-02 16:00:00,eu-west-1,26.59,0.03,841.3,3.45
2025-03-02 17:00:00,eu-west-1,22.83,0.119,952.4,4.4
2025-03-02 18:00:00,eu-west-1,30.14,1.121,1000.0,3.69
2025-03-02 19:00:00,eu-west-1,24.77,0.869,813.3,0.1
2025-03-02 20:00:00,eu-west-1,26.88,0.122,937.7,0.54
2025-03-02 21:00:00,eu-west-1,23.0,0.254,771.9,1.92
2025-03-02 22:00:00,eu-west-1,29.58,0.721,599.2,6.83
2025-03-02 23:00:00,eu-west-1,21.71,0.002,829.6,4.5
2025-03-03 00:00:00,eu-west-1,31.42,0.499,818.1,4.62
2025-03-03 01:00:00,eu-west-1,18.45,0.889,802.0,0.9
2025-03-03 02:00:00,eu-west-1,26.63,0.029,836.2,1.4
2025-03-03 03:00:00,eu-west-1,26.78,0.053,881.7,1.59
2025-03-03 04:00:00,eu-west-1,22.02,0.971,832.0,0.43
2025-03-03 05:00:00,eu-west-1,26.59,0.231,698.3,0.1
2025-03-03 06:00:00,eu-west-1,29.8,0.004,908.3,7.34
2025-03-03 07:00:00,eu-west-1,16.69,0.089,616.1,0.69
2025-03-03 08:00:00,eu-west-1,30.92,0.197,785.1,0.69
2025-03-03 09:00:00,eu-west-1,18.0,0.39,1000.0,0.22
2025-03-03 10:00:00,eu-west-1,24.59,0.436,1000.0,6.6
2025-03-03 11:00:00,eu-west-1,35.78,1.778,1000.0,2.17
2025-03-03 12:00:00,eu-west-1,26.24,0.112,887.3,2.75
2025-03-03 13:00:00,eu-west-1,23.69,0.255,994.6,6.06
2025-03-03 14:00:00,eu-west-1,27.9,0.251,1000.0,1.06
2025-03-03 15:00:00,eu-west-1,37.67,0.172,856.0,2.43
2025-03-03 16:00:00,eu-west-1,20.85,0.061,989.7,0.1
2025-03-03 17:00:00,eu-west-1,24.22,1.251,1000.0,0.52
2025-03-03 18:00:00,eu-west-1,35.21,0.633,1000.0,4.45
2025-03-03 19:00:00,eu-west-1,31.97,0.207,799.7,3.64
2025-03-03 20:00:00,eu-west-1,24.61,0.277,940.8,1.08
2025-03-03 21:00:00,eu-west-1,20.35,0.077,620.3,1.18
2025-03-03 22:00:00,eu-west-1,32.86,0.235,929.1,1.91
2025-03-03 23:00:00,eu-west-1,30.98,0.356,753.5,0.1
2025-03-04 00:00:00,eu-west-1,27.55,0.217,886.9,0.69
2025-03-04 01:00:00,eu-west-1,21.95,1.39,820.3,0.58
2025-03-04 02:00:00,eu-west-1,24.82,0.284,1000.0,0.72
2025-03-04 03:00:00,eu-west-1,24.4,0.139,745.1,4.1
2025-03-04 04:00:00,eu-west-1,26.24,0.444,925.3,0.82
2025-03-04 05:00:00,eu-west-1,30.44,0.056,816.5,0.53
2025-03-04 06:00:00,eu-west-1,28.3,0.146,831.0,1.75
2025-03-04 07:00:00,eu-west-1,20.96,0.128,827.9,5.02
2025-03-04 08:00:00,eu-west-1,34.69,0.187,973.1,0.69
2025-03-04 09:00:00,eu-west-1,30.1,0.502,1000.0,0.2
2025-03-04 10:00:00,eu-west-1,31.71,0.218,1000.0,1.1
2025-03-04 11:00:00,eu-west-1,35.07,0.521,1000.0,3.44
2025-03-04 12:00:00,eu-west-1,82.6,0.284,1000.0,2.0
2025-03-04 13:00:00,eu-west-1,28.6,0.138,1000.0,4.24
2025-03-04 14:00:00,eu-west-1,26.46,0.548,1000.0,8.02
2025-03-04 15:00:00,eu-west-1,21.99,0.09,941.1,3.93
2025-03-04 16:00:00,eu-west-1,30.25,0.084,1000.0,2.31
2025-03-04 17:00:00,eu-west-1,39.58,0.232,919.9,1.7
2025-03-04 18:00:00,eu-west-1,20.81,0.1,1000.0,0.1
2025-03-04 19:00:00,eu-west-1,24.88,0.003,924.4,10.39
2025-03-04 20:00:00,eu-west-1,27.4,0.313,620.6,1.21
2025-03-04 21:00:00,eu-west-1,104.25,0.215,861.2,0.41
2025-03-04 22:00:00,eu-west-1,24.58,0.177,793.8,2.75
2025-03-04 23:00:00,eu-west-1,20.13,1.023,758.9,0.84
2025-03-05 00:00:00,eu-west-1,25.87,0.254,1000.0,2.2
2025-03-05 01:00:00,eu-west-1,22.16,0.597,771.6,2.21
2025-03-05 02:00:00,eu-west-1,16.79,0.045,753.2,1.48
2025-03-05 03:00:00,eu-west-1,106.77,0.253,859.1,4.52
2025-03-05 04:00:00,eu-west-1,28.59,0.607,932.3,0.77
2025-03-05 05:00:00,eu-west-1,25.19,0.262,833.0,1.49
2025-03-05 06:00:00,eu-west-1,25.86,0.38,990.0,1.93
2025-03-05 07:00:00,eu-west-1,29.03,0.14,913.7,2.72
2025-03-05 08:00:00,eu-west-1,29.72,0.032,765.2,3.83
2025-03-05 09:00:00,eu-west-1,164.28,0.202,1000.0,1.26
2025-03-05 10:00:00,eu-west-1,27.47,0.166,1000.0,2.6
2025-03-05 11:00:00,eu-west-1,34.41,0.666,1000.0,0.41
2025-03-05 12:00:00,eu-west-1,30.13,0.092,695.5,6.74
2025-03-05 13:00:00,eu-west-1,29.59,6.249,1000.0,1.21
2025-03-05 14:00:00,eu-west-1,23.27,1.047,1000.0,3.27
2025-03-05 15:00:00,eu-west-1,29.99,0.094,1000.0,0.1
2025-03-05 16:00:00,eu-west-1,25.16,0.512,1000.0,0.57
2025-03-05 17:00:00,eu-west-1,26.0,0.746,1000.0,1.67
2025-03-05 18:00:00,eu-west-1,25.23,1.122,1000.0,5.26
2025-03-05 19:00:00,eu-west-1,21.0,0.176,963.9,1.87
2025-03-05 20:00:00,eu-west-1,32.97,0.116,865.7,6.64
2025-03-05 21:00:00,eu-west-1,29.99,0.224,833.0,1.65
2025-03-05 22:00:00,eu-west-1,32.2,0.349,792.9,1.69
2025-03-05 23:00:00,eu-west-1,20.41,0.096,750.9,0.32
2025-03-06 00:00:00,eu-west-1,25.27,0.4,767.6,4.06
2025-03-06 01:00:00,eu-west-1,20.15,0.016,687.9,0.71
2025-03-06 02:00:00,eu-west-1,22.39,0.015,840.9,5.75
2025-03-06 03:00:00,eu-west-1,21.56,0.485,647.8,6.04
2025-03-06 04:00:00,eu-west-1,29.65,0.131,872.9,7.18
2025-03-06 05:00:00,eu-west-1,23.51,0.114,845.6,1.84
2025-03-06 06:00:00,eu-west-1,29.01,0.203,867.6,2.83
2025-03-06 07:00:00,eu-west-1,27.27,0.116,787.3,3.77
2025-03-06 08:00:00,eu-west-1,38.68,0.07,1000.0,0.35
2025-03-06 09:00:00,eu-west-1,22.37,0.122,1000.0,2.3
2025-03-06 10:00:00,eu-west-1,34.18,1.216,910.9,0.1
2025-03-06 11:00:00,eu-west-1,120.42,0.175,1000.0,1.72
2025-03-06 12:00:00,eu-west-1,24.55,0.194,1000.0,0.42
2025-03-06 13:00:00,eu-west-1,33.09,0.284,946.7,0.51
2025-03-06 14:00:00,eu-west-1,30.2,1.351,895.9,1.14
2025-03-06 15:00:00,eu-west-1,27.77,0.091,1000.0,1.42
2025-03-06 16:00:00,eu-west-1,25.2,0.377,998.7,2.44
2025-03-06 17:00:00,eu-west-1,25.65,0.415,1000.0,0.19
2025-03-06 18:00:00,eu-west-1,37.59,0.308,1000.0,1.75
2025-03-06 19:00:00,eu-west-1,25.0,0.028,1000.0,0.5
2025-03-06 20:00:00,eu-west-1,27.93,0.339,747.7,2.13
2025-03-06 21:00:00,eu-west-1,22.03,0.02,907.0,2.54
2025-03-06 22:00:00,eu-west-1,22.08,0.272,925.9,2.03
2025-03-06 23:00:00,eu-west-1,29.06,0.404,793.1,3.35
2025-03-07 00:00:00,eu-west-1,19.94,0.071,757.4,1.02
2025-03-07 01:00:00,eu-west-1,23.44,0.553,1000.0,3.62
2025-03-07 02:00:00,eu-west-1,25.13,0.009,877.3,1.42
2025-03-07 03:00:00,eu-west-1,25.42,0.557,926.3,1.66
2025-03-07 04:00:00,eu-west-1,24.33,0.185,751.4,2.61
2025-03-07 05:00:00,eu-west-1,26.48,0.074,703.7,0.1
2025-03-07 06:00:00,eu-west-1,27.6,0.043,781.7,2.65
2025-03-07 07:00:00,eu-west-1,27.75,0.919,835.1,2.41
2025-03-07 08:00:00,eu-west-1,24.5,0.025,939.0,0.93
2025-03-07 09:00:00,eu-west-1,27.52,0.073,1000.0,0.22
2025-03-07 10:00:00,eu-west-1,33.9,0.141,841.6,0.24
2025-03-07 11:00:00,eu-west-1,32.61,0.32,930.3,6.42
2025-03-07 12:00:00,eu-west-1,22.83,0.26,1000.0,2.92
2025-03-07 13:00:00,eu-west-1,30.27,0.044,1000.0,0.34
2025-03-07 14:00:00,eu-west-1,20.22,0.113,1000.0,1.1
2025-03-07 15:00:00,eu-west-1,28.95,0.09,946.2,2.24
2025-03-07 16:00:00,eu-west-1,36.93,0.079,944.7,4.51
2025-03-07 17:00:00,eu-west-1,24.66,0.175,1000.0,0.11
2025-03-07 18:00:00,eu-west-1,25.15,0.402,1000.0,0.68
2025-03-07 19:00:00,eu-west-1,27.87,0.074,961.4,5.51
2025-03-07 20:00:00,eu-west-1,19.21,0.137,790.4,0.1
2025-03-07 21:00:00,eu-west-1,22.63,0.149,711.6,0.56
2025-03-07 22:00:00,eu-west-1,27.24,1.125,882.1,7.99
2025-03-07 23:00:00,eu-west-1,22.62,0.928,751.2,2.38
2025-03-08 00:00:00,eu-west-1,24.12,0.483,787.8,0.76
2025-03-08 01:00:00,eu-west-1,27.79,0.083,1000.0,0.17
2025-03-08 02:00:00,eu-west-1,26.58,0.021,949.3,0.1
2025-03-08 03:00:00,eu-west-1,26.0,0.114,869.0,0.7
2025-03-08 04:00:00,eu-west-1,23.73,0.093,697.4,5.33
2025-03-08 05:00:00,eu-west-1,26.39,0.212,875.4,1.34
2025-03-08 06:00:00,eu-west-1,24.54,0.451,977.5,3.19
2025-03-08 07:00:00,eu-west-1,26.72,0.586,804.9,6.26
2025-03-08 08:00:00,eu-west-1,26.61,0.615,1000.0,1.31
2025-03-08 09:00:00,eu-west-1,27.96,0.147,1000.0,0.53
2025-03-08 10:00:00,eu-west-1,24.48,0.384,1000.0,1.82
2025-03-08 11:00:00,eu-west-1,28.6,0.124,1000.0,5.97
2025-03-08 12:00:00,eu-west-1,25.25,0.021,1000.0,4.08
2025-03-08 13:00:00,eu-west-1,23.95,0.399,1000.0,0.17
2025-03-08 14:00:00,eu-west-1,29.87,0.003,1000.0,2.95
2025-03-08 15:00:00,eu-west-1,29.67,0.174,1000.0,2.12
2025-03-08 16:00:00,eu-west-1,32.13,0.132,1000.0,5.95
2025-03-08 17:00:00,eu-west-1,26.89,0.39,1000.0,0.33
2025-03-08 18:00:00,eu-west-1,30.51,0.48,903.7,1.91
2025-03-08 19:00:00,eu-west-1,27.07,0.109,832.8,5.29
2025-03-08 20:00:00,eu-west-1,26.67,0.501,981.6,1.32
2025-03-08 21:00:00,eu-west-1,21.9,0.104,587.0,1.64
2025-03-08 22:00:00,eu-west-1,25.56,0.177,1000.0,0.18
2025-03-08 23:00:00,eu-west-1,26.37,0.39,984.7,0.81
2025-03-09 00:00:00,eu-west-1,25.03,0.354,794.8,0.98
2025-03-09 01:00:00,eu-west-1,17.18,1.311,915.2,7.26
2025-03-09 02:00:00,eu-west-1,25.6,0.077,850.4,0.83
2025-03-09 03:00:00,eu-west-1,33.3,0.326,997.6,1.54
2025-03-09 04:00:00,eu-west-1,23.65,0.282,967.9,2.78
2025-03-09 05:00:00,eu-west-1,22.27,0.74,682.0,0.44
2025-03-09 06:00:00,eu-west-1,26.4,0.051,920.5,1.67
2025-03-09 07:00:00,eu-west-1,26.17,0.418,825.3,3.35
2025-03-09 08:00:00,eu-west-1,33.89,0.277,1000.0,5.04
2025-03-09 09:00:00,eu-west-1,23.33,0.106,991.4,2.46
2025-03-09 10:00:00,eu-west-1,31.9,0.212,1000.0,2.76
2025-03-09 11:00:00,eu-west-1,31.3,0.134,1000.0,0.34
2025-03-09 12:00:00,eu-west-1,28.14,0.286,989.6,7.29
2025-03-09 13:00:00,eu-west-1,30.21,0.725,896.8,0.36
2025-03-09 14:00:00,eu-west-1,33.19,0.278,1000.0,3.73
2025-03-09 15:00:00,eu-west-1,32.51,0.33,1000.0,0.77
2025-03-09 16:00:00,eu-west-1,23.82,0.241,1000.0,6.78
2025-03-09 17:00:00,eu-west-1,32.29,0.057,1000.0,3.18
2025-03-09 18:00:00,eu-west-1,28.47,0.087,1000.0,3.5
2025-03-09 19:00:00,eu-west-1,25.27,0.203,966.3,0.62
2025-03-09 20:00:00,eu-west-1,25.27,0.111,889.2,1.46
2025-03-09 21:00:00,eu-west-1,24.44,0.06,683.3,2.4
2025-03-09 22:00:00,eu-west-1,29.47,0.21,826.5,3.67
2025-03-09 23:00:00,eu-west-1,24.69,0.117,977.2,0.27
2025-03-10 00:00:00,eu-west-1,20.8,0.09,843.8,8.2
2025-03-10 01:00:00,eu-west-1,23.52,0.187,910.4,5.52
2025-03-10 02:00:00,eu-west-1,25.67,0.043,811.8,0.79
2025-03-10 03:00:00,eu-west-1,29.61,0.788,726.4,4.33
2025-03-10 04:00:00,eu-west-1,27.26,0.607,835.2,1.83
2025-03-10 05:00:00,eu-west-1,21.81,0.369,887.1,1.55
2025-03-10 06:00:00,eu-west-1,34.32,0.034,771.3,0.94
2025-03-10 07:00:00,eu-west-1,25.99,0.449,821.7,2.17
2025-03-10 08:00:00,eu-west-1,34.25,0.545,958.4,3.27
2025-03-10 09:00:00,eu-west-1,28.1,0.482,1000.0,1.32
2025-03-10 10:00:00,eu-west-1,31.05,0.04,1000.0,2.48
2025-03-10 11:00:00,eu-west-1,32.37,0.341,1000.0,3.0
2025-03-10 12:00:00,eu-west-1,34.0,0.593,1000.0,3.1
2025-03-10 13:00:00,eu-west-1,33.31,0.284,1000.0,0.13
2025-03-10 14:00:00,eu-west-1,32.51,0.343,947.7,4.91
2025-03-10 15:00:00,eu-west-1,27.39,0.202,779.6,1.53
2025-03-10 16:00:00,eu-west-1,26.28,0.248,875.4,0.76
2025-03-10 17:00:00,eu-west-1,30.18,0.012,890.7,0.69
2025-03-10 18:00:00,eu-west-1,32.77,0.336,1000.0,1.65
2025-03-10 19:00:00,eu-west-1,24.16,0.025,863.9,5.45
2025-03-10 20:00:00,eu-west-1,28.99,0.171,896.8,1.19
2025-03-10 21:00:00,eu-west-1,30.45,0.104,583.5,3.46
2025-03-10 22:00:00,eu-west-1,21.56,0.237,706.2,0.25
2025-03-10 23:00:00,eu-west-1,21.86,0.043,956.4,1.62
2025-03-11 00:00:00,eu-west-1,24.47,0.353,884.4,11.97
2025-03-11 01:00:00,eu-west-1,26.15,0.475,832.3,3.68
2025-03-11 02:00:00,eu-west-1,23.03,0.054,917.8,0.59
2025-03-11 03:00:00,eu-west-1,30.07,0.033,1000.0,1.74
2025-03-11 04:00:00,eu-west-1,26.59,0.047,823.5,0.67
2025-03-11 05:00:00,eu-west-1,25.15,0.629,858.3,1.32
2025-03-11 06:00:00,eu-west-1,19.62,0.225,873.1,3.79
2025-03-11 07:00:00,eu-west-1,20.07,0.189,1000.0,3.69
2025-03-11 08:00:00,eu-west-1,29.96,0.037,777.5,0.65
2025-03-11 09:00:00,eu-west-1,19.55,0.346,1000.0,6.38
2025-03-11 10:00:00,eu-west-1,33.12,0.668,1000.0,2.24
2025-03-11 11:00:00,eu-west-1,28.07,0.581,1000.0,1.19
2025-03-11 12:00:00,eu-west-1,42.74,0.325,1000.0,1.74
2025-03-11 13:00:00,eu-west-1,38.7,0.026,1000.0,2.32
2025-03-11 14:00:00,eu-west-1,27.97,0.039,1000.0,2.05
2025-03-11 15:00:00,eu-west-1,28.29,0.017,1000.0,1.67
2025-03-11 16:00:00,eu-west-1,33.04,0.098,1000.0,1.76
2025-03-11 17:00:00,eu-west-1,36.09,0.048,972.7,0.49
2025-03-11 18:00:00,eu-west-1,21.69,0.099,1000.0,4.19
2025-03-11 19:00:00,eu-west-1,18.3,0.146,795.6,1.95
2025-03-11 20:00:00,eu-west-1,22.67,0.859,634.5,0.35
2025-03-11 21:00:00,eu-west-1,27.19,0.283,810.4,3.63
2025-03-11 22:00:00,eu-west-1,26.86,0.54,937.9,6.74
2025-03-11 23:00:00,eu-west-1,29.01,0.372,697.1,7.36
2025-03-12 00:00:00,eu-west-1,20.5,0.036,975.8,1.15
2025-03-12 01:00:00,eu-west-1,16.31,0.399,908.5,0.36
2025-03-12 02:00:00,eu-west-1,28.22,0.097,761.9,1.83
2025-03-12 03:00:00,eu-west-1,21.89,0.306,833.0,0.3
2025-03-12 04:00:00,eu-west-1,17.43,0.125,1000.0,6.79
2025-03-12 05:00:00,eu-west-1,25.54,1.819,938.0,0.51
2025-03-12 06:00:00,eu-west-1,27.97,0.092,851.1,0.73
2025-03-12 07:00:00,eu-west-1,24.54,0.098,821.5,1.3
2025-03-12 08:00:00,eu-west-1,26.78,0.881,1000.0,1.21
2025-03-12 09:00:00,eu-west-1,28.06,0.008,1000.0,3.96
2025-03-12 10:00:00,eu-west-1,27.15,0.394,776.7,1.52
2025-03-12 11:00:00,eu-west-1,133.28,0.426,1000.0,0.47
2025-03-12 12:00:00,eu-west-1,149.09,0.597,1000.0,0.78
2025-03-12 13:00:00,eu-west-1,31.0,1.21,1000.0,1.78
2025-03-12 14:00:00,eu-west-1,30.14,1.225,1000.0,0.4
2025-03-12 15:00:00,eu-west-1,29.47,0.022,990.3,2.36
2025-03-12 16:00:00,eu-west-1,24.46,0.569,1000.0,2.09
2025-03-12 17:00:00,eu-west-1,27.97,0.343,855.5,3.14
2025-03-12 18:00:00,eu-west-1,19.36,0.344,1000.0,6.94
2025-03-12 19:00:00,eu-west-1,25.67,0.041,701.9,6.08
2025-03-12 20:00:00,eu-west-1,30.36,0.315,726.2,7.3
2025-03-12 21:00:00,eu-west-1,19.47,1.213,797.2,0.7
2025-03-12 22:00:00,eu-west-1,22.8,0.729,1000.0,0.35
2025-03-12 23:00:00,eu-west-1,26.23,0.173,851.7,0.9
2025-03-13 00:00:00,eu-west-1,29.7,0.012,701.7,5.64
2025-03-13 01:00:00,eu-west-1,23.32,0.135,1000.0,8.94
2025-03-13 02:00:00,eu-west-1,22.4,0.525,937.7,4.9
2025-03-13 03:00:00,eu-west-1,17.62,0.363,914.6,0.29
2025-03-13 04:00:00,eu-west-1,25.39,0.184,935.9,7.36
2025-03-13 05:00:00,eu-west-1,32.66,0.017,1000.0,1.38
2025-03-13 06:00:00,eu-west-1,26.04,0.599,1000.0,0.1
2025-03-13 07:00:00,eu-west-1,24.92,0.19,767.6,1.46
2025-03-13 08:00:00,eu-west-1,30.14,0.871,1000.0,0.12
2025-03-13 09:00:00,eu-west-1,28.7,0.338,1000.0,1.96
2025-03-13 10:00:00,eu-west-1,80.72,0.123,1000.0,1.03
2025-03-13 11:00:00,eu-west-1,32.3,0.246,841.0,1.6
2025-03-13 12:00:00,eu-west-1,29.72,0.023,1000.0,2.37
2025-03-13 13:00:00,eu-west-1,28.83,1.187,978.2,5.08
2025-03-13 14:00:00,eu-west-1,24.54,0.147,1000.0,2.71
2025-03-13 15:00:00,eu-west-1,34.37,0.214,1000.0,1.42
2025-03-13 16:00:00,eu-west-1,31.62,0.145,781.4,4.28
2025-03-13 17:00:00,eu-west-1,26.37,0.379,1000.0,5.9
2025-03-13 18:00:00,eu-west-1,33.07,0.358,1000.0,0.32
2025-03-13 19:00:00,eu-west-1,23.13,0.377,827.6,1.9
2025-03-13 20:00:00,eu-west-1,91.21,0.094,937.5,0.84
2025-03-13 21:00:00,eu-west-1,22.15,0.114,892.1,0.12
2025-03-13 22:00:00,eu-west-1,18.36,0.04,891.0,2.76
2025-03-13 23:00:00,eu-west-1,26.77,0.32,817.4,4.97
2025-03-14 00:00:00,eu-west-1,18.13,0.012,704.0,0.44
2025-03-14 01:00:00,eu-west-1,20.39,0.273,715.4,4.18
2025-03-14 02:00:00,eu-west-1,17.22,0.611,935.1,4.8
2025-03-14 03:00:00,eu-west-1,24.68,0.664,852.3,6.14
2025-03-14 04:00:00,eu-west-1,24.44,0.179,833.4,0.77
2025-03-14 05:00:00,eu-west-1,23.77,0.184,799.1,5.86
2025-03-14 06:00:00,eu-west-1,21.09,0.024,813.4,0.97
2025-03-14 07:00:00,eu-west-1,20.6,0.333,975.6,2.01
2025-03-14 08:00:00,eu-west-1,30.75,0.568,1000.0,0.13
2025-03-14 09:00:00,eu-west-1,26.38,0.093,895.8,0.11
2025-03-14 10:00:00,eu-west-1,124.42,0.181,1000.0,3.19
2025-03-14 11:00:00,eu-west-1,24.93,0.602,1000.0,1.47
2025-03-14 12:00:00,eu-west-1,29.53,0.692,1000.0,0.74
2025-03-14 13:00:00,eu-west-1,132.97,0.092,1000.0,0.53
2025-03-14 14:00:00,eu-west-1,31.28,0.264,1000.0,2.77
2025-03-14 15:00:00,eu-west-1,26.97,0.071,1000.0,0.1
2025-03-14 16:00:00,eu-west-1,29.86,0.035,921.1,4.1
2025-03-14 17:00:00,eu-west-1,27.71,0.799,1000.0,0.21
2025-03-14 18:00:00,eu-west-1,28.78,0.567,1000.0,0.53
2025-03-14 19:00:00,eu-west-1,23.78,0.428,663.4,1.22
2025-03-14 20:00:00,eu-west-1,24.38,0.015,874.1,1.66
2025-03-14 21:00:00,eu-west-1,25.8,0.557,862.1,1.1
2025-03-14 22:00:00,eu-west-1,21.27,0.173,855.0,0.97
2025-03-14 23:00:00,eu-west-1,21.19,0.126,974.5,8.3
2025-03-15 00:00:00,eu-west-1,19.79,0.237,890.1,2.57
2025-03-15 01:00:00,eu-west-1,19.0,0.029,1000.0,0.1
2025-03-15 02:00:00,eu-west-1,20.44,0.424,730.8,1.41
2025-03-15 03:00:00,eu-west-1,25.6,0.262,866.3,5.2
2025-03-15 04:00:00,eu-west-1,21.65,0.062,860.1,0.9
2025-03-15 05:00:00,eu-west-1,26.93,0.063,721.7,0.25
2025-03-15 06:00:00,eu-west-1,25.13,0.061,964.8,3.55
2025-03-15 07:00:00,eu-west-1,17.62,0.018,1000.0,2.33
2025-03-15 08:00:00,eu-west-1,31.57,0.292,1000.0,2.11
2025-03-15 09:00:00,eu-west-1,32.25,0.605,1000.0,0.14
2025-03-15 10:00:00,eu-west-1,24.46,0.006,1000.0,0.38
2025-03-15 11:00:00,eu-west-1,30.56,0.017,993.7,2.44
2025-03-15 12:00:00,eu-west-1,25.06,0.281,821.0,0.58
2025-03-15 13:00:00,eu-west-1,29.17,0.565,994.9,1.75
2025-03-15 14:00:00,eu-west-1,23.3,0.131,887.9,1.97
2025-03-15 15:00:00,eu-west-1,21.02,0.142,1000.0,0.83
2025-03-15 16:00:00,eu-west-1,27.1,0.299,1000.0,7.41
2025-03-15 17:00:00,eu-west-1,28.22,0.106,1000.0,4.62
2025-03-15 18:00:00,eu-west-1,27.04,0.009,1000.0,3.2
2025-03-15 19:00:00,eu-west-1,20.56,0.399,715.4,0.2
2025-03-15 20:00:00,eu-west-1,23.5,0.295,758.0,0.28
2025-03-15 21:00:00,eu-west-1,26.01,0.261,858.2,1.7
2025-03-15 22:00:00,eu-west-1,24.83,0.406,973.5,0.44
2025-03-15 23:00:00,eu-west-1,25.68,0.337,910.2,9.57
2025-03-16 00:00:00,eu-west-1,22.49,0.069,879.8,0.43
2025-03-16 01:00:00,eu-west-1,29.39,0.45,859.4,1.67
2025-03-16 02:00:00,eu-west-1,20.59,0.04,898.0,1.13
2025-03-16 03:00:00,eu-west-1,26.83,0.042,874.2,2.55
2025-03-16 04:00:00,eu-west-1,29.43,0.338,726.4,0.35
2025-03-16 05:00:00,eu-west-1,26.8,0.587,855.5,1.41
2025-03-16 06:00:00,eu-west-1,24.24,0.987,721.2,0.8
2025-03-16 07:00:00,eu-west-1,23.02,0.297,859.7,5.47
2025-03-16 08:00:00,eu-west-1,33.22,0.067,1000.0,0.1
2025-03-16 09:00:00,eu-west-1,22.61,0.136,1000.0,6.13
2025-03-16 10:00:00,eu-west-1,24.57,0.553,1000.0,4.47
2025-03-16 11:00:00,eu-west-1,27.04,0.285,885.9,0.88
2025-03-16 12:00:00,eu-west-1,34.09,0.318,1000.0,3.89
2025-03-16 13:00:00,eu-west-1,30.39,2.948,1000.0,0.1
2025-03-16 14:00:00,eu-west-1,24.58,0.401,1000.0,8.52
2025-03-16 15:00:00,eu-west-1,27.41,0.594,1000.0,1.87
2025-03-16 16:00:00,eu-west-1,26.1,0.019,858.1,0.9
2025-03-16 17:00:00,eu-west-1,25.69,0.454,1000.0,1.13
2025-03-16 18:00:00,eu-west-1,32.97,0.628,889.6,0.17
2025-03-16 19:00:00,eu-west-1,19.86,0.101,797.7,11.36
2025-03-16 20:00:00,eu-west-1,31.03,0.307,819.1,0.1
2025-03-16 21:00:00,eu-west-1,28.11,0.113,841.6,2.66
2025-03-16 22:00:00,eu-west-1,29.09,0.951,932.7,1.46
2025-03-16 23:00:00,eu-west-1,23.26,0.01,768.0,7.44
2025-03-17 00:00:00,eu-west-1,24.44,0.26,817.2,0.71
2025-03-17 01:00:00,eu-west-1,19.63,0.055,848.3,1.9
2025-03-17 02:00:00,eu-west-1,23.03,0.374,868.0,1.65
2025-03-17 03:00:00,eu-west-1,26.85,0.058,861.7,3.03
2025-03-17 04:00:00,eu-west-1,29.86,0.389,902.3,0.18
2025-03-17 05:00:00,eu-west-1,20.85,0.205,951.3,0.54
2025-03-17 06:00:00,eu-west-1,23.63,0.739,897.1,0.6
2025-03-17 07:00:00,eu-west-1,24.43,0.071,904.4,3.35
2025-03-17 08:00:00,eu-west-1,22.73,0.051,858.2,0.52
2025-03-17 09:00:00,eu-west-1,31.3,0.47,1000.0,2.13
2025-03-17 10:00:00,eu-west-1,25.63,0.229,1000.0,0.61
2025-03-17 11:00:00,eu-west-1,27.91,0.801,1000.0,4.94
2025-03-17 12:00:00,eu-west-1,26.8,0.052,997.0,7.13
2025-03-17 13:00:00,eu-west-1,25.35,0.343,1000.0,1.83
2025-03-17 14:00:00,eu-west-1,161.41,0.087,1000.0,1.09
2025-03-17 15:00:00,eu-west-1,27.82,0.056,1000.0,0.67
2025-03-17 16:00:00,eu-west-1,27.15,0.38,1000.0,0.13
2025-03-17 17:00:00,eu-west-1,25.61,0.297,1000.0,0.78
2025-03-17 18:00:00,eu-west-1,30.13,0.464,1000.0,2.65
2025-03-17 19:00:00,eu-west-1,31.2,0.111,864.8,1.91
2025-03-17 20:00:00,eu-west-1,25.52,0.178,835.1,7.21
2025-03-17 21:00:00,eu-west-1,28.74,0.156,824.6,1.26
2025-03-17 22:00:00,eu-west-1,19.79,1.242,939.6,2.96
2025-03-17 23:00:00,eu-west-1,25.59,0.104,889.1,1.68
2025-03-18 00:00:00,eu-west-1,20.88,0.105,1000.0,1.8
2025-03-18 01:00:00,eu-west-1,19.46,0.131,747.7,0.78
2025-03-18 02:00:00,eu-west-1,22.23,0.249,912.2,1.52
2025-03-18 03:00:00,eu-west-1,29.47,0.087,786.5,1.59
2025-03-18 04:00:00,eu-west-1,28.56,0.741,745.7,3.07
2025-03-18 05:00:00,eu-west-1,25.91,0.093,848.7,7.06
2025-03-18 06:00:00,eu-west-1,19.25,0.678,866.5,1.0
2025-03-18 07:00:00,eu-west-1,24.26,0.033,1000.0,0.11
2025-03-18 08:00:00,eu-west-1,30.05,0.353,1000.0,1.71
2025-03-18 09:00:00,eu-west-1,29.51,0.784,928.7,1.97
2025-03-18 10:00:00,eu-west-1,20.8,0.061,1000.0,0.46
2025-03-18 11:00:00,eu-west-1,24.91,1.139,781.4,3.57
2025-03-18 12:00:00,eu-west-1,28.47,0.199,1000.0,10.49
2025-03-18 13:00:00,eu-west-1,31.06,0.961,1000.0,7.29
2025-03-18 14:00:00,eu-west-1,19.28,0.373,1000.0,0.55
2025-03-18 15:00:00,eu-west-1,28.05,0.118,1000.0,5.21
2025-03-18 16:00:00,eu-west-1,29.37,0.069,1000.0,3.05
2025-03-18 17:00:00,eu-west-1,32.41,0.119,1000.0,1.51
2025-03-18 18:00:00,eu-west-1,31.74,0.032,985.5,1.94
2025-03-18 19:00:00,eu-west-1,27.18,0.047,714.6,4.74
2025-03-18 20:00:00,eu-west-1,22.0,0.033,887.2,1.64
2025-03-18 21:00:00,eu-west-1,17.84,0.165,697.2,1.17
2025-03-18 22:00:00,eu-west-1,23.53,0.476,800.2,1.7
2025-03-18 23:00:00,eu-west-1,28.76,0.046,730.6,2.16
2025-03-19 00:00:00,eu-west-1,30.23,0.042,916.0,0.52
2025-03-19 01:00:00,eu-west-1,27.66,0.309,1000.0,5.78
2025-03-19 02:00:00,eu-west-1,26.61,0.066,693.8,2.8
2025-03-19 03:00:00,eu-west-1,26.42,0.031,627.6,2.51
2025-03-19 04:00:00,eu-west-1,22.91,0.055,835.0,0.26
2025-03-19 05:00:00,eu-west-1,24.51,0.772,851.9,2.32
2025-03-19 06:00:00,eu-west-1,31.26,0.517,876.2,0.32
2025-03-19 07:00:00,eu-west-1,21.47,0.131,796.4,0.2
2025-03-19 08:00:00,eu-west-1,35.71,0.352,1000.0,1.87
2025-03-19 09:00:00,eu-west-1,27.36,0.254,1000.0,1.29
2025-03-19 10:00:00,eu-west-1,34.47,0.373,1000.0,2.22
2025-03-19 11:00:00,eu-west-1,22.68,1.334,800.0,0.23
2025-03-19 12:00:00,eu-west-1,31.28,0.327,1000.0,1.41
2025-03-19 13:00:00,eu-west-1,25.57,0.102,1000.0,0.48
2025-03-19 14:00:00,eu-west-1,84.31,0.013,961.8,10.88
2025-03-19 15:00:00,eu-west-1,29.69,0.201,1000.0,2.06
2025-03-19 16:00:00,eu-west-1,33.1,0.731,1000.0,2.91
2025-03-19 17:00:00,eu-west-1,25.11,0.278,1000.0,0.98
2025-03-19 18:00:00,eu-west-1,22.29,0.589,1000.0,0.25
2025-03-19 19:00:00,eu-west-1,24.66,1.435,779.0,9.31
2025-03-19 20:00:00,eu-west-1,24.67,0.054,628.4,0.84
2025-03-19 21:00:00,eu-west-1,27.06,0.353,798.6,1.38
2025-03-19 22:00:00,eu-west-1,28.56,0.337,973.5,2.62
2025-03-19 23:00:00,eu-west-1,24.78,1.173,809.6,0.1
2025-03-20 00:00:00,eu-west-1,31.96,1.272,748.4,4.16
2025-03-20 01:00:00,eu-west-1,25.84,0.348,961.1,1.92
2025-03-20 02:00:00,eu-west-1,23.7,0.084,810.3,0.82
2025-03-20 03:00:00,eu-west-1,18.96,0.481,788.8,0.16
2025-03-20 04:00:00,eu-west-1,24.02,0.034,867.9,0.44
2025-03-20 05:00:00,eu-west-1,23.74,0.455,942.5,5.64
2025-03-20 06:00:00,eu-west-1,28.6,0.723,1000.0,2.9
2025-03-20 07:00:00,eu-west-1,26.73,0.145,949.3,0.72
2025-03-20 08:00:00,eu-west-1,23.66,0.329,1000.0,0.17
2025-03-20 09:00:00,eu-west-1,29.49,0.186,1000.0,2.93
2025-03-20 10:00:00,eu-west-1,31.65,0.19,945.0,2.12
2025-03-20 11:00:00,eu-west-1,161.17,0.123,1000.0,1.3
2025-03-20 12:00:00,eu-west-1,32.58,0.474,1000.0,1.13
2025-03-20 13:00:00,eu-west-1,32.03,0.908,936.8,0.61
2025-03-20 14:00:00,eu-west-1,29.01,0.933,1000.0,2.77
2025-03-20 15:00:00,eu-west-1,30.42,0.063,1000.0,8.82
2025-03-20 16:00:00,eu-west-1,34.14,0.686,1000.0,0.48
2025-03-20 17:00:00,eu-west-1,23.0,0.441,1000.0,2.27
2025-03-20 18:00:00,eu-west-1,27.24,0.096,1000.0,1.38
2025-03-20 19:00:00,eu-west-1,22.1,0.021,789.2,1.48
2025-03-20 20:00:00,eu-west-1,26.42,0.094,788.3,0.73
2025-03-20 21:00:00,eu-west-1,29.61,0.73,706.1,4.36
2025-03-20 22:00:00,eu-west-1,22.76,0.301,1000.0,1.66
2025-03-20 23:00:00,eu-west-1,16.04,0.383,851.6,1.96
2025-03-21 00:00:00,eu-west-1,23.45,0.089,823.0,0.91
2025-03-21 01:00:00,eu-west-1,28.43,0.381,738.5,0.5
2025-03-21 02:00:00,eu-west-1,27.02,0.009,1000.0,0.22
2025-03-21 03:00:00,eu-west-1,26.61,0.141,721.2,3.13
2025-03-21 04:00:00,eu-west-1,23.95,0.296,798.5,0.55
2025-03-21 05:00:00,eu-west-1,20.2,0.047,899.9,2.93
2025-03-21 06:00:00,eu-west-1,26.93,0.519,922.0,1.24
2025-03-21 07:00:00,eu-west-1,21.87,0.08,965.0,1.34
2025-03-21 08:00:00,eu-west-1,38.17,0.349,1000.0,1.58
2025-03-21 09:00:00,eu-west-1,31.21,0.171,1000.0,1.15
2025-03-21 10:00:00,eu-west-1,26.25,0.299,940.3,0.27
2025-03-21 11:00:00,eu-west-1,26.11,0.038,1000.0,0.93
2025-03-21 12:00:00,eu-west-1,28.35,0.006,1000.0,2.72
2025-03-21 13:00:00,eu-west-1,27.72,0.793,1000.0,2.74
2025-03-21 14:00:00,eu-west-1,33.57,0.104,886.9,0.84
2025-03-21 15:00:00,eu-west-1,29.55,0.565,1000.0,1.54
2025-03-21 16:00:00,eu-west-1,25.59,2.422,1000.0,0.54
2025-03-21 17:00:00,eu-west-1,36.9,0.078,1000.0,0.59
2025-03-21 18:00:00,eu-west-1,28.96,0.102,1000.0,0.1
2025-03-21 19:00:00,eu-west-1,27.88,0.326,748.9,5.68
2025-03-21 20:00:00,eu-west-1,22.72,1.01,940.1,0.59
2025-03-21 21:00:00,eu-west-1,26.36,0.742,928.5,0.65
2025-03-21 22:00:00,eu-west-1,26.17,0.21,966.6,0.82
2025-03-21 23:00:00,eu-west-1,17.91,0.476,848.4,0.34
2025-03-22 00:00:00,eu-west-1,32.56,0.044,778.0,2.55
2025-03-22 01:00:00,eu-west-1,29.84,1.137,662.9,0.2
2025-03-22 02:00:00,eu-west-1,23.51,1.0,948.3,0.36
2025-03-22 03:00:00,eu-west-1,20.87,0.054,900.9,2.59
2025-03-22 04:00:00,eu-west-1,26.3,0.107,734.1,1.04
2025-03-22 05:00:00,eu-west-1,25.33,0.032,785.4,3.08
2025-03-22 06:00:00,eu-west-1,26.33,0.095,794.0,2.04
2025-03-22 07:00:00,eu-west-1,25.72,2.022,672.0,0.74
2025-03-22 08:00:00,eu-west-1,30.93,0.157,977.4,2.63
2025-03-22 09:00:00,eu-west-1,34.99,0.031,928.1,0.31
2025-03-22 10:00:00,eu-west-1,31.2,0.138,1000.0,1.92
2025-03-22 11:00:00,eu-west-1,24.22,1.315,989.8,1.44
2025-03-22 12:00:00,eu-west-1,34.63,0.328,851.2,0.78
2025-03-22 13:00:00,eu-west-1,35.83,0.178,1000.0,2.32
2025-03-22 14:00:00,eu-west-1,42.34,0.06,1000.0,5.13
2025-03-22 15:00:00,eu-west-1,23.9,1.413,983.5,17.04
2025-03-22 16:00:00,eu-west-1,29.8,0.567,1000.0,2.34
2025-03-22 17:00:00,eu-west-1,19.77,0.109,1000.0,1.3
2025-03-22 18:00:00,eu-west-1,31.14,0.024,1000.0,0.64
2025-03-22 19:00:00,eu-west-1,22.94,0.017,751.8,0.74
2025-03-22 20:00:00,eu-west-1,160.81,0.038,981.1,1.63
2025-03-22 21:00:00,eu-west-1,22.1,0.261,784.3,1.14
2025-03-22 22:00:00,eu-west-1,18.67,0.793,689.7,6.13
2025-03-22 23:00:00,eu-west-1,23.23,0.206,936.9,1.15
2025-03-23 00:00:00,eu-west-1,17.59,0.555,1000.0,1.17
2025-03-23 01:00:00,eu-west-1,27.82,0.177,1000.0,1.21
2025-03-23 02:00:00,eu-west-1,17.26,0.37,706.0,4.53
2025-03-23 03:00:00,eu-west-1,25.11,0.395,933.9,2.63
2025-03-23 04:00:00,eu-west-1,17.21,0.057,800.8,2.38
2025-03-23 05:00:00,eu-west-1,23.8,0.134,944.0,1.02
2025-03-23 06:00:00,eu-west-1,31.16,0.304,673.5,4.26
2025-03-23 07:00:00,eu-west-1,26.35,0.022,698.5,0.1
2025-03-23 08:00:00,eu-west-1,25.03,0.148,984.0,5.12
2025-03-23 09:00:00,eu-west-1,28.62,0.253,1000.0,1.8
2025-03-23 10:00:00,eu-west-1,28.83,1.841,1000.0,1.27
2025-03-23 11:00:00,eu-west-1,30.79,0.212,1000.0,1.72
2025-03-23 12:00:00,eu-west-1,22.86,0.559,1000.0,2.75
2025-03-23 13:00:00,eu-west-1,31.31,0.187,1000.0,0.1
2025-03-23 14:00:00,eu-west-1,17.09,0.525,1000.0,5.13
2025-03-23 15:00:00,eu-west-1,26.03,0.299,1000.0,1.48
2025-03-23 16:00:00,eu-west-1,26.64,0.718,915.2,1.05
2025-03-23 17:00:00,eu-west-1,31.48,0.175,1000.0,0.37
2025-03-23 18:00:00,eu-west-1,28.85,0.306,1000.0,1.45
2025-03-23 19:00:00,eu-west-1,19.73,0.298,959.3,1.71
2025-03-23 20:00:00,eu-west-1,21.31,0.162,1000.0,1.29
2025-03-23 21:00:00,eu-west-1,25.75,0.047,904.8,2.84
2025-03-23 22:00:00,eu-west-1,24.7,0.029,670.5,1.37
2025-03-23 23:00:00,eu-west-1,22.83,0.005,739.8,8.14
2025-03-24 00:00:00,eu-west-1,92.9,0.62,1000.0,2.29
2025-03-24 01:00:00,eu-west-1,27.61,0.081,829.7,4.12
2025-03-24 02:00:00,eu-west-1,23.06,0.071,859.5,0.29
2025-03-24 03:00:00,eu-west-1,24.67,0.4,941.1,1.27
2025-03-24 04:00:00,eu-west-1,33.14,0.116,933.6,1.03
2025-03-24 05:00:00,eu-west-1,19.66,0.212,883.5,2.11
2025-03-24 06:00:00,eu-west-1,18.06,0.053,825.0,4.94
2025-03-24 07:00:00,eu-west-1,27.94,0.964,812.5,0.2
2025-03-24 08:00:00,eu-west-1,25.82,0.63,1000.0,0.19
2025-03-24 09:00:00,eu-west-1,27.38,0.658,1000.0,4.75
2025-03-24 10:00:00,eu-west-1,25.38,0.172,1000.0,0.6
2025-03-24 11:00:00,eu-west-1,27.63,0.474,1000.0,2.76
2025-03-24 12:00:00,eu-west-1,35.64,0.051,1000.0,1.96
2025-03-24 13:00:00,eu-west-1,32.21,0.003,972.1,4.47
2025-03-24 14:00:00,eu-west-1,32.47,0.007,986.6,0.33
2025-03-24 15:00:00,eu-west-1,22.64,0.292,952.3,0.35
2025-03-24 16:00:00,eu-west-1,23.79,0.201,1000.0,2.03
2025-03-24 17:00:00,eu-west-1,16.51,0.241,1000.0,7.31
2025-03-24 18:00:00,eu-west-1,25.26,0.002,979.4,1.34
2025-03-24 19:00:00,eu-west-1,28.59,0.165,872.6,0.99
2025-03-24 20:00:00,eu-west-1,26.94,0.38,771.2,2.33
2025-03-24 21:00:00,eu-west-1,24.17,0.175,818.8,6.66
2025-03-24 22:00:00,eu-west-1,24.92,0.395,668.8,4.53
2025-03-24 23:00:00,eu-west-1,22.42,0.08,823.5,13.5
2025-03-25 00:00:00,eu-west-1,25.77,0.503,826.8,0.1
2025-03-25 01:00:00,eu-west-1,27.87,0.266,914.8,0.3
2025-03-25 02:00:00,eu-west-1,18.94,0.071,876.8,2.35
2025-03-25 03:00:00,eu-west-1,26.12,0.081,706.2,4.3
2025-03-25 04:00:00,eu-west-1,28.5,0.297,980.1,0.84
2025-03-25 05:00:00,eu-west-1,23.44,0.531,875.2,0.68
2025-03-25 06:00:00,eu-west-1,27.63,0.161,873.8,3.87
2025-03-25 07:00:00,eu-west-1,35.55,0.09,848.9,0.15
2025-03-25 08:00:00,eu-west-1,28.3,0.666,1000.0,1.15
2025-03-25 09:00:00,eu-west-1,30.45,0.365,1000.0,1.76
2025-03-25 10:00:00,eu-west-1,25.57,0.196,1000.0,2.05
2025-03-25 11:00:00,eu-west-1,29.53,0.221,832.5,3.26
2025-03-25 12:00:00,eu-west-1,30.73,0.075,1000.0,1.1
2025-03-25 13:00:00,eu-west-1,29.59,0.325,1000.0,2.37
2025-03-25 14:00:00,eu-west-1,24.35,0.147,1000.0,2.2
2025-03-25 15:00:00,eu-west-1,29.64,1.794,1000.0,1.98
2025-03-25 16:00:00,eu-west-1,35.06,0.216,984.6,2.56
2025-03-25 17:00:00,eu-west-1,30.68,0.22,1000.0,0.75
2025-03-25 18:00:00,eu-west-1,32.9,0.275,1000.0,0.22
2025-03-25 19:00:00,eu-west-1,95.24,3.367,753.8,0.32
2025-03-25 20:00:00,eu-west-1,27.81,0.484,808.3,0.64
2025-03-25 21:00:00,eu-west-1,26.05,0.18,942.5,1.73
2025-03-25 22:00:00,eu-west-1,21.43,0.38,723.5,4.59
2025-03-25 23:00:00,eu-west-1,101.28,0.265,901.3,3.02
2025-03-26 00:00:00,eu-west-1,21.28,0.203,645.8,3.89
2025-03-26 01:00:00,eu-west-1,22.63,0.064,782.6,1.08
2025-03-26 02:00:00,eu-west-1,25.71,0.187,810.5,1.3
2025-03-26 03:00:00,eu-west-1,26.11,0.085,1000.0,1.25
2025-03-26 04:00:00,eu-west-1,20.54,0.739,817.0,0.53
2025-03-26 05:00:00,eu-west-1,28.95,0.123,585.9,0.16
2025-03-26 06:00:00,eu-west-1,27.15,0.913,610.1,2.23
2025-03-26 07:00:00,eu-west-1,22.36,0.228,854.1,11.32
2025-03-26 08:00:00,eu-west-1,104.66,0.329,1000.0,0.46
2025-03-26 09:00:00,eu-west-1,28.13,0.258,1000.0,0.12
2025-03-26 10:00:00,eu-west-1,26.83,0.046,1000.0,3.78
2025-03-26 11:00:00,eu-west-1,29.24,0.156,1000.0,0.73
2025-03-26 12:00:00,eu-west-1,27.18,0.034,1000.0,4.42
2025-03-26 13:00:00,eu-west-1,20.09,0.322,1000.0,3.04
2025-03-26 14:00:00,eu-west-1,27.08,0.195,850.4,7.28
2025-03-26 15:00:00,eu-west-1,27.43,0.497,963.8,1.31
2025-03-26 16:00:00,eu-west-1,31.48,0.082,823.1,2.71
2025-03-26 17:00:00,eu-west-1,25.74,0.059,1000.0,1.56
2025-03-26 18:00:00,eu-west-1,35.99,0.172,1000.0,2.49
2025-03-26 19:00:00,eu-west-1,17.83,0.783,863.7,1.49
2025-03-26 20:00:00,eu-west-1,29.92,0.372,857.4,0.52
2025-03-26 21:00:00,eu-west-1,24.16,0.163,738.7,1.77
2025-03-26 22:00:00,eu-west-1,28.22,0.218,827.2,1.88
2025-03-26 23:00:00,eu-west-1,25.3,0.026,670.3,4.16
2025-03-27 00:00:00,eu-west-1,29.27,1.252,1000.0,3.32
2025-03-27 01:00:00,eu-west-1,23.55,0.329,813.6,2.73
2025-03-27 02:00:00,eu-west-1,20.88,0.101,791.3,0.3
2025-03-27 03:00:00,eu-west-1,30.33,0.264,1000.0,3.19
2025-03-27 04:00:00,eu-west-1,24.57,0.035,700.9,1.73
2025-03-27 05:00:00,eu-west-1,25.83,1.013,714.9,5.61
2025-03-27 06:00:00,eu-west-1,29.63,0.058,718.5,6.31
2025-03-27 07:00:00,eu-west-1,21.13,0.313,841.9,0.14
2025-03-27 08:00:00,eu-west-1,31.32,0.093,1000.0,4.3
2025-03-27 09:00:00,eu-west-1,26.21,0.417,1000.0,0.1
2025-03-27 10:00:00,eu-west-1,28.18,0.495,1000.0,1.14
2025-03-27 11:00:00,eu-west-1,29.06,0.369,754.1,1.95
2025-03-27 12:00:00,eu-west-1,22.28,0.315,1000.0,0.4
2025-03-27 13:00:00,eu-west-1,25.39,0.736,1000.0,3.43
2025-03-27 14:00:00,eu-west-1,34.58,0.027,1000.0,0.1
2025-03-27 15:00:00,eu-west-1,32.57,0.133,1000.0,0.46
2025-03-27 16:00:00,eu-west-1,28.48,0.094,963.2,2.17
2025-03-27 17:00:00,eu-west-1,29.8,1.46,1000.0,3.13
2025-03-27 18:00:00,eu-west-1,27.48,0.163,1000.0,6.21
2025-03-27 19:00:00,eu-west-1,30.09,0.396,852.8,3.06
2025-03-27 20:00:00,eu-west-1,24.25,0.346,1000.0,2.79
2025-03-27 21:00:00,eu-west-1,25.87,0.072,668.5,1.25
2025-03-27 22:00:00,eu-west-1,29.3,0.082,690.3,0.1
2025-03-27 23:00:00,eu-west-1,22.08,0.099,588.6,0.32
2025-03-28 00:00:00,eu-west-1,30.85,0.159,766.1,1.91
2025-03-28 01:00:00,eu-west-1,19.26,0.08,869.4,2.81
2025-03-28 02:00:00,eu-west-1,31.11,0.006,862.3,1.35
2025-03-28 03:00:00,eu-west-1,23.6,0.635,867.9,3.28
2025-03-28 04:00:00,eu-west-1,24.09,1.011,680.7,1.84
2025-03-28 05:00:00,eu-west-1,17.91,0.125,946.4,0.19
2025-03-28 06:00:00,eu-west-1,23.29,0.124,878.8,0.53
2025-03-28 07:00:00,eu-west-1,21.1,0.002,938.0,4.58
2025-03-28 08:00:00,eu-west-1,26.13,0.376,809.7,3.23
2025-03-28 09:00:00,eu-west-1,28.16,0.576,1000.0,5.63
2025-03-28 10:00:00,eu-west-1,32.88,0.052,919.7,0.31
2025-03-28 11:00:00,eu-west-1,29.65,0.057,1000.0,11.57
2025-03-28 12:00:00,eu-west-1,30.08,0.515,1000.0,0.59
2025-03-28 13:00:00,eu-west-1,24.03,0.316,1000.0,0.1
2025-03-28 14:00:00,eu-west-1,24.95,0.015,972.2,14.9
2025-03-28 15:00:00,eu-west-1,36.51,0.322,1000.0,0.82
2025-03-28 16:00:00,eu-west-1,25.58,0.122,866.1,2.76
2025-03-28 17:00:00,eu-west-1,35.89,0.152,1000.0,0.49
2025-03-28 18:00:00,eu-west-1,27.7,0.485,1000.0,2.17
2025-03-28 19:00:00,eu-west-1,25.01,1.684,984.2,5.86
2025-03-28 20:00:00,eu-west-1,29.01,0.153,786.8,0.96
2025-03-28 21:00:00,eu-west-1,29.77,0.882,787.2,2.77
2025-03-28 22:00:00,eu-west-1,24.58,0.156,758.3,0.52
2025-03-28 23:00:00,eu-west-1,23.54,0.443,955.1,2.45
2025-03-29 00:00:00,eu-west-1,24.79,0.198,764.9,1.03
2025-03-29 01:00:00,eu-west-1,26.27,0.683,927.4,0.59
2025-03-29 02:00:00,eu-west-1,28.34,0.715,804.1,0.94
2025-03-29 03:00:00,eu-west-1,25.02,0.027,612.9,0.49
2025-03-29 04:00:00,eu-west-1,27.32,0.827,781.6,5.8
2025-03-29 05:00:00,eu-west-1,31.14,0.524,708.5,1.27
2025-03-29 06:00:00,eu-west-1,26.43,0.47,854.1,0.7
2025-03-29 07:00:00,eu-west-1,26.17,0.067,707.2,1.49
2025-03-29 08:00:00,eu-west-1,22.2,0.54,1000.0,0.97
2025-03-29 09:00:00,eu-west-1,17.4,0.626,1000.0,3.41
2025-03-29 10:00:00,eu-west-1,30.42,0.113,1000.0,8.87
2025-03-29 11:00:00,eu-west-1,28.34,1.004,1000.0,1.44
2025-03-29 12:00:00,eu-west-1,26.53,0.017,1000.0,4.93
2025-03-29 13:00:00,eu-west-1,29.8,0.054,1000.0,2.09
2025-03-29 14:00:00,eu-west-1,28.49,0.255,984.7,0.43
2025-03-29 15:00:00,eu-west-1,33.61,0.283,828.3,2.93
2025-03-29 16:00:00,eu-west-1,29.12,0.342,998.0,1.8
2025-03-29 17:00:00,eu-west-1,25.53,0.006,1000.0,2.63
2025-03-29 18:00:00,eu-west-1,33.02,1.065,1000.0,5.51
2025-03-29 19:00:00,eu-west-1,24.19,0.014,808.6,1.45
2025-03-29 20:00:00,eu-west-1,26.97,0.046,932.6,5.79
2025-03-29 21:00:00,eu-west-1,23.21,0.004,776.4,3.47
2025-03-29 22:00:00,eu-west-1,22.56,0.251,843.2,1.68
2025-03-29 23:00:00,eu-west-1,25.32,0.808,992.1,2.31
2025-03-30 00:00:00,eu-west-1,25.05,0.329,891.0,0.98
2025-03-30 01:00:00,eu-west-1,26.8,0.519,842.8,10.28
2025-03-30 02:00:00,eu-west-1,23.99,0.004,777.8,2.75
2025-03-30 03:00:00,eu-west-1,18.11,0.234,774.0,0.11
2025-03-30 04:00:00,eu-west-1,23.38,0.185,747.9,0.99
2025-03-30 05:00:00,eu-west-1,27.98,0.207,785.1,2.44
2025-03-30 06:00:00,eu-west-1,23.88,0.022,940.7,0.14
2025-03-30 07:00:00,eu-west-1,24.08,0.346,823.4,0.1
2025-03-30 08:00:00,eu-west-1,33.0,0.231,894.4,1.49
2025-03-30 09:00:00,eu-west-1,25.68,0.478,1000.0,1.01
2025-03-30 10:00:00,eu-west-1,22.1,0.219,1000.0,1.44
2025-03-30 11:00:00,eu-west-1,28.06,0.053,885.5,0.76
2025-03-30 12:00:00,eu-west-1,26.66,0.345,1000.0,0.45
2025-03-30 13:00:00,eu-west-1,24.58,0.062,1000.0,2.92
2025-03-30 14:00:00,eu-west-1,27.99,0.679,1000.0,1.81
2025-03-30 15:00:00,eu-west-1,30.87,0.313,932.1,0.56
2025-03-30 16:00:00,eu-west-1,120.15,0.056,1000.0,0.96
2025-03-30 17:00:00,eu-west-1,30.07,1.082,1000.0,2.24
2025-03-30 18:00:00,eu-west-1,36.57,0.241,1000.0,0.19
2025-03-30 19:00:00,eu-west-1,23.71,0.023,816.7,0.4
2025-03-30 20:00:00,eu-west-1,26.04,0.296,725.6,0.19
2025-03-30 21:00:00,eu-west-1,23.09,0.088,825.6,4.18
2025-03-30 22:00:00,eu-west-1,21.83,0.488,845.6,3.49
2025-03-30 23:00:00,eu-west-1,22.81,0.511,929.2,3.5
2025-03-01 00:00:00,ap-southeast-1,42.3,0.067,655.1,3.07
2025-03-01 01:00:00,ap-southeast-1,44.95,0.102,1000.0,2.21
2025-03-01 02:00:00,ap-southeast-1,46.86,0.053,850.9,0.96
2025-03-01 03:00:00,ap-southeast-1,58.79,0.086,960.5,2.02
2025-03-01 04:00:00,ap-southeast-1,48.86,0.076,861.9,3.28
2025-03-01 05:00:00,ap-southeast-1,49.02,0.22,849.2,0.11
2025-03-01 06:00:00,ap-southeast-1,43.2,0.248,690.6,0.1
2025-03-01 07:00:00,ap-southeast-1,38.39,0.87,846.8,1.53
2025-03-01 08:00:00,ap-southeast-1,183.71,0.072,1000.0,0.35
2025-03-01 09:00:00,ap-southeast-1,46.24,0.339,1000.0,2.73
2025-03-01 10:00:00,ap-southeast-1,54.79,0.561,1000.0,0.6
2025-03-01 11:00:00,ap-southeast-1,38.93,0.271,1000.0,1.42
2025-03-01 12:00:00,ap-southeast-1,56.35,0.097,947.0,0.55
2025-03-01 13:00:00,ap-southeast-1,50.84,0.101,1000.0,1.99
2025-03-01 14:00:00,ap-southeast-1,57.44,0.013,1000.0,0.31
2025-03-01 15:00:00,ap-southeast-1,46.13,0.12,1000.0,0.1
2025-03-01 16:00:00,ap-southeast-1,44.75,0.45,1000.0,0.13
2025-03-01 17:00:00,ap-southeast-1,48.59,0.016,1000.0,7.71
2025-03-01 18:00:00,ap-southeast-1,48.41,0.082,1000.0,0.38
2025-03-01 19:00:00,ap-southeast-1,50.44,0.367,857.7,3.08
2025-03-01 20:00:00,ap-southeast-1,50.38,0.458,854.4,0.18
2025-03-01 21:00:00,ap-southeast-1,57.86,0.182,1000.0,0.29
2025-03-01 22:00:00,ap-southeast-1,41.66,0.359,854.7,1.78
2025-03-01 23:00:00,ap-southeast-1,22.4,0.147,1000.0,1.56
2025-03-02 00:00:00,ap-southeast-1,42.24,0.052,694.4,7.57
2025-03-02 01:00:00,ap-southeast-1,46.56,0.152,846.1,7.24
2025-03-02 02:00:00,ap-southeast-1,49.82,0.26,758.5,3.78
2025-03-02 03:00:00,ap-southeast-1,47.05,0.887,790.6,2.3
2025-03-02 04:00:00,ap-southeast-1,41.65,0.021,793.2,1.52
2025-03-02 05:00:00,ap-southeast-1,56.57,0.212,764.6,1.1
2025-03-02 06:00:00,ap-southeast-1,38.02,0.12,1000.0,7.35
2025-03-02 07:00:00,ap-southeast-1,214.81,0.213,1000.0,2.31
2025-03-02 08:00:00,ap-southeast-1,43.37,0.008,1000.0,2.16
2025-03-02 09:00:00,ap-southeast-1,51.9,0.124,1000.0,0.66
2025-03-02 10:00:00,ap-southeast-1,64.08,0.566,998.4,0.12
2025-03-02 11:00:00,ap-southeast-1,50.66,0.266,1000.0,7.26
2025-03-02 12:00:00,ap-southeast-1,50.7,0.198,1000.0,0.94
2025-03-02 13:00:00,ap-southeast-1,38.59,0.111,1000.0,1.46
2025-03-02 14:00:00,ap-southeast-1,49.52,0.117,1000.0,0.3
2025-03-02 15:00:00,ap-southeast-1,60.68,0.159,1000.0,4.53
2025-03-02 16:00:00,ap-southeast-1,49.81,0.596,1000.0,0.1
2025-03-02 17:00:00,ap-southeast-1,49.28,1.128,982.2,4.49
2025-03-02 18:00:00,ap-southeast-1,60.33,0.191,898.9,0.38
2025-03-02 19:00:00,ap-southeast-1,244.42,0.15,880.1,5.44
2025-03-02 20:00:00,ap-southeast-1,53.72,0.562,1000.0,3.27
2025-03-02 21:00:00,ap-southeast-1,36.33,0.167,716.7,0.45
2025-03-02 22:00:00,ap-southeast-1,49.58,0.241,981.9,2.09
2025-03-02 23:00:00,ap-southeast-1,56.11,0.079,768.9,0.94
2025-03-03 00:00:00,ap-southeast-1,51.8,0.408,793.1,0.49
2025-03-03 01:00:00,ap-southeast-1,32.4,0.228,959.8,4.9
2025-03-03 02:00:00,ap-southeast-1,40.69,0.497,819.4,1.29
2025-03-03 03:00:00,ap-southeast-1,43.37,0.455,879.8,1.27
2025-03-03 04:00:00,ap-southeast-1,51.82,0.073,877.5,0.47
2025-03-03 05:00:00,ap-southeast-1,36.01,0.377,769.1,1.21
2025-03-03 06:00:00,ap-southeast-1,38.12,0.483,957.4,5.13
2025-03-03 07:00:00,ap-southeast-1,34.17,0.127,842.6,1.13
2025-03-03 08:00:00,ap-southeast-1,45.34,0.063,888.4,7.57
2025-03-03 09:00:00,ap-southeast-1,42.03,0.001,965.8,7.31
2025-03-03 10:00:00,ap-southeast-1,64.15,0.198,618.8,0.39
2025-03-03 11:00:00,ap-southeast-1,46.72,0.143,1000.0,0.49
2025-03-03 12:00:00,ap-southeast-1,57.11,0.267,1000.0,4.96
2025-03-03 13:00:00,ap-southeast-1,51.89,0.069,941.6,1.25
2025-03-03 14:00:00,ap-southeast-1,51.78,0.648,1000.0,0.1
2025-03-03 15:00:00,ap-southeast-1,47.16,0.098,1000.0,0.8
2025-03-03 16:00:00,ap-southeast-1,57.73,0.085,987.7,2.28
2025-03-03 17:00:00,ap-southeast-1,52.95,1.121,1000.0,4.01
2025-03-03 18:00:00,ap-southeast-1,52.5,0.228,1000.0,0.36
2025-03-03 19:00:00,ap-southeast-1,40.99,0.073,1000.0,0.29
2025-03-03 20:00:00,ap-southeast-1,42.1,0.095,653.7,6.38
2025-03-03 21:00:00,ap-southeast-1,48.98,0.056,817.7,3.48
2025-03-03 22:00:00,ap-southeast-1,46.55,0.38,832.0,2.23
2025-03-03 23:00:00,ap-southeast-1,45.83,0.441,845.1,3.67
2025-03-04 00:00:00,ap-southeast-1,39.91,0.186,936.0,1.4
2025-03-04 01:00:00,ap-southeast-1,58.12,0.376,1000.0,3.55
2025-03-04 02:00:00,ap-southeast-1,41.76,0.399,904.6,1.16
2025-03-04 03:00:00,ap-southeast-1,44.8,0.045,852.9,0.7
2025-03-04 04:00:00,ap-southeast-1,43.74,1.016,718.5,3.26
2025-03-04 05:00:00,ap-southeast-1,58.19,0.516,623.2,1.36
2025-03-04 06:00:00,ap-southeast-1,43.04,0.069,990.4,9.96
2025-03-04 07:00:00,ap-southeast-1,42.42,0.062,784.4,1.07
2025-03-04 08:00:00,ap-southeast-1,52.67,0.044,1000.0,6.37
2025-03-04 09:00:00,ap-southeast-1,46.37,0.049,1000.0,6.76
2025-03-04 10:00:00,ap-southeast-1,52.62,0.455,1000.0,0.69
2025-03-04 11:00:00,ap-southeast-1,70.16,0.209,1000.0,4.0
2025-03-04 12:00:00,ap-southeast-1,54.08,0.504,1000.0,1.42
2025-03-04 13:00:00,ap-southeast-1,53.79,0.453,996.6,6.24
2025-03-04 14:00:00,ap-southeast-1,46.18,0.306,831.8,1.5
2025-03-04 15:00:00,ap-southeast-1,65.02,0.383,1000.0,3.41
2025-03-04 16:00:00,ap-southeast-1,66.8,0.006,1000.0,1.57
2025-03-04 17:00:00,ap-southeast-1,58.37,0.123,1000.0,0.65
2025-03-04 18:00:00,ap-southeast-1,56.83,0.335,904.4,0.56
2025-03-04 19:00:00,ap-southeast-1,43.42,0.003,760.2,1.39
2025-03-04 20:00:00,ap-southeast-1,47.64,0.01,974.3,3.52
2025-03-04 21:00:00,ap-southeast-1,39.36,0.573,939.8,2.32
2025-03-04 22:00:00,ap-southeast-1,37.4,0.346,870.6,2.92
2025-03-04 23:00:00,ap-southeast-1,34.96,0.093,920.5,0.83
2025-03-05 00:00:00,ap-southeast-1,47.77,0.349,714.2,1.64
2025-03-05 01:00:00,ap-southeast-1,35.7,0.472,754.5,0.11
2025-03-05 02:00:00,ap-southeast-1,41.63,0.11,887.3,4.25
2025-03-05 03:00:00,ap-southeast-1,44.59,0.011,729.5,11.49
2025-03-05 04:00:00,ap-southeast-1,233.31,0.81,863.0,1.31
2025-03-05 05:00:00,ap-southeast-1,41.1,0.127,698.5,0.1
2025-03-05 06:00:00,ap-southeast-1,52.51,0.034,652.0,0.47
2025-03-05 07:00:00,ap-southeast-1,51.34,0.203,938.3,2.64
2025-03-05 08:00:00,ap-southeast-1,43.43,0.483,1000.0,2.37
2025-03-05 09:00:00,ap-southeast-1,60.47,0.083,1000.0,3.88
2025-03-05 10:00:00,ap-southeast-1,49.55,0.104,867.8,0.73
2025-03-05 11:00:00,ap-southeast-1,47.88,0.092,760.5,3.61
2025-03-05 12:00:00,ap-southeast-1,49.58,1.58,1000.0,2.91
2025-03-05 13:00:00,ap-southeast-1,51.72,0.073,1000.0,0.97
2025-03-05 14:00:00,ap-southeast-1,48.53,0.283,1000.0,1.97
2025-03-05 15:00:00,ap-southeast-1,45.23,0.856,1000.0,0.4
2025-03-05 16:00:00,ap-southeast-1,45.92,0.052,806.5,1.51
2025-03-05 17:00:00,ap-southeast-1,52.83,1.167,1000.0,5.33
2025-03-05 18:00:00,ap-southeast-1,50.5,0.972,1000.0,1.37
2025-03-05 19:00:00,ap-southeast-1,48.56,0.648,756.1,4.57
2025-03-05 20:00:00,ap-southeast-1,45.35,0.072,1000.0,2.23
2025-03-05 21:00:00,ap-southeast-1,45.52,0.302,836.0,0.53
2025-03-05 22:00:00,ap-southeast-1,49.0,0.429,1000.0,2.18
2025-03-05 23:00:00,ap-southeast-1,54.58,1.281,886.9,1.76
2025-03-06 00:00:00,ap-southeast-1,54.85,0.06,886.7,1.27
2025-03-06 01:00:00,ap-southeast-1,54.05,0.436,1000.0,0.32
2025-03-06 02:00:00,ap-southeast-1,50.88,0.124,943.9,1.35
2025-03-06 03:00:00,ap-southeast-1,59.08,0.058,895.0,0.19
2025-03-06 04:00:00,ap-southeast-1,47.96,0.164,617.0,0.26
2025-03-06 05:00:00,ap-southeast-1,47.2,0.474,669.1,1.34
2025-03-06 06:00:00,ap-southeast-1,60.15,0.188,905.0,0.91
2025-03-06 07:00:00,ap-southeast-1,26.6,0.231,1000.0,6.49
2025-03-06 08:00:00,ap-southeast-1,50.09,1.759,1000.0,1.18
2025-03-06 09:00:00,ap-southeast-1,61.47,0.168,1000.0,3.55
2025-03-06 10:00:00,ap-southeast-1,59.36,0.315,818.1,1.89
2025-03-06 11:00:00,ap-southeast-1,71.67,0.86,982.8,3.04
2025-03-06 12:00:00,ap-southeast-1,52.58,0.165,1000.0,0.75
2025-03-06 13:00:00,ap-southeast-1,48.41,0.393,971.4,7.11
2025-03-06 14:00:00,ap-southeast-1,49.17,0.917,954.5,1.89
2025-03-06 15:00:00,ap-southeast-1,54.22,0.258,1000.0,4.45
2025-03-06 16:00:00,ap-southeast-1,64.34,0.483,1000.0,1.14
2025-03-06 17:00:00,ap-southeast-1,64.44,0.031,1000.0,0.26
2025-03-06 18:00:00,ap-southeast-1,51.32,0.078,1000.0,2.8
2025-03-06 19:00:00,ap-southeast-1,158.46,0.209,872.6,0.1
2025-03-06 20:00:00,ap-southeast-1,40.87,0.006,916.1,1.61
2025-03-06 21:00:00,ap-southeast-1,41.58,0.087,836.8,0.54
2025-03-06 22:00:00,ap-southeast-1,52.06,0.219,800.7,2.47
2025-03-06 23:00:00,ap-southeast-1,55.81,0.005,938.6,9.71
2025-03-07 00:00:00,ap-southeast-1,40.29,0.092,823.0,1.56
2025-03-07 01:00:00,ap-southeast-1,46.64,0.216,707.4,4.25
2025-03-07 02:00:00,ap-southeast-1,43.36,0.255,1000.0,1.77
2025-03-07 03:00:00,ap-southeast-1,50.83,0.78,625.6,1.71
2025-03-07 04:00:00,ap-southeast-1,42.38,0.311,1000.0,6.66
2025-03-07 05:00:00,ap-southeast-1,32.0,0.161,910.8,5.52
2025-03-07 06:00:00,ap-southeast-1,51.77,0.799,733.7,3.85
2025-03-07 07:00:00,ap-southeast-1,42.95,0.461,852.9,0.88
2025-03-07 08:00:00,ap-southeast-1,50.2,0.074,1000.0,1.97
2025-03-07 09:00:00,ap-southeast-1,55.13,0.046,1000.0,0.63
2025-03-07 10:00:00,ap-southeast-1,54.49,0.372,1000.0,1.47
2025-03-07 11:00:00,ap-southeast-1,55.29,0.271,1000.0,1.66
2025-03-07 12:00:00,ap-southeast-1,205.97,0.515,1000.0,4.45
2025-03-07 13:00:00,ap-southeast-1,56.07,0.443,1000.0,5.66
2025-03-07 14:00:00,ap-southeast-1,36.93,0.324,1000.0,1.34
2025-03-07 15:00:00,ap-southeast-1,57.72,1.418,1000.0,0.1
2025-03-07 16:00:00,ap-southeast-1,60.43,0.252,1000.0,4.95
2025-03-07 17:00:00,ap-southeast-1,41.13,0.04,1000.0,0.48
2025-03-07 18:00:00,ap-southeast-1,54.3,0.581,1000.0,2.43
2025-03-07 19:00:00,ap-southeast-1,52.14,0.087,818.8,0.1
2025-03-07 20:00:00,ap-southeast-1,41.97,0.451,809.4,1.28
2025-03-07 21:00:00,ap-southeast-1,49.55,0.945,995.7,10.66
2025-03-07 22:00:00,ap-southeast-1,26.2,0.358,848.2,0.27
2025-03-07 23:00:00,ap-southeast-1,52.41,0.272,881.2,1.38
2025-03-08 00:00:00,ap-southeast-1,45.2,0.185,1000.0,0.92
2025-03-08 01:00:00,ap-southeast-1,43.26,0.136,1000.0,5.89
2025-03-08 02:00:00,ap-southeast-1,51.64,0.131,786.8,5.09
2025-03-08 03:00:00,ap-southeast-1,56.67,0.303,823.5,0.68
2025-03-08 04:00:00,ap-southeast-1,48.28,0.417,858.9,0.21
2025-03-08 05:00:00,ap-southeast-1,55.86,0.34,861.6,2.47
2025-03-08 06:00:00,ap-southeast-1,34.52,0.066,895.2,1.03
2025-03-08 07:00:00,ap-southeast-1,49.5,0.204,791.2,2.79
2025-03-08 08:00:00,ap-southeast-1,50.73,0.518,907.5,0.1
2025-03-08 09:00:00,ap-southeast-1,45.63,0.213,1000.0,0.36
2025-03-08 10:00:00,ap-southeast-1,36.78,0.254,1000.0,2.9
2025-03-08 11:00:00,ap-southeast-1,56.5,0.487,1000.0,0.6
2025-03-08 12:00:00,ap-southeast-1,58.54,0.357,1000.0,4.87
2025-03-08 13:00:00,ap-southeast-1,62.17,0.174,1000.0,0.15
2025-03-08 14:00:00,ap-southeast-1,60.88,0.745,982.1,0.61
2025-03-08 15:00:00,ap-southeast-1,45.76,0.059,1000.0,16.36
2025-03-08 16:00:00,ap-southeast-1,61.77,1.784,888.2,1.42
2025-03-08 17:00:00,ap-southeast-1,62.59,0.042,1000.0,3.03
2025-03-08 18:00:00,ap-southeast-1,49.73,0.005,1000.0,0.5
2025-03-08 19:00:00,ap-southeast-1,45.19,0.662,716.2,2.35
2025-03-08 20:00:00,ap-southeast-1,38.69,0.084,827.5,3.24
2025-03-08 21:00:00,ap-southeast-1,55.0,0.392,946.0,0.94
2025-03-08 22:00:00,ap-southeast-1,34.8,0.5,920.7,4.41
2025-03-08 23:00:00,ap-southeast-1,48.61,0.588,711.1,2.31
2025-03-09 00:00:00,ap-southeast-1,40.97,1.434,894.9,1.23
2025-03-09 01:00:00,ap-southeast-1,37.52,0.104,917.0,2.04
2025-03-09 02:00:00,ap-southeast-1,32.35,0.372,863.0,2.15
2025-03-09 03:00:00,ap-southeast-1,43.55,0.037,980.7,0.45
2025-03-09 04:00:00,ap-southeast-1,36.46,0.157,779.3,1.29
2025-03-09 05:00:00,ap-southeast-1,45.38,0.565,899.5,1.05
2025-03-09 06:00:00,ap-southeast-1,56.94,0.137,710.2,1.28
2025-03-09 07:00:00,ap-southeast-1,46.35,0.268,657.9,3.58
2025-03-09 08:00:00,ap-southeast-1,67.25,0.231,1000.0,1.65
2025-03-09 09:00:00,ap-southeast-1,44.13,0.343,1000.0,7.05
2025-03-09 10:00:00,ap-southeast-1,41.81,1.191,1000.0,0.87
2025-03-09 11:00:00,ap-southeast-1,43.78,0.019,938.8,1.34
2025-03-09 12:00:00,ap-southeast-1,51.24,0.282,1000.0,3.87
2025-03-09 13:00:00,ap-southeast-1,72.89,0.656,869.7,1.97
2025-03-09 14:00:00,ap-southeast-1,38.85,0.217,1000.0,1.98
2025-03-09 15:00:00,ap-southeast-1,56.56,0.027,1000.0,0.14
2025-03-09 16:00:00,ap-southeast-1,46.32,0.271,877.6,1.27
2025-03-09 17:00:00,ap-southeast-1,50.01,0.133,1000.0,0.79
2025-03-09 18:00:00,ap-southeast-1,41.98,0.056,1000.0,18.29
2025-03-09 19:00:00,ap-southeast-1,50.93,0.567,992.7,0.92
2025-03-09 20:00:00,ap-southeast-1,44.7,0.221,750.6,5.4
2025-03-09 21:00:00,ap-southeast-1,52.34,0.812,936.0,2.82
2025-03-09 22:00:00,ap-southeast-1,46.18,0.492,680.1,1.04
2025-03-09 23:00:00,ap-southeast-1,31.96,0.354,685.4,1.96
2025-03-10 00:00:00,ap-southeast-1,52.4,0.002,841.9,4.59
2025-03-10 01:00:00,ap-southeast-1,31.41,0.167,916.2,5.37
2025-03-10 02:00:00,ap-southeast-1,32.38,0.066,947.4,0.44
2025-03-10 03:00:00,ap-southeast-1,38.81,0.725,949.0,1.04
2025-03-10 04:00:00,ap-southeast-1,38.9,0.058,909.4,1.02
2025-03-10 05:00:00,ap-southeast-1,54.42,0.101,656.3,0.11
2025-03-10 06:00:00,ap-southeast-1,43.84,0.218,842.7,2.28
2025-03-10 07:00:00,ap-southeast-1,53.42,0.092,966.2,4.82
2025-03-10 08:00:00,ap-southeast-1,47.34,0.078,1000.0,1.2
2025-03-10 09:00:00,ap-southeast-1,54.22,0.302,1000.0,3.37
2025-03-10 10:00:00,ap-southeast-1,55.43,0.031,1000.0,2.47
2025-03-10 11:00:00,ap-southeast-1,57.15,0.02,1000.0,1.18
2025-03-10 12:00:00,ap-southeast-1,48.14,0.154,798.5,0.38
2025-03-10 13:00:00,ap-southeast-1,48.82,0.421,1000.0,3.09
2025-03-10 14:00:00,ap-southeast-1,49.44,0.267,1000.0,4.82
2025-03-10 15:00:00,ap-southeast-1,38.92,0.181,1000.0,2.89
2025-03-10 16:00:00,ap-southeast-1,51.1,0.275,745.3,0.1
2025-03-10 17:00:00,ap-southeast-1,48.77,0.15,1000.0,0.61
2025-03-10 18:00:00,ap-southeast-1,56.25,0.908,924.6,0.18
2025-03-10 19:00:00,ap-southeast-1,45.62,0.017,1000.0,2.11
2025-03-10 20:00:00,ap-southeast-1,54.02,0.336,1000.0,3.53
2025-03-10 21:00:00,ap-southeast-1,45.47,0.666,691.0,0.29
2025-03-10 22:00:00,ap-southeast-1,41.21,0.489,948.0,4.56
2025-03-10 23:00:00,ap-southeast-1,45.39,0.061,727.9,2.03
2025-03-11 00:00:00,ap-southeast-1,49.89,0.105,773.3,2.93
2025-03-11 01:00:00,ap-southeast-1,33.03,0.379,776.0,8.89
2025-03-11 02:00:00,ap-southeast-1,40.17,0.026,903.8,0.22
2025-03-11 03:00:00,ap-southeast-1,40.31,0.501,889.0,5.79
2025-03-11 04:00:00,ap-southeast-1,47.77,0.381,705.8,0.34
2025-03-11 05:00:00,ap-southeast-1,48.56,0.392,902.8,1.25
2025-03-11 06:00:00,ap-southeast-1,45.68,0.032,825.5,4.77
2025-03-11 07:00:00,ap-southeast-1,28.27,0.379,631.5,5.92
2025-03-11 08:00:00,ap-southeast-1,38.93,0.376,1000.0,1.76
2025-03-11 09:00:00,ap-southeast-1,49.9,0.587,1000.0,2.25
2025-03-11 10:00:00,ap-southeast-1,157.74,0.014,1000.0,3.08
2025-03-11 11:00:00,ap-southeast-1,51.79,0.008,818.7,4.47
2025-03-11 12:00:00,ap-southeast-1,48.11,0.621,1000.0,0.32
2025-03-11 13:00:00,ap-southeast-1,63.64,0.053,960.3,4.15
2025-03-11 14:00:00,ap-southeast-1,33.94,0.27,1000.0,1.64
2025-03-11 15:00:00,ap-southeast-1,54.1,0.823,1000.0,1.5
2025-03-11 16:00:00,ap-southeast-1,58.18,0.164,1000.0,1.38
2025-03-11 17:00:00,ap-southeast-1,57.2,0.615,1000.0,1.78
2025-03-11 18:00:00,ap-southeast-1,244.95,0.0,926.4,7.25
2025-03-11 19:00:00,ap-southeast-1,51.29,0.055,793.7,1.99
2025-03-11 20:00:00,ap-southeast-1,40.92,0.009,702.5,7.65
2025-03-11 21:00:00,ap-southeast-1,37.56,0.119,824.9,0.5
2025-03-11 22:00:00,ap-southeast-1,31.27,0.716,1000.0,3.22
2025-03-11 23:00:00,ap-southeast-1,42.55,0.031,999.8,4.18
2025-03-12 00:00:00,ap-southeast-1,39.75,0.28,1000.0,2.84
2025-03-12 01:00:00,ap-southeast-1,52.84,0.18,907.5,2.33
2025-03-12 02:00:00,ap-southeast-1,43.06,0.836,867.2,2.08
2025-03-12 03:00:00,ap-southeast-1,38.04,0.039,730.2,4.93
2025-03-12 04:00:00,ap-southeast-1,36.98,0.071,882.4,4.31
2025-03-12 05:00:00,ap-southeast-1,58.42,0.009,834.4,0.33
2025-03-12 06:00:00,ap-southeast-1,44.85,0.171,943.4,4.72
2025-03-12 07:00:00,ap-southeast-1,39.72,0.098,715.3,1.34
2025-03-12 08:00:00,ap-southeast-1,52.71,0.673,1000.0,0.73
2025-03-12 09:00:00,ap-southeast-1,66.47,0.306,859.5,5.1
2025-03-12 10:00:00,ap-southeast-1,48.73,0.314,1000.0,1.41
2025-03-12 11:00:00,ap-southeast-1,57.08,0.251,1000.0,4.13
2025-03-12 12:00:00,ap-southeast-1,60.96,0.032,852.0,0.76
2025-03-12 13:00:00,ap-southeast-1,37.07,0.194,896.0,0.1
2025-03-12 14:00:00,ap-southeast-1,46.79,2.512,902.8,1.71
2025-03-12 15:00:00,ap-southeast-1,59.99,0.595,1000.0,0.26
2025-03-12 16:00:00,ap-southeast-1,46.32,0.739,887.0,3.51
2025-03-12 17:00:00,ap-southeast-1,54.97,0.572,1000.0,0.81
2025-03-12 18:00:00,ap-southeast-1,45.86,0.036,1000.0,1.47
2025-03-12 19:00:00,ap-southeast-1,194.97,0.384,921.9,0.23
2025-03-12 20:00:00,ap-southeast-1,41.17,0.001,659.3,0.84
2025-03-12 21:00:00,ap-southeast-1,49.3,0.109,1000.0,3.8
2025-03-12 22:00:00,ap-southeast-1,46.36,0.034,928.0,0.41
2025-03-12 23:00:00,ap-southeast-1,45.67,0.192,768.1,2.6
2025-03-13 00:00:00,ap-southeast-1,61.93,0.339,665.0,6.24
2025-03-13 01:00:00,ap-southeast-1,56.74,0.623,840.9,2.85
2025-03-13 02:00:00,ap-southeast-1,31.63,0.415,794.0,4.17
2025-03-13 03:00:00,ap-southeast-1,42.01,0.837,799.0,0.29
2025-03-13 04:00:00,ap-southeast-1,61.38,0.017,765.3,0.72
2025-03-13 05:00:00,ap-southeast-1,41.12,0.004,936.6,5.62
2025-03-13 06:00:00,ap-southeast-1,59.09,0.325,537.9,3.14
2025-03-13 07:00:00,ap-southeast-1,42.12,0.102,1000.0,2.55
2025-03-13 08:00:00,ap-southeast-1,49.93,0.096,1000.0,2.72
2025-03-13 09:00:00,ap-southeast-1,58.45,0.133,1000.0,1.34
2025-03-13 10:00:00,ap-southeast-1,51.05,0.104,1000.0,0.11
2025-03-13 11:00:00,ap-southeast-1,55.59,0.236,1000.0,3.84
2025-03-13 12:00:00,ap-southeast-1,63.98,0.191,1000.0,2.84
2025-03-13 13:00:00,ap-southeast-1,57.64,0.237,1000.0,1.6
2025-03-13 14:00:00,ap-southeast-1,52.85,0.369,1000.0,5.75
2025-03-13 15:00:00,ap-southeast-1,64.74,0.162,1000.0,1.02
2025-03-13 16:00:00,ap-southeast-1,58.56,0.096,953.5,0.87
2025-03-13 17:00:00,ap-southeast-1,46.06,0.06,1000.0,5.15
2025-03-13 18:00:00,ap-southeast-1,67.12,0.142,935.5,3.99
2025-03-13 19:00:00,ap-southeast-1,49.34,0.406,910.2,1.81
2025-03-13 20:00:00,ap-southeast-1,43.56,0.424,756.6,0.35
2025-03-13 21:00:00,ap-southeast-1,31.36,0.33,995.4,0.61
2025-03-13 22:00:00,ap-southeast-1,138.58,0.08,838.0,2.67
2025-03-13 23:00:00,ap-southeast-1,56.48,0.266,855.6,1.22
2025-03-14 00:00:00,ap-southeast-1,56.74,0.254,1000.0,4.53
2025-03-14 01:00:00,ap-southeast-1,45.58,0.199,762.0,7.49
2025-03-14 02:00:00,ap-southeast-1,33.05,0.24,932.2,4.1
2025-03-14 03:00:00,ap-southeast-1,37.66,0.203,774.0,1.19
2025-03-14 04:00:00,ap-southeast-1,34.04,0.816,993.6,3.89
2025-03-14 05:00:00,ap-southeast-1,33.79,0.377,1000.0,1.08
2025-03-14 06:00:00,ap-southeast-1,58.68,0.125,818.5,0.46
2025-03-14 07:00:00,ap-southeast-1,58.9,0.415,586.7,0.1
2025-03-14 08:00:00,ap-southeast-1,43.05,0.048,997.7,1.22
2025-03-14 09:00:00,ap-southeast-1,51.68,0.023,1000.0,5.85
2025-03-14 10:00:00,ap-southeast-1,41.78,1.232,1000.0,0.68
2025-03-14 11:00:00,ap-southeast-1,51.63,1.038,1000.0,0.58
2025-03-14 12:00:00,ap-southeast-1,64.48,0.021,1000.0,8.75
2025-03-14 13:00:00,ap-southeast-1,60.12,0.193,1000.0,0.1
2025-03-14 14:00:00,ap-southeast-1,58.03,0.068,1000.0,3.85
2025-03-14 15:00:00,ap-southeast-1,50.24,0.219,1000.0,0.97
2025-03-14 16:00:00,ap-southeast-1,61.55,0.585,1000.0,0.1
2025-03-14 17:00:00,ap-southeast-1,56.77,0.993,1000.0,6.25
2025-03-14 18:00:00,ap-southeast-1,54.89,0.332,1000.0,0.38
2025-03-14 19:00:00,ap-southeast-1,44.22,0.131,965.4,2.01
2025-03-14 20:00:00,ap-southeast-1,47.15,0.277,987.9,0.8
2025-03-14 21:00:00,ap-southeast-1,46.95,0.57,775.2,0.17
2025-03-14 22:00:00,ap-southeast-1,41.35,0.722,974.0,0.13
2025-03-14 23:00:00,ap-southeast-1,39.77,0.613,787.4,0.31
2025-03-15 00:00:00,ap-southeast-1,38.27,0.245,831.1,0.19
2025-03-15 01:00:00,ap-southeast-1,38.7,0.118,828.7,3.57
2025-03-15 02:00:00,ap-southeast-1,43.73,0.104,730.2,1.66
2025-03-15 03:00:00,ap-southeast-1,42.62,0.01,641.7,1.05
2025-03-15 04:00:00,ap-southeast-1,40.81,0.508,996.8,1.35
2025-03-15 05:00:00,ap-southeast-1,40.31,0.18,765.7,6.61
2025-03-15 06:00:00,ap-southeast-1,46.97,0.118,817.6,6.04
2025-03-15 07:00:00,ap-southeast-1,54.3,0.191,762.3,3.14
2025-03-15 08:00:00,ap-southeast-1,51.67,0.564,1000.0,5.4
2025-03-15 09:00:00,ap-southeast-1,51.16,0.044,1000.0,0.96
2025-03-15 10:00:00,ap-southeast-1,44.49,0.643,1000.0,1.2
2025-03-15 11:00:00,ap-southeast-1,50.02,0.752,1000.0,2.38
2025-03-15 12:00:00,ap-southeast-1,60.99,0.968,1000.0,2.44
2025-03-15 13:00:00,ap-southeast-1,59.8,0.167,1000.0,1.64
2025-03-15 14:00:00,ap-southeast-1,59.26,0.081,1000.0,1.28
2025-03-15 15:00:00,ap-southeast-1,59.01,0.154,1000.0,10.7
2025-03-15 16:00:00,ap-southeast-1,55.14,0.134,1000.0,4.3
2025-03-15 17:00:00,ap-southeast-1,275.32,0.064,1000.0,1.43
2025-03-15 18:00:00,ap-southeast-1,53.65,0.308,1000.0,3.25
2025-03-15 19:00:00,ap-southeast-1,42.19,0.194,872.4,0.79
2025-03-15 20:00:00,ap-southeast-1,45.56,0.602,735.5,0.26
2025-03-15 21:00:00,ap-southeast-1,46.46,0.01,926.9,1.09
2025-03-15 22:00:00,ap-southeast-1,49.27,0.31,821.6,1.29
2025-03-15 23:00:00,ap-southeast-1,45.68,0.432,515.3,0.1
2025-03-16 00:00:00,ap-southeast-1,59.21,0.427,896.8,4.22
2025-03-16 01:00:00,ap-southeast-1,174.73,0.652,761.9,1.11
2025-03-16 02:00:00,ap-southeast-1,50.09,0.392,795.0,2.17
2025-03-16 03:00:00,ap-southeast-1,44.72,0.789,850.7,0.19
2025-03-16 04:00:00,ap-southeast-1,45.01,0.121,663.6,0.48
2025-03-16 05:00:00,ap-southeast-1,39.52,0.21,866.7,5.51
2025-03-16 06:00:00,ap-southeast-1,51.88,0.004,812.0,2.35
2025-03-16 07:00:00,ap-southeast-1,49.41,0.002,744.7,7.5
2025-03-16 08:00:00,ap-southeast-1,58.22,0.091,1000.0,16.71
2025-03-16 09:00:00,ap-southeast-1,53.06,0.035,841.3,1.16
2025-03-16 10:00:00,ap-southeast-1,49.23,0.099,1000.0,0.89
2025-03-16 11:00:00,ap-southeast-1,51.23,0.064,1000.0,4.89
2025-03-16 12:00:00,ap-southeast-1,55.11,0.01,1000.0,16.45
2025-03-16 13:00:00,ap-southeast-1,36.18,0.792,1000.0,2.48
2025-03-16 14:00:00,ap-southeast-1,58.53,0.003,1000.0,3.96
2025-03-16 15:00:00,ap-southeast-1,70.58,0.44,1000.0,3.81
2025-03-16 16:00:00,ap-southeast-1,55.48,0.054,1000.0,1.1
2025-03-16 17:00:00,ap-southeast-1,49.57,0.803,1000.0,2.13
2025-03-16 18:00:00,ap-southeast-1,50.5,0.737,995.9,4.48
2025-03-16 19:00:00,ap-southeast-1,49.78,0.318,802.9,2.91
2025-03-16 20:00:00,ap-southeast-1,43.26,0.335,882.0,0.1
2025-03-16 21:00:00,ap-southeast-1,50.86,0.002,980.2,1.03
2025-03-16 22:00:00,ap-southeast-1,43.82,1.257,850.2,0.39
2025-03-16 23:00:00,ap-southeast-1,56.57,0.631,769.2,0.66
2025-03-17 00:00:00,ap-southeast-1,56.38,0.676,1000.0,5.9
2025-03-17 01:00:00,ap-southeast-1,42.77,0.323,677.8,0.1
2025-03-17 02:00:00,ap-southeast-1,44.45,0.127,769.9,0.62
2025-03-17 03:00:00,ap-southeast-1,44.85,0.672,957.1,0.93
2025-03-17 04:00:00,ap-southeast-1,44.94,0.103,1000.0,2.4
2025-03-17 05:00:00,ap-southeast-1,38.6,0.248,907.7,1.91
2025-03-17 06:00:00,ap-southeast-1,37.66,0.032,880.0,0.62
2025-03-17 07:00:00,ap-southeast-1,53.44,0.765,815.1,0.45
2025-03-17 08:00:00,ap-southeast-1,60.21,0.05,1000.0,0.68
2025-03-17 09:00:00,ap-southeast-1,60.08,0.084,1000.0,1.75
2025-03-17 10:00:00,ap-southeast-1,51.21,0.27,987.3,0.79
2025-03-17 11:00:00,ap-southeast-1,66.44,0.477,1000.0,7.37
2025-03-17 12:00:00,ap-southeast-1,51.58,0.319,969.7,1.56
2025-03-17 13:00:00,ap-southeast-1,58.45,0.087,1000.0,0.15
2025-03-17 14:00:00,ap-southeast-1,40.97,0.0,1000.0,3.27
2025-03-17 15:00:00,ap-southeast-1,49.97,0.467,1000.0,1.0
2025-03-17 16:00:00,ap-southeast-1,50.54,1.39,1000.0,2.65
2025-03-17 17:00:00,ap-southeast-1,51.24,0.548,1000.0,0.82
2025-03-17 18:00:00,ap-southeast-1,41.46,0.203,1000.0,2.11
2025-03-17 19:00:00,ap-southeast-1,49.75,0.702,1000.0,3.7
2025-03-17 20:00:00,ap-southeast-1,51.94,0.158,907.0,6.58
2025-03-17 21:00:00,ap-southeast-1,39.98,0.223,819.6,0.76
2025-03-17 22:00:00,ap-southeast-1,37.26,0.195,793.2,1.02
2025-03-17 23:00:00,ap-southeast-1,39.81,0.178,628.8,1.56
2025-03-18 00:00:00,ap-southeast-1,48.34,0.448,738.7,6.55
2025-03-18 01:00:00,ap-southeast-1,40.97,0.224,862.2,5.79
2025-03-18 02:00:00,ap-southeast-1,44.1,0.114,828.3,0.24
2025-03-18 03:00:00,ap-southeast-1,37.75,0.09,924.8,0.35
2025-03-18 04:00:00,ap-southeast-1,58.36,0.012,826.6,1.71
2025-03-18 05:00:00,ap-southeast-1,45.49,0.263,762.9,0.28
2025-03-18 06:00:00,ap-southeast-1,52.76,0.078,891.0,1.06
2025-03-18 07:00:00,ap-southeast-1,48.33,0.048,1000.0,0.4
2025-03-18 08:00:00,ap-southeast-1,51.42,0.35,1000.0,2.53
2025-03-18 09:00:00,ap-southeast-1,51.02,0.377,1000.0,7.46
2025-03-18 10:00:00,ap-southeast-1,46.12,0.46,1000.0,14.31
2025-03-18 11:00:00,ap-southeast-1,48.25,0.231,1000.0,1.18
2025-03-18 12:00:00,ap-southeast-1,43.93,0.741,1000.0,2.28
2025-03-18 13:00:00,ap-southeast-1,43.08,0.909,858.7,4.85
2025-03-18 14:00:00,ap-southeast-1,279.12,0.544,1000.0,0.31
2025-03-18 15:00:00,ap-southeast-1,53.92,0.333,1000.0,2.92
2025-03-18 16:00:00,ap-southeast-1,63.13,0.411,1000.0,1.31
2025-03-18 17:00:00,ap-southeast-1,45.59,1.344,797.4,0.58
2025-03-18 18:00:00,ap-southeast-1,42.03,0.106,1000.0,1.29
2025-03-18 19:00:00,ap-southeast-1,38.4,0.068,899.7,0.2
2025-03-18 20:00:00,ap-southeast-1,42.15,0.175,984.7,2.97
2025-03-18 21:00:00,ap-southeast-1,45.25,0.018,1000.0,0.73
2025-03-18 22:00:00,ap-southeast-1,43.98,1.152,761.1,0.93
2025-03-18 23:00:00,ap-southeast-1,39.78,0.266,550.7,0.32
2025-03-19 00:00:00,ap-southeast-1,45.59,0.244,987.6,5.0
2025-03-19 01:00:00,ap-southeast-1,46.18,0.32,815.6,1.7
2025-03-19 02:00:00,ap-southeast-1,49.74,0.206,714.0,2.12
2025-03-19 03:00:00,ap-southeast-1,54.93,0.01,919.2,2.11
2025-03-19 04:00:00,ap-southeast-1,42.54,0.284,1000.0,1.32
2025-03-19 05:00:00,ap-southeast-1,53.2,0.378,836.9,0.53
2025-03-19 06:00:00,ap-southeast-1,45.45,0.162,964.1,3.42
2025-03-19 07:00:00,ap-southeast-1,34.69,0.425,731.5,0.34
2025-03-19 08:00:00,ap-southeast-1,65.59,0.085,841.9,0.27
2025-03-19 09:00:00,ap-southeast-1,69.39,0.083,1000.0,3.1
2025-03-19 10:00:00,ap-southeast-1,56.56,0.058,1000.0,0.59
2025-03-19 11:00:00,ap-southeast-1,52.45,0.154,1000.0,0.92
2025-03-19 12:00:00,ap-southeast-1,49.64,0.62,1000.0,1.61
2025-03-19 13:00:00,ap-southeast-1,48.15,0.581,829.7,1.49
2025-03-19 14:00:00,ap-southeast-1,61.15,0.159,913.1,3.08
2025-03-19 15:00:00,ap-southeast-1,51.62,0.294,1000.0,2.44
2025-03-19 16:00:00,ap-southeast-1,64.74,0.421,1000.0,2.58
2025-03-19 17:00:00,ap-southeast-1,52.02,0.091,1000.0,3.13
2025-03-19 18:00:00,ap-southeast-1,48.55,0.061,1000.0,0.87
2025-03-19 19:00:00,ap-southeast-1,40.94,1.074,826.8,0.97
2025-03-19 20:00:00,ap-southeast-1,39.98,0.288,697.6,1.44
2025-03-19 21:00:00,ap-southeast-1,48.47,1.196,980.4,0.92
2025-03-19 22:00:00,ap-southeast-1,36.26,0.124,713.6,10.49
2025-03-19 23:00:00,ap-southeast-1,39.48,0.364,697.0,4.21
2025-03-20 00:00:00,ap-southeast-1,53.94,0.076,802.0,0.45
2025-03-20 01:00:00,ap-southeast-1,38.56,0.091,869.6,0.1
2025-03-20 02:00:00,ap-southeast-1,50.82,0.215,763.6,0.11
2025-03-20 03:00:00,ap-southeast-1,31.07,0.116,934.8,0.7
2025-03-20 04:00:00,ap-southeast-1,54.79,0.055,816.0,0.3
2025-03-20 05:00:00,ap-southeast-1,36.43,0.092,976.3,1.91
2025-03-20 06:00:00,ap-southeast-1,39.08,0.011,910.6,4.88
2025-03-20 07:00:00,ap-southeast-1,49.59,0.366,1000.0,3.34
2025-03-20 08:00:00,ap-southeast-1,53.85,0.224,1000.0,0.61
2025-03-20 09:00:00,ap-southeast-1,58.7,0.033,1000.0,1.27
2025-03-20 10:00:00,ap-southeast-1,41.83,0.062,826.3,1.77
2025-03-20 11:00:00,ap-southeast-1,49.52,0.036,1000.0,4.15
2025-03-20 12:00:00,ap-southeast-1,46.96,0.313,1000.0,4.57
2025-03-20 13:00:00,ap-southeast-1,43.13,0.033,1000.0,6.01
2025-03-20 14:00:00,ap-southeast-1,56.38,0.463,1000.0,1.78
2025-03-20 15:00:00,ap-southeast-1,59.07,0.007,1000.0,2.96
2025-03-20 16:00:00,ap-southeast-1,49.14,0.095,1000.0,0.3
2025-03-20 17:00:00,ap-southeast-1,63.57,0.73,1000.0,2.08
2025-03-20 18:00:00,ap-southeast-1,204.69,0.418,1000.0,0.71
2025-03-20 19:00:00,ap-southeast-1,55.11,0.023,701.3,1.41
2025-03-20 20:00:00,ap-southeast-1,244.0,0.516,993.5,2.51
2025-03-20 21:00:00,ap-southeast-1,36.74,0.204,950.6,0.74
2025-03-20 22:00:00,ap-southeast-1,58.38,0.563,934.8,0.13
2025-03-20 23:00:00,ap-southeast-1,42.0,0.275,840.0,0.1
2025-03-21 00:00:00,ap-southeast-1,53.13,0.344,814.0,0.1
2025-03-21 01:00:00,ap-southeast-1,45.98,1.511,1000.0,0.1
2025-03-21 02:00:00,ap-southeast-1,47.53,0.079,1000.0,0.29
2025-03-21 03:00:00,ap-southeast-1,51.08,0.293,926.8,0.68
2025-03-21 04:00:00,ap-southeast-1,50.71,0.185,966.4,0.63
2025-03-21 05:00:00,ap-southeast-1,42.69,0.012,878.3,10.82
2025-03-21 06:00:00,ap-southeast-1,48.59,0.004,685.6,0.91
2025-03-21 07:00:00,ap-southeast-1,48.08,0.038,732.4,0.34
2025-03-21 08:00:00,ap-southeast-1,53.41,0.346,1000.0,1.97
2025-03-21 09:00:00,ap-southeast-1,50.17,0.276,1000.0,4.88
2025-03-21 10:00:00,ap-southeast-1,53.39,0.266,1000.0,2.83
2025-03-21 11:00:00,ap-southeast-1,67.02,0.011,1000.0,0.88
2025-03-21 12:00:00,ap-southeast-1,49.46,0.209,1000.0,2.06
2025-03-21 13:00:00,ap-southeast-1,61.12,0.853,1000.0,3.14
2025-03-21 14:00:00,ap-southeast-1,46.94,0.167,1000.0,3.26
2025-03-21 15:00:00,ap-southeast-1,44.91,0.324,1000.0,2.75
2025-03-21 16:00:00,ap-southeast-1,77.18,0.499,940.1,5.12
2025-03-21 17:00:00,ap-southeast-1,55.94,0.506,1000.0,5.1
2025-03-21 18:00:00,ap-southeast-1,56.16,0.242,1000.0,2.16
2025-03-21 19:00:00,ap-southeast-1,49.02,0.585,1000.0,1.4
2025-03-21 20:00:00,ap-southeast-1,54.5,0.149,881.7,2.57
2025-03-21 21:00:00,ap-southeast-1,47.75,0.659,724.3,4.26
2025-03-21 22:00:00,ap-southeast-1,50.51,0.082,810.6,0.1
2025-03-21 23:00:00,ap-southeast-1,37.85,0.099,833.7,12.07
2025-03-22 00:00:00,ap-southeast-1,51.64,0.016,867.8,0.5
2025-03-22 01:00:00,ap-southeast-1,43.4,0.476,906.5,1.59
2025-03-22 02:00:00,ap-southeast-1,49.53,0.162,893.6,5.14
2025-03-22 03:00:00,ap-southeast-1,33.42,0.078,943.2,0.64
2025-03-22 04:00:00,ap-southeast-1,49.25,0.079,873.7,1.62
2025-03-22 05:00:00,ap-southeast-1,29.87,0.695,583.0,0.36
2025-03-22 06:00:00,ap-southeast-1,43.14,0.539,877.3,1.26
2025-03-22 07:00:00,ap-southeast-1,116.71,0.242,860.4,0.49
2025-03-22 08:00:00,ap-southeast-1,56.66,0.316,1000.0,1.13
2025-03-22 09:00:00,ap-southeast-1,52.29,0.212,1000.0,1.17
2025-03-22 10:00:00,ap-southeast-1,45.77,0.164,1000.0,12.47
2025-03-22 11:00:00,ap-southeast-1,62.88,0.815,1000.0,13.15
2025-03-22 12:00:00,ap-southeast-1,44.79,0.044,1000.0,0.3
2025-03-22 13:00:00,ap-southeast-1,28.22,0.179,1000.0,3.24
2025-03-22 14:00:00,ap-southeast-1,55.74,0.139,1000.0,0.13
2025-03-22 15:00:00,ap-southeast-1,38.04,0.228,1000.0,0.1
2025-03-22 16:00:00,ap-southeast-1,45.04,0.202,649.1,0.28
2025-03-22 17:00:00,ap-southeast-1,47.73,0.241,926.6,8.42
2025-03-22 18:00:00,ap-southeast-1,40.7,0.05,927.0,7.07
2025-03-22 19:00:00,ap-southeast-1,41.67,0.216,876.0,0.54
2025-03-22 20:00:00,ap-southeast-1,35.51,0.37,1000.0,0.44
2025-03-22 21:00:00,ap-southeast-1,46.1,0.061,835.8,0.69
2025-03-22 22:00:00,ap-southeast-1,36.71,0.02,951.8,1.81
2025-03-22 23:00:00,ap-southeast-1,45.2,0.431,927.8,2.11
2025-03-23 00:00:00,ap-southeast-1,52.84,0.167,866.8,0.63
2025-03-23 01:00:00,ap-southeast-1,50.28,0.296,918.9,3.53
2025-03-23 02:00:00,ap-southeast-1,44.45,0.39,879.5,0.93
2025-03-23 03:00:00,ap-southeast-1,205.25,0.341,832.9,6.38
2025-03-23 04:00:00,ap-southeast-1,46.07,0.191,896.9,2.67
2025-03-23 05:00:00,ap-southeast-1,40.3,0.147,1000.0,1.43
2025-03-23 06:00:00,ap-southeast-1,46.36,0.141,906.7,3.9
2025-03-23 07:00:00,ap-southeast-1,33.42,0.307,876.2,4.26
2025-03-23 08:00:00,ap-southeast-1,58.02,0.225,968.1,0.86
2025-03-23 09:00:00,ap-southeast-1,52.01,0.624,1000.0,1.04
2025-03-23 10:00:00,ap-southeast-1,68.89,0.685,885.5,6.87
2025-03-23 11:00:00,ap-southeast-1,61.89,0.062,838.9,0.45
2025-03-23 12:00:00,ap-southeast-1,56.15,0.048,1000.0,0.11
2025-03-23 13:00:00,ap-southeast-1,50.79,0.328,967.6,1.51
2025-03-23 14:00:00,ap-southeast-1,46.09,0.118,1000.0,4.04
2025-03-23 15:00:00,ap-southeast-1,59.07,0.006,842.3,3.69
2025-03-23 16:00:00,ap-southeast-1,49.97,4.199,1000.0,6.3
2025-03-23 17:00:00,ap-southeast-1,60.82,0.085,1000.0,1.9
2025-03-23 18:00:00,ap-southeast-1,54.86,0.874,1000.0,0.26
2025-03-23 19:00:00,ap-southeast-1,47.75,0.379,598.1,2.22
2025-03-23 20:00:00,ap-southeast-1,49.01,0.431,643.2,3.77
2025-03-23 21:00:00,ap-southeast-1,38.79,0.067,878.8,0.24
2025-03-23 22:00:00,ap-southeast-1,38.1,0.08,822.1,0.47
2025-03-23 23:00:00,ap-southeast-1,37.87,0.221,937.3,0.1
2025-03-24 00:00:00,ap-southeast-1,52.07,0.057,841.8,2.25
2025-03-24 01:00:00,ap-southeast-1,38.62,0.109,831.4,5.45
2025-03-24 02:00:00,ap-southeast-1,39.46,0.116,558.8,2.78
2025-03-24 03:00:00,ap-southeast-1,48.63,0.052,948.7,10.05
2025-03-24 04:00:00,ap-southeast-1,43.3,0.069,772.1,0.16
2025-03-24 05:00:00,ap-southeast-1,42.44,0.466,802.2,5.83
2025-03-24 06:00:00,ap-southeast-1,41.85,0.055,721.6,4.21
2025-03-24 07:00:00,ap-southeast-1,29.3,0.009,665.2,0.94
2025-03-24 08:00:00,ap-southeast-1,44.24,0.328,1000.0,9.08
2025-03-24 09:00:00,ap-southeast-1,60.92,1.231,1000.0,0.85
2025-03-24 10:00:00,ap-southeast-1,47.56,0.133,1000.0,5.5
2025-03-24 11:00:00,ap-southeast-1,37.0,0.042,1000.0,5.32
2025-03-24 12:00:00,ap-southeast-1,43.93,0.279,833.9,3.54
2025-03-24 13:00:00,ap-southeast-1,54.54,0.782,1000.0,2.07
2025-03-24 14:00:00,ap-southeast-1,54.39,0.506,1000.0,0.32
2025-03-24 15:00:00,ap-southeast-1,49.47,0.321,1000.0,1.9
2025-03-24 16:00:00,ap-southeast-1,46.4,0.125,1000.0,1.1
2025-03-24 17:00:00,ap-southeast-1,40.87,0.258,786.0,3.93
2025-03-24 18:00:00,ap-southeast-1,54.61,0.032,1000.0,3.55
2025-03-24 19:00:00,ap-southeast-1,50.66,0.341,723.1,6.04
2025-03-24 20:00:00,ap-southeast-1,53.7,0.387,915.6,0.1
2025-03-24 21:00:00,ap-southeast-1,37.5,1.006,942.5,4.14
2025-03-24 22:00:00,ap-southeast-1,54.22,0.09,890.1,6.97
2025-03-24 23:00:00,ap-southeast-1,44.62,0.006,906.4,3.89
2025-03-25 00:00:00,ap-southeast-1,45.18,0.237,1000.0,0.35
2025-03-25 01:00:00,ap-southeast-1,51.03,0.368,754.9,0.21
2025-03-25 02:00:00,ap-southeast-1,41.35,0.469,869.7,0.1
2025-03-25 03:00:00,ap-southeast-1,30.39,0.065,823.0,2.48
2025-03-25 04:00:00,ap-southeast-1,49.76,0.091,629.3,2.48
2025-03-25 05:00:00,ap-southeast-1,47.35,0.216,884.4,10.84
2025-03-25 06:00:00,ap-southeast-1,42.57,0.12,1000.0,1.27
2025-03-25 07:00:00,ap-southeast-1,49.2,0.591,1000.0,1.01
2025-03-25 08:00:00,ap-southeast-1,58.17,0.212,1000.0,2.45
2025-03-25 09:00:00,ap-southeast-1,40.01,0.53,828.3,4.37
2025-03-25 10:00:00,ap-southeast-1,51.92,0.287,1000.0,6.9
2025-03-25 11:00:00,ap-southeast-1,34.07,0.489,1000.0,4.06
2025-03-25 12:00:00,ap-southeast-1,50.79,0.133,1000.0,1.39
2025-03-25 13:00:00,ap-southeast-1,48.86,0.588,1000.0,2.52
2025-03-25 14:00:00,ap-southeast-1,55.57,0.106,1000.0,4.85
2025-03-25 15:00:00,ap-southeast-1,43.42,0.261,915.4,1.69
2025-03-25 16:00:00,ap-southeast-1,48.48,0.079,1000.0,0.61
2025-03-25 17:00:00,ap-southeast-1,26.79,0.213,1000.0,0.46
2025-03-25 18:00:00,ap-southeast-1,56.08,0.126,930.7,0.1
2025-03-25 19:00:00,ap-southeast-1,44.4,0.093,590.3,3.17
2025-03-25 20:00:00,ap-southeast-1,45.59,1.023,899.8,0.29
2025-03-25 21:00:00,ap-southeast-1,34.92,0.052,913.5,0.7
2025-03-25 22:00:00,ap-southeast-1,47.69,0.464,731.6,0.88
2025-03-25 23:00:00,ap-southeast-1,56.16,1.244,707.5,2.05
2025-03-26 00:00:00,ap-southeast-1,43.75,0.006,928.7,1.27
2025-03-26 01:00:00,ap-southeast-1,49.39,0.36,1000.0,2.81
2025-03-26 02:00:00,ap-southeast-1,39.12,0.087,790.6,0.14
2025-03-26 03:00:00,ap-southeast-1,44.48,0.012,744.4,0.33
2025-03-26 04:00:00,ap-southeast-1,34.66,0.155,885.9,1.73
2025-03-26 05:00:00,ap-southeast-1,50.32,0.821,926.2,1.03
2025-03-26 06:00:00,ap-southeast-1,46.08,0.004,806.3,0.88
2025-03-26 07:00:00,ap-southeast-1,36.77,0.266,1000.0,0.17
2025-03-26 08:00:00,ap-southeast-1,45.53,0.23,1000.0,5.65
2025-03-26 09:00:00,ap-southeast-1,205.38,0.682,1000.0,2.94
2025-03-26 10:00:00,ap-southeast-1,58.92,0.029,856.6,0.32
2025-03-26 11:00:00,ap-southeast-1,63.23,0.378,1000.0,0.17
2025-03-26 12:00:00,ap-southeast-1,50.71,0.376,1000.0,9.21
2025-03-26 13:00:00,ap-southeast-1,41.16,0.365,1000.0,2.86
2025-03-26 14:00:00,ap-southeast-1,53.6,0.942,1000.0,1.35
2025-03-26 15:00:00,ap-southeast-1,65.61,0.572,1000.0,3.02
2025-03-26 16:00:00,ap-southeast-1,39.15,0.014,1000.0,3.53
2025-03-26 17:00:00,ap-southeast-1,44.34,0.21,945.1,3.78
2025-03-26 18:00:00,ap-southeast-1,56.49,0.167,922.9,1.62
2025-03-26 19:00:00,ap-southeast-1,46.04,0.111,947.3,1.4
2025-03-26 20:00:00,ap-southeast-1,41.32,0.18,962.5,0.1
2025-03-26 21:00:00,ap-southeast-1,46.49,0.145,791.1,6.53
2025-03-26 22:00:00,ap-southeast-1,51.6,0.17,760.1,2.31
2025-03-26 23:00:00,ap-southeast-1,44.34,1.163,987.7,0.57
2025-03-27 00:00:00,ap-southeast-1,43.74,0.028,764.2,6.3
2025-03-27 01:00:00,ap-southeast-1,48.98,0.766,856.6,6.16
2025-03-27 02:00:00,ap-southeast-1,43.17,0.196,841.4,11.32
2025-03-27 03:00:00,ap-southeast-1,52.71,0.293,674.0,5.18
2025-03-27 04:00:00,ap-southeast-1,58.68,0.532,873.1,15.28
2025-03-27 05:00:00,ap-southeast-1,38.97,0.134,861.3,0.7
2025-03-27 06:00:00,ap-southeast-1,36.56,0.169,893.2,4.62
2025-03-27 07:00:00,ap-southeast-1,47.51,0.158,869.0,4.33
2025-03-27 08:00:00,ap-southeast-1,41.77,0.155,1000.0,0.66
2025-03-27 09:00:00,ap-southeast-1,41.64,0.857,1000.0,0.26
2025-03-27 10:00:00,ap-southeast-1,35.84,0.583,1000.0,9.71
2025-03-27 11:00:00,ap-southeast-1,48.78,0.038,1000.0,0.88
2025-03-27 12:00:00,ap-southeast-1,51.49,0.117,1000.0,5.12
2025-03-27 13:00:00,ap-southeast-1,47.73,0.184,1000.0,0.1
2025-03-27 14:00:00,ap-southeast-1,62.54,0.173,913.3,0.1
2025-03-27 15:00:00,ap-southeast-1,61.96,0.319,1000.0,1.57
2025-03-27 16:00:00,ap-southeast-1,66.72,0.051,1000.0,0.68
2025-03-27 17:00:00,ap-southeast-1,52.11,0.244,1000.0,2.93
2025-03-27 18:00:00,ap-southeast-1,60.94,0.002,1000.0,2.08
2025-03-27 19:00:00,ap-southeast-1,47.08,0.114,793.1,0.2
2025-03-27 20:00:00,ap-southeast-1,46.41,0.339,737.0,0.44
2025-03-27 21:00:00,ap-southeast-1,41.85,0.933,887.0,1.23
2025-03-27 22:00:00,ap-southeast-1,29.72,1.149,937.9,0.51
2025-03-27 23:00:00,ap-southeast-1,49.3,0.622,788.4,3.93
2025-03-28 00:00:00,ap-southeast-1,52.79,0.133,833.0,1.34
2025-03-28 01:00:00,ap-southeast-1,34.7,0.014,603.6,0.25
2025-03-28 02:00:00,ap-southeast-1,44.93,0.561,1000.0,1.66
2025-03-28 03:00:00,ap-southeast-1,51.69,0.727,662.2,0.24
2025-03-28 04:00:00,ap-southeast-1,42.57,0.515,895.0,0.35
2025-03-28 05:00:00,ap-southeast-1,53.05,0.041,878.6,0.68
2025-03-28 06:00:00,ap-southeast-1,44.05,1.852,855.5,4.91
2025-03-28 07:00:00,ap-southeast-1,41.46,0.09,858.3,6.46
2025-03-28 08:00:00,ap-southeast-1,61.46,0.425,947.2,4.38
2025-03-28 09:00:00,ap-southeast-1,44.5,0.787,1000.0,1.02
2025-03-28 10:00:00,ap-southeast-1,46.12,0.089,1000.0,0.8
2025-03-28 11:00:00,ap-southeast-1,44.8,0.788,1000.0,1.99
2025-03-28 12:00:00,ap-southeast-1,42.88,0.122,1000.0,3.2
2025-03-28 13:00:00,ap-southeast-1,52.94,1.237,861.6,12.54
2025-03-28 14:00:00,ap-southeast-1,47.77,0.109,983.5,0.35
2025-03-28 15:00:00,ap-southeast-1,55.54,1.012,1000.0,0.13
2025-03-28 16:00:00,ap-southeast-1,218.29,0.018,992.8,2.96
2025-03-28 17:00:00,ap-southeast-1,43.04,0.408,1000.0,4.46
2025-03-28 18:00:00,ap-southeast-1,52.15,0.251,1000.0,4.68
2025-03-28 19:00:00,ap-southeast-1,54.92,0.195,786.8,2.84
2025-03-28 20:00:00,ap-southeast-1,47.55,0.076,830.1,7.7
2025-03-28 21:00:00,ap-southeast-1,41.02,0.367,945.3,1.79
2025-03-28 22:00:00,ap-southeast-1,34.95,0.064,1000.0,6.13
2025-03-28 23:00:00,ap-southeast-1,40.63,0.241,772.5,8.59
2025-03-29 00:00:00,ap-southeast-1,44.71,0.088,1000.0,4.7
2025-03-29 01:00:00,ap-southeast-1,29.09,0.934,816.2,0.93
2025-03-29 02:00:00,ap-southeast-1,36.81,0.009,743.7,0.55
2025-03-29 03:00:00,ap-southeast-1,40.02,0.067,879.9,1.99
2025-03-29 04:00:00,ap-southeast-1,43.26,0.083,711.1,1.51
2025-03-29 05:00:00,ap-southeast-1,44.63,0.16,906.6,5.25
2025-03-29 06:00:00,ap-southeast-1,40.88,0.079,1000.0,0.26
2025-03-29 07:00:00,ap-southeast-1,48.41,0.203,982.7,0.75
2025-03-29 08:00:00,ap-southeast-1,52.72,0.68,1000.0,3.48
2025-03-29 09:00:00,ap-southeast-1,261.63,0.411,1000.0,0.25
2025-03-29 10:00:00,ap-southeast-1,56.75,0.286,959.7,0.97
2025-03-29 11:00:00,ap-southeast-1,56.11,0.031,985.9,1.22
2025-03-29 12:00:00,ap-southeast-1,40.46,0.391,1000.0,2.44
2025-03-29 13:00:00,ap-southeast-1,51.5,0.06,1000.0,0.43
2025-03-29 14:00:00,ap-southeast-1,58.66,0.509,903.2,4.93
2025-03-29 15:00:00,ap-southeast-1,59.96,0.095,1000.0,1.48
2025-03-29 16:00:00,ap-southeast-1,54.63,0.178,1000.0,6.22
2025-03-29 17:00:00,ap-southeast-1,49.94,0.142,1000.0,1.58
2025-03-29 18:00:00,ap-southeast-1,55.02,0.646,903.2,0.8
2025-03-29 19:00:00,ap-southeast-1,50.45,0.041,683.7,0.38
2025-03-29 20:00:00,ap-southeast-1,45.78,0.25,871.1,0.1
2025-03-29 21:00:00,ap-southeast-1,46.54,0.046,988.1,1.9
2025-03-29 22:00:00,ap-southeast-1,43.31,0.366,916.2,0.28
2025-03-29 23:00:00,ap-southeast-1,35.98,0.706,886.3,1.24
2025-03-30 00:00:00,ap-southeast-1,43.82,0.171,815.4,2.22
2025-03-30 01:00:00,ap-southeast-1,40.43,0.201,931.1,0.81
2025-03-30 02:00:00,ap-southeast-1,40.45,0.787,949.2,0.48
2025-03-30 03:00:00,ap-southeast-1,54.68,0.221,819.1,3.73
2025-03-30 04:00:00,ap-southeast-1,51.42,0.201,736.2,7.33
2025-03-30 05:00:00,ap-southeast-1,33.57,0.259,736.9,0.26
2025-03-30 06:00:00,ap-southeast-1,37.68,0.351,955.4,0.42
2025-03-30 07:00:00,ap-southeast-1,42.55,0.106,664.7,8.05
2025-03-30 08:00:00,ap-southeast-1,46.78,0.568,1000.0,0.1
2025-03-30 09:00:00,ap-southeast-1,54.21,0.189,1000.0,9.5
2025-03-30 10:00:00,ap-southeast-1,42.1,0.025,1000.0,0.1
2025-03-30 11:00:00,ap-southeast-1,245.49,0.509,1000.0,5.17
2025-03-30 12:00:00,ap-southeast-1,51.41,0.156,998.3,0.92
2025-03-30 13:00:00,ap-southeast-1,49.11,0.035,1000.0,6.98
2025-03-30 14:00:00,ap-southeast-1,51.64,0.331,1000.0,0.95
2025-03-30 15:00:00,ap-southeast-1,48.51,0.7,971.8,2.66
2025-03-30 16:00:00,ap-southeast-1,35.99,0.722,938.4,0.21
2025-03-30 17:00:00,ap-southeast-1,51.84,1.043,952.5,0.69
2025-03-30 18:00:00,ap-southeast-1,49.26,0.667,1000.0,3.71
2025-03-30 19:00:00,ap-southeast-1,38.56,0.001,897.8,1.88
2025-03-30 20:00:00,ap-southeast-1,52.41,0.144,754.8,6.58
2025-03-30 21:00:00,ap-southeast-1,49.52,0.512,954.7,1.4
2025-03-30 22:00:00,ap-southeast-1,61.46,0.137,761.5,5.1
2025-03-30 23:00:00,ap-southeast-1,50.64,0.276,616.0,1.49
2025-03-01 00:00:00,us-west-2,14.52,0.239,813.3,1.48
2025-03-01 01:00:00,us-west-2,22.08,0.681,732.5,5.17
2025-03-01 02:00:00,us-west-2,22.59,0.107,1000.0,1.82
2025-03-01 03:00:00,us-west-2,21.47,0.06,1000.0,0.39
2025-03-01 04:00:00,us-west-2,24.33,0.177,796.3,2.43
2025-03-01 05:00:00,us-west-2,104.13,0.084,624.3,1.55
2025-03-01 06:00:00,us-west-2,20.78,0.225,763.8,6.86
2025-03-01 07:00:00,us-west-2,25.43,0.097,1000.0,1.24
2025-03-01 08:00:00,us-west-2,23.73,0.66,1000.0,1.29
2025-03-01 09:00:00,us-west-2,25.55,0.308,894.5,2.63
2025-03-01 10:00:00,us-west-2,145.39,0.0,1000.0,1.87
2025-03-01 11:00:00,us-west-2,21.46,0.54,1000.0,1.17
2025-03-01 12:00:00,us-west-2,21.05,0.132,1000.0,11.46
2025-03-01 13:00:00,us-west-2,30.45,0.127,1000.0,0.9
2025-03-01 14:00:00,us-west-2,23.05,0.159,1000.0,0.81
2025-03-01 15:00:00,us-west-2,27.93,0.328,1000.0,5.0
2025-03-01 16:00:00,us-west-2,18.56,0.193,873.2,0.1
2025-03-01 17:00:00,us-west-2,15.8,0.327,1000.0,0.56
2025-03-01 18:00:00,us-west-2,26.68,0.052,1000.0,2.23
2025-03-01 19:00:00,us-west-2,21.58,1.054,799.6,0.44
2025-03-01 20:00:00,us-west-2,23.23,0.392,805.9,10.64
2025-03-01 21:00:00,us-west-2,28.19,0.086,746.2,1.56
2025-03-01 22:00:00,us-west-2,17.92,0.386,770.5,2.27
2025-03-01 23:00:00,us-west-2,22.13,0.257,884.8,0.44
2025-03-02 00:00:00,us-west-2,26.88,0.035,816.7,0.85
2025-03-02 01:00:00,us-west-2,18.39,0.059,915.5,2.38
2025-03-02 02:00:00,us-west-2,20.07,0.013,755.8,1.99
2025-03-02 03:00:00,us-west-2,16.17,0.497,934.9,3.84
2025-03-02 04:00:00,us-west-2,29.38,0.241,1000.0,0.78
2025-03-02 05:00:00,us-west-2,14.73,0.114,849.2,2.65
2025-03-02 06:00:00,us-west-2,24.64,0.041,912.5,0.86
2025-03-02 07:00:00,us-west-2,17.64,0.199,917.2,2.21
2025-03-02 08:00:00,us-west-2,21.31,0.246,1000.0,2.32
2025-03-02 09:00:00,us-west-2,29.34,0.399,1000.0,0.32
2025-03-02 10:00:00,us-west-2,22.48,1.156,751.1,1.99
2025-03-02 11:00:00,us-west-2,27.77,0.188,689.0,0.1
2025-03-02 12:00:00,us-west-2,30.54,0.172,1000.0,1.74
2025-03-02 13:00:00,us-west-2,26.06,0.152,1000.0,2.99
2025-03-02 14:00:00,us-west-2,28.67,0.579,1000.0,0.19
2025-03-02 15:00:00,us-west-2,25.61,0.056,1000.0,6.98
2025-03-02 16:00:00,us-west-2,25.78,0.139,917.5,1.53
2025-03-02 17:00:00,us-west-2,22.89,0.426,1000.0,6.97
2025-03-02 18:00:00,us-west-2,32.62,0.005,1000.0,0.28
2025-03-02 19:00:00,us-west-2,24.45,0.102,766.4,7.48
2025-03-02 20:00:00,us-west-2,23.72,0.308,942.5,0.29
2025-03-02 21:00:00,us-west-2,24.54,0.062,852.7,1.55
2025-03-02 22:00:00,us-west-2,19.76,0.108,903.0,6.95
2025-03-02 23:00:00,us-west-2,25.07,0.2,1000.0,0.66
2025-03-03 00:00:00,us-west-2,27.13,0.164,889.3,0.1
2025-03-03 01:00:00,us-west-2,17.44,0.034,941.7,3.94
2025-03-03 02:00:00,us-west-2,23.79,0.835,698.4,2.27
2025-03-03 03:00:00,us-west-2,22.21,0.014,938.0,1.8
2025-03-03 04:00:00,us-west-2,20.29,0.416,1000.0,0.1
2025-03-03 05:00:00,us-west-2,18.39,0.022,739.2,2.65
2025-03-03 06:00:00,us-west-2,25.47,0.189,811.2,0.47
2025-03-03 07:00:00,us-west-2,22.69,0.058,932.3,6.69
2025-03-03 08:00:00,us-west-2,24.51,0.05,1000.0,2.89
2025-03-03 09:00:00,us-west-2,27.36,0.044,892.9,3.07
2025-03-03 10:00:00,us-west-2,24.82,0.199,1000.0,0.66
2025-03-03 11:00:00,us-west-2,22.63,0.239,1000.0,5.32
2025-03-03 12:00:00,us-west-2,25.79,0.047,953.9,1.93
2025-03-03 13:00:00,us-west-2,25.19,1.281,1000.0,4.86
2025-03-03 14:00:00,us-west-2,18.57,0.098,1000.0,0.79
2025-03-03 15:00:00,us-west-2,22.91,0.897,1000.0,3.52
2025-03-03 16:00:00,us-west-2,20.5,0.457,921.9,2.14
2025-03-03 17:00:00,us-west-2,19.03,0.225,1000.0,0.12
2025-03-03 18:00:00,us-west-2,27.07,0.466,1000.0,1.3
2025-03-03 19:00:00,us-west-2,19.79,0.221,820.9,0.51
2025-03-03 20:00:00,us-west-2,25.44,0.101,790.3,1.11
2025-03-03 21:00:00,us-west-2,15.97,0.086,693.5,1.21
2025-03-03 22:00:00,us-west-2,21.02,0.427,745.8,1.61
2025-03-03 23:00:00,us-west-2,19.97,0.038,795.7,2.29
2025-03-04 00:00:00,us-west-2,16.79,0.139,732.9,2.12
2025-03-04 01:00:00,us-west-2,22.02,0.049,757.8,0.1
2025-03-04 02:00:00,us-west-2,17.08,0.09,869.0,3.47
2025-03-04 03:00:00,us-west-2,22.73,0.05,883.3,7.45
2025-03-04 04:00:00,us-west-2,24.38,0.654,980.9,1.07
2025-03-04 05:00:00,us-west-2,22.88,0.395,758.6,0.5
2025-03-04 06:00:00,us-west-2,23.3,0.247,852.8,1.94
2025-03-04 07:00:00,us-west-2,25.4,0.076,799.9,3.05
2025-03-04 08:00:00,us-west-2,25.2,0.236,1000.0,2.84
2025-03-04 09:00:00,us-west-2,22.17,0.243,1000.0,2.37
2025-03-04 10:00:00,us-west-2,22.99,0.295,1000.0,0.4
2025-03-04 11:00:00,us-west-2,23.07,0.02,1000.0,4.53
2025-03-04 12:00:00,us-west-2,21.34,1.191,1000.0,1.39
2025-03-04 13:00:00,us-west-2,28.28,0.207,1000.0,0.63
2025-03-04 14:00:00,us-west-2,27.3,0.862,839.1,0.23
2025-03-04 15:00:00,us-west-2,18.98,0.003,1000.0,1.35
2025-03-04 16:00:00,us-west-2,22.16,0.094,1000.0,2.41
2025-03-04 17:00:00,us-west-2,21.16,0.036,1000.0,2.74
2025-03-04 18:00:00,us-west-2,26.5,0.484,1000.0,8.22
2025-03-04 19:00:00,us-west-2,25.55,0.116,934.7,0.42
2025-03-04 20:00:00,us-west-2,23.48,0.551,744.4,10.63
2025-03-04 21:00:00,us-west-2,19.69,0.536,771.2,2.66
2025-03-04 22:00:00,us-west-2,20.95,0.331,910.1,1.51
2025-03-04 23:00:00,us-west-2,17.4,0.329,646.2,5.48
2025-03-05 00:00:00,us-west-2,17.66,0.361,845.9,2.96
2025-03-05 01:00:00,us-west-2,24.79,0.336,754.3,1.07
2025-03-05 02:00:00,us-west-2,26.77,0.147,729.0,5.39
2025-03-05 03:00:00,us-west-2,19.64,0.344,653.4,2.75
2025-03-05 04:00:00,us-west-2,22.16,0.683,942.7,3.0
2025-03-05 05:00:00,us-west-2,24.38,0.121,869.1,5.67
2025-03-05 06:00:00,us-west-2,16.51,0.87,769.3,1.49
2025-03-05 07:00:00,us-west-2,18.54,0.004,830.3,2.67
2025-03-05 08:00:00,us-west-2,32.87,0.142,934.5,3.41
2025-03-05 09:00:00,us-west-2,21.67,0.047,1000.0,1.51
2025-03-05 10:00:00,us-west-2,23.93,0.045,1000.0,0.22
2025-03-05 11:00:00,us-west-2,23.01,0.558,1000.0,3.69
2025-03-05 12:00:00,us-west-2,17.73,0.827,1000.0,0.12
2025-03-05 13:00:00,us-west-2,25.61,0.496,823.3,3.16
2025-03-05 14:00:00,us-west-2,25.2,1.239,1000.0,6.04
2025-03-05 15:00:00,us-west-2,25.99,0.08,835.8,1.07
2025-03-05 16:00:00,us-west-2,24.98,0.05,1000.0,0.27
2025-03-05 17:00:00,us-west-2,23.55,0.243,1000.0,0.66
2025-03-05 18:00:00,us-west-2,23.34,0.583,1000.0,2.07
2025-03-05 19:00:00,us-west-2,20.35,0.012,769.1,7.15
2025-03-05 20:00:00,us-west-2,18.74,1.626,943.7,1.8
2025-03-05 21:00:00,us-west-2,19.25,0.277,709.9,0.3
2025-03-05 22:00:00,us-west-2,18.79,1.158,862.7,2.47
2025-03-05 23:00:00,us-west-2,23.89,0.136,605.4,3.3
2025-03-06 00:00:00,us-west-2,23.01,0.184,956.0,1.25
2025-03-06 01:00:00,us-west-2,22.09,0.419,1000.0,3.2
2025-03-06 02:00:00,us-west-2,28.41,0.472,766.2,0.98
2025-03-06 03:00:00,us-west-2,18.95,0.08,864.7,3.89
2025-03-06 04:00:00,us-west-2,25.69,0.797,903.3,1.04
2025-03-06 05:00:00,us-west-2,21.14,0.606,664.0,0.74
2025-03-06 06:00:00,us-west-2,22.52,0.006,760.1,5.28
2025-03-06 07:00:00,us-west-2,24.21,0.041,752.7,1.99
2025-03-06 08:00:00,us-west-2,23.49,0.226,1000.0,0.84
2025-03-06 09:00:00,us-west-2,21.29,0.204,1000.0,6.84
2025-03-06 10:00:00,us-west-2,21.92,0.407,1000.0,2.93
2025-03-06 11:00:00,us-west-2,17.31,0.031,1000.0,0.62
2025-03-06 12:00:00,us-west-2,27.6,0.342,1000.0,2.38
2025-03-06 13:00:00,us-west-2,27.51,0.316,1000.0,5.11
2025-03-06 14:00:00,us-west-2,31.31,0.088,940.7,2.98
2025-03-06 15:00:00,us-west-2,26.87,0.258,1000.0,0.7
2025-03-06 16:00:00,us-west-2,27.79,0.083,985.2,2.62
2025-03-06 17:00:00,us-west-2,24.99,0.052,993.3,2.41
2025-03-06 18:00:00,us-west-2,27.06,0.281,1000.0,4.3
2025-03-06 19:00:00,us-west-2,25.6,1.138,891.5,0.49
2025-03-06 20:00:00,us-west-2,22.6,0.081,852.8,3.01
2025-03-06 21:00:00,us-west-2,20.28,0.132,950.8,0.1
2025-03-06 22:00:00,us-west-2,21.27,0.089,710.7,2.98
2025-03-06 23:00:00,us-west-2,24.48,0.093,1000.0,8.07
2025-03-07 00:00:00,us-west-2,20.38,0.155,789.9,0.48
2025-03-07 01:00:00,us-west-2,24.93,0.363,839.4,0.93
2025-03-07 02:00:00,us-west-2,28.3,0.012,1000.0,2.19
2025-03-07 03:00:00,us-west-2,24.97,0.945,764.9,3.3
2025-03-07 04:00:00,us-west-2,24.47,0.014,972.8,1.06
2025-03-07 05:00:00,us-west-2,23.15,0.639,824.3,2.73
2025-03-07 06:00:00,us-west-2,19.44,0.674,749.0,5.74
2025-03-07 07:00:00,us-west-2,19.14,0.223,804.0,3.24
2025-03-07 08:00:00,us-west-2,21.97,0.049,1000.0,3.1
2025-03-07 09:00:00,us-west-2,27.41,0.275,1000.0,1.2
2025-03-07 10:00:00,us-west-2,23.82,0.327,1000.0,6.06
2025-03-07 11:00:00,us-west-2,25.19,0.644,855.7,0.81
2025-03-07 12:00:00,us-west-2,26.89,0.264,1000.0,0.57
2025-03-07 13:00:00,us-west-2,22.11,0.175,1000.0,1.13
2025-03-07 14:00:00,us-west-2,23.4,0.601,933.0,2.63
2025-03-07 15:00:00,us-west-2,26.53,1.307,1000.0,4.95
2025-03-07 16:00:00,us-west-2,24.2,0.342,1000.0,0.35
2025-03-07 17:00:00,us-west-2,24.55,0.685,1000.0,4.2
2025-03-07 18:00:00,us-west-2,21.38,0.301,1000.0,4.19
2025-03-07 19:00:00,us-west-2,21.39,0.351,905.5,2.21
2025-03-07 20:00:00,us-west-2,27.45,0.35,907.0,3.57
2025-03-07 21:00:00,us-west-2,20.53,0.366,813.3,0.5
2025-03-07 22:00:00,us-west-2,18.21,0.116,948.2,0.46
2025-03-07 23:00:00,us-west-2,77.89,0.257,959.7,4.97
2025-03-08 00:00:00,us-west-2,23.73,0.271,945.1,1.72
2025-03-08 01:00:00,us-west-2,22.7,0.114,812.3,0.71
2025-03-08 02:00:00,us-west-2,17.65,0.129,968.2,2.92
2025-03-08 03:00:00,us-west-2,18.12,0.431,896.4,5.56
2025-03-08 04:00:00,us-west-2,16.93,0.262,733.3,2.5
2025-03-08 05:00:00,us-west-2,23.42,0.048,804.2,1.07
2025-03-08 06:00:00,us-west-2,25.37,0.545,786.4,1.65
2025-03-08 07:00:00,us-west-2,23.54,0.644,611.5,3.49
2025-03-08 08:00:00,us-west-2,32.7,0.207,1000.0,0.17
2025-03-08 09:00:00,us-west-2,23.62,0.077,1000.0,0.61
2025-03-08 10:00:00,us-west-2,24.07,0.973,1000.0,1.55
2025-03-08 11:00:00,us-west-2,25.7,0.706,1000.0,2.32
2025-03-08 12:00:00,us-west-2,131.53,0.092,1000.0,1.04
2025-03-08 13:00:00,us-west-2,27.19,0.033,960.7,0.89
2025-03-08 14:00:00,us-west-2,22.87,0.192,1000.0,0.11
2025-03-08 15:00:00,us-west-2,20.01,0.372,1000.0,0.1
2025-03-08 16:00:00,us-west-2,18.51,0.064,999.8,0.82
2025-03-08 17:00:00,us-west-2,27.12,0.238,1000.0,1.89
2025-03-08 18:00:00,us-west-2,23.3,0.183,889.1,2.03
2025-03-08 19:00:00,us-west-2,18.14,0.664,876.9,1.7
2025-03-08 20:00:00,us-west-2,19.96,0.168,858.4,1.32
2025-03-08 21:00:00,us-west-2,155.36,0.229,850.8,0.73
2025-03-08 22:00:00,us-west-2,18.33,0.932,781.7,1.28
2025-03-08 23:00:00,us-west-2,24.4,0.107,859.9,0.37
2025-03-09 00:00:00,us-west-2,23.39,0.102,796.0,0.31
2025-03-09 01:00:00,us-west-2,26.43,0.482,1000.0,0.89
2025-03-09 02:00:00,us-west-2,21.59,0.098,1000.0,13.43
2025-03-09 03:00:00,us-west-2,16.85,0.535,803.4,0.99
2025-03-09 04:00:00,us-west-2,25.28,0.03,652.6,6.89
2025-03-09 05:00:00,us-west-2,21.18,0.035,888.1,1.25
2025-03-09 06:00:00,us-west-2,26.21,0.695,883.8,1.45
2025-03-09 07:00:00,us-west-2,24.69,0.233,862.6,3.99
2025-03-09 08:00:00,us-west-2,29.08,0.419,1000.0,0.25
2025-03-09 09:00:00,us-west-2,34.29,0.084,1000.0,0.5
2025-03-09 10:00:00,us-west-2,26.37,0.06,1000.0,9.11
2025-03-09 11:00:00,us-west-2,30.78,0.595,1000.0,1.76
2025-03-09 12:00:00,us-west-2,23.76,0.147,1000.0,0.11
2025-03-09 13:00:00,us-west-2,27.35,0.2,1000.0,0.12
2025-03-09 14:00:00,us-west-2,23.39,0.009,957.5,5.94
2025-03-09 15:00:00,us-west-2,27.12,0.161,1000.0,5.17
2025-03-09 16:00:00,us-west-2,26.72,0.486,1000.0,1.53
2025-03-09 17:00:00,us-west-2,17.48,0.568,957.4,0.45
2025-03-09 18:00:00,us-west-2,22.98,0.396,929.0,4.43
2025-03-09 19:00:00,us-west-2,22.76,0.353,739.9,0.98
2025-03-09 20:00:00,us-west-2,14.55,0.212,702.1,1.36
2025-03-09 21:00:00,us-west-2,21.68,0.232,930.3,2.87
2025-03-09 22:00:00,us-west-2,25.33,0.407,829.0,1.09
2025-03-09 23:00:00,us-west-2,26.29,0.085,943.1,2.48
2025-03-10 00:00:00,us-west-2,19.42,0.079,990.3,5.41
2025-03-10 01:00:00,us-west-2,26.5,0.898,959.3,3.99
2025-03-10 02:00:00,us-west-2,25.99,0.008,926.1,1.2
2025-03-10 03:00:00,us-west-2,46.93,0.045,884.5,0.85
2025-03-10 04:00:00,us-west-2,22.38,0.253,827.2,0.84
2025-03-10 05:00:00,us-west-2,120.5,0.402,835.2,1.07
2025-03-10 06:00:00,us-west-2,27.01,0.232,920.1,1.7
2025-03-10 07:00:00,us-west-2,22.95,0.132,734.6,1.35
2025-03-10 08:00:00,us-west-2,30.59,1.259,1000.0,0.36
2025-03-10 09:00:00,us-west-2,22.34,0.402,989.1,0.45
2025-03-10 10:00:00,us-west-2,19.24,0.587,1000.0,1.05
2025-03-10 11:00:00,us-west-2,22.84,0.014,1000.0,2.06
2025-03-10 12:00:00,us-west-2,31.28,0.089,1000.0,2.25
2025-03-10 13:00:00,us-west-2,28.81,0.155,986.8,1.66
2025-03-10 14:00:00,us-west-2,34.11,0.067,1000.0,3.36
2025-03-10 15:00:00,us-west-2,19.82,0.025,1000.0,3.34
2025-03-10 16:00:00,us-west-2,29.25,0.084,991.8,1.39
2025-03-10 17:00:00,us-west-2,28.16,0.252,1000.0,0.33
2025-03-10 18:00:00,us-west-2,24.22,0.393,1000.0,1.89
2025-03-10 19:00:00,us-west-2,24.56,0.446,791.4,1.2
2025-03-10 20:00:00,us-west-2,22.46,0.013,980.5,0.37
2025-03-10 21:00:00,us-west-2,23.52,0.168,628.0,10.02
2025-03-10 22:00:00,us-west-2,24.25,0.039,915.1,1.15
2025-03-10 23:00:00,us-west-2,25.23,0.169,783.9,2.46
2025-03-11 00:00:00,us-west-2,22.29,0.171,948.0,1.68
2025-03-11 01:00:00,us-west-2,27.87,0.207,976.8,0.39
2025-03-11 02:00:00,us-west-2,21.29,0.67,576.8,0.14
2025-03-11 03:00:00,us-west-2,28.22,0.491,824.6,2.46
2025-03-11 04:00:00,us-west-2,18.28,0.304,857.0,0.71
2025-03-11 05:00:00,us-west-2,18.75,0.65,567.1,0.7
2025-03-11 06:00:00,us-west-2,18.94,0.34,877.3,7.87
2025-03-11 07:00:00,us-west-2,25.16,0.513,786.6,1.55
2025-03-11 08:00:00,us-west-2,22.24,0.274,916.9,0.1
2025-03-11 09:00:00,us-west-2,30.96,0.246,1000.0,1.04
2025-03-11 10:00:00,us-west-2,23.3,0.425,976.6,2.2
2025-03-11 11:00:00,us-west-2,26.82,0.007,1000.0,1.0
2025-03-11 12:00:00,us-west-2,27.73,0.387,1000.0,0.1
2025-03-11 13:00:00,us-west-2,21.45,0.9,1000.0,1.47
2025-03-11 14:00:00,us-west-2,64.34,0.413,1000.0,0.28
2025-03-11 15:00:00,us-west-2,26.37,0.012,1000.0,2.41
2025-03-11 16:00:00,us-west-2,24.25,0.157,941.8,2.42
2025-03-11 17:00:00,us-west-2,27.19,0.547,1000.0,0.1
2025-03-11 18:00:00,us-west-2,20.19,1.051,1000.0,0.86
2025-03-11 19:00:00,us-west-2,20.82,0.139,659.1,1.33
2025-03-11 20:00:00,us-west-2,21.4,0.552,654.5,2.0
2025-03-11 21:00:00,us-west-2,13.96,0.598,1000.0,0.88
2025-03-11 22:00:00,us-west-2,25.29,0.039,876.5,0.85
2025-03-11 23:00:00,us-west-2,19.5,0.561,777.8,10.19
2025-03-12 00:00:00,us-west-2,26.95,0.118,714.4,0.11
2025-03-12 01:00:00,us-west-2,19.71,0.27,845.7,11.28
2025-03-12 02:00:00,us-west-2,20.28,0.232,866.0,0.12
2025-03-12 03:00:00,us-west-2,17.9,0.326,866.6,0.85
2025-03-12 04:00:00,us-west-2,25.78,2.268,713.3,1.7
2025-03-12 05:00:00,us-west-2,23.5,0.174,809.6,0.39
2025-03-12 06:00:00,us-west-2,26.62,0.658,781.8,0.36
2025-03-12 07:00:00,us-west-2,21.32,0.497,927.6,0.74
2025-03-12 08:00:00,us-west-2,25.14,0.508,936.4,9.08
2025-03-12 09:00:00,us-west-2,18.92,0.202,1000.0,1.2
2025-03-12 10:00:00,us-west-2,22.93,0.013,1000.0,2.09
2025-03-12 11:00:00,us-west-2,25.95,0.224,925.8,3.05
2025-03-12 12:00:00,us-west-2,26.77,0.755,988.4,3.39
2025-03-12 13:00:00,us-west-2,32.22,0.07,1000.0,2.91
2025-03-12 14:00:00,us-west-2,18.28,1.337,646.0,1.03
2025-03-12 15:00:00,us-west-2,26.17,0.544,882.4,0.3
2025-03-12 16:00:00,us-west-2,23.87,0.408,1000.0,0.83
2025-03-12 17:00:00,us-west-2,25.59,0.373,1000.0,0.59
2025-03-12 18:00:00,us-west-2,25.69,0.292,1000.0,0.37
2025-03-12 19:00:00,us-west-2,21.37,0.383,821.4,0.1
2025-03-12 20:00:00,us-west-2,18.26,0.164,810.9,6.86
2025-03-12 21:00:00,us-west-2,17.65,0.56,765.7,6.35
2025-03-12 22:00:00,us-west-2,21.13,0.358,808.9,0.13
2025-03-12 23:00:00,us-west-2,17.31,0.443,704.6,0.48
2025-03-13 00:00:00,us-west-2,21.63,0.472,832.3,0.38
2025-03-13 01:00:00,us-west-2,21.16,0.121,733.4,0.83
2025-03-13 02:00:00,us-west-2,13.91,0.017,704.7,0.57
2025-03-13 03:00:00,us-west-2,28.38,0.484,773.3,7.29
2025-03-13 04:00:00,us-west-2,22.25,0.09,904.1,0.22
2025-03-13 05:00:00,us-west-2,13.96,0.262,867.1,0.59
2025-03-13 06:00:00,us-west-2,22.82,0.176,930.1,0.21
2025-03-13 07:00:00,us-west-2,21.33,0.007,739.2,9.83
2025-03-13 08:00:00,us-west-2,20.3,0.014,1000.0,6.27
2025-03-13 09:00:00,us-west-2,26.47,0.579,1000.0,3.15
2025-03-13 10:00:00,us-west-2,21.72,0.309,1000.0,1.39
2025-03-13 11:00:00,us-west-2,26.03,0.245,906.2,0.53
2025-03-13 12:00:00,us-west-2,22.64,0.953,947.7,0.63
2025-03-13 13:00:00,us-west-2,21.86,0.063,1000.0,1.46
2025-03-13 14:00:00,us-west-2,25.24,0.098,1000.0,3.65
2025-03-13 15:00:00,us-west-2,19.14,0.466,1000.0,0.77
2025-03-13 16:00:00,us-west-2,24.99,0.493,1000.0,0.93
2025-03-13 17:00:00,us-west-2,27.79,0.171,1000.0,2.29
2025-03-13 18:00:00,us-west-2,30.12,0.995,1000.0,0.68
2025-03-13 19:00:00,us-west-2,25.59,0.835,786.0,2.19
2025-03-13 20:00:00,us-west-2,26.47,0.004,830.4,1.22
2025-03-13 21:00:00,us-west-2,20.5,0.057,781.8,0.1
2025-03-13 22:00:00,us-west-2,58.05,0.515,870.2,1.29
2025-03-13 23:00:00,us-west-2,24.69,0.122,761.5,6.3
2025-03-14 00:00:00,us-west-2,20.29,0.03,697.9,0.87
2025-03-14 01:00:00,us-west-2,22.02,0.461,1000.0,0.97
2025-03-14 02:00:00,us-west-2,24.46,0.182,841.7,0.17
2025-03-14 03:00:00,us-west-2,28.67,0.203,1000.0,2.39
2025-03-14 04:00:00,us-west-2,23.75,0.062,618.1,4.73
2025-03-14 05:00:00,us-west-2,22.68,0.324,676.1,1.09
2025-03-14 06:00:00,us-west-2,18.3,0.24,906.0,0.69
2025-03-14 07:00:00,us-west-2,25.86,0.069,841.8,7.84
2025-03-14 08:00:00,us-west-2,26.85,0.137,924.4,3.42
2025-03-14 09:00:00,us-west-2,23.98,0.3,1000.0,2.09
2025-03-14 10:00:00,us-west-2,23.59,0.854,969.3,0.91
2025-03-14 11:00:00,us-west-2,23.76,0.835,1000.0,0.62
2025-03-14 12:00:00,us-west-2,25.47,0.112,1000.0,3.14
2025-03-14 13:00:00,us-west-2,19.76,0.439,938.1,1.84
2025-03-14 14:00:00,us-west-2,29.92,0.493,1000.0,1.84
2025-03-14 15:00:00,us-west-2,29.23,0.546,1000.0,0.19
2025-03-14 16:00:00,us-west-2,24.66,0.279,1000.0,1.79
2025-03-14 17:00:00,us-west-2,23.76,0.003,1000.0,4.33
2025-03-14 18:00:00,us-west-2,25.21,0.473,1000.0,7.33
2025-03-14 19:00:00,us-west-2,22.48,0.034,840.3,0.28
2025-03-14 20:00:00,us-west-2,21.01,0.037,823.2,2.49
2025-03-14 21:00:00,us-west-2,25.3,0.279,801.4,2.1
2025-03-14 22:00:00,us-west-2,17.3,1.232,892.3,5.53
2025-03-14 23:00:00,us-west-2,19.65,0.083,1000.0,3.48
2025-03-15 00:00:00,us-west-2,24.56,0.311,702.8,8.4
2025-03-15 01:00:00,us-west-2,23.07,0.109,876.3,8.05
2025-03-15 02:00:00,us-west-2,19.76,0.687,871.1,0.64
2025-03-15 03:00:00,us-west-2,23.32,0.27,633.5,3.23
2025-03-15 04:00:00,us-west-2,19.38,0.07,743.5,1.89
2025-03-15 05:00:00,us-west-2,20.98,0.091,768.1,0.6
2025-03-15 06:00:00,us-west-2,25.44,0.17,941.7,0.54
2025-03-15 07:00:00,us-west-2,25.08,0.039,962.7,0.21
2025-03-15 08:00:00,us-west-2,26.39,0.027,812.4,3.97
2025-03-15 09:00:00,us-west-2,21.31,0.376,1000.0,0.98
2025-03-15 10:00:00,us-west-2,23.87,0.173,1000.0,4.86
2025-03-15 11:00:00,us-west-2,25.67,0.427,1000.0,2.34
2025-03-15 12:00:00,us-west-2,30.82,0.038,1000.0,2.8
2025-03-15 13:00:00,us-west-2,18.54,0.311,1000.0,0.86
2025-03-15 14:00:00,us-west-2,21.99,0.193,1000.0,1.53
2025-03-15 15:00:00,us-west-2,29.58,0.02,850.1,1.33
2025-03-15 16:00:00,us-west-2,30.46,0.26,1000.0,0.67
2025-03-15 17:00:00,us-west-2,25.04,0.029,1000.0,4.47
2025-03-15 18:00:00,us-west-2,31.14,0.58,1000.0,2.43
2025-03-15 19:00:00,us-west-2,19.58,1.7,795.5,0.1
2025-03-15 20:00:00,us-west-2,17.02,0.244,872.4,4.29
2025-03-15 21:00:00,us-west-2,24.61,0.043,694.4,0.28
2025-03-15 22:00:00,us-west-2,26.27,0.102,930.5,1.29
2025-03-15 23:00:00,us-west-2,26.22,0.204,805.7,2.12
2025-03-16 00:00:00,us-west-2,19.15,0.301,955.0,0.1
2025-03-16 01:00:00,us-west-2,22.66,0.061,775.6,2.65
2025-03-16 02:00:00,us-west-2,24.77,0.003,769.1,2.69
2025-03-16 03:00:00,us-west-2,22.99,0.127,736.5,2.64
2025-03-16 04:00:00,us-west-2,26.77,0.198,776.3,0.45
2025-03-16 05:00:00,us-west-2,20.66,0.061,753.8,0.74
2025-03-16 06:00:00,us-west-2,21.77,0.203,902.2,0.71
2025-03-16 07:00:00,us-west-2,22.78,0.124,975.7,8.05
2025-03-16 08:00:00,us-west-2,28.46,0.2,1000.0,0.17
2025-03-16 09:00:00,us-west-2,24.56,0.141,1000.0,1.4
2025-03-16 10:00:00,us-west-2,28.82,0.327,1000.0,5.12
2025-03-16 11:00:00,us-west-2,31.39,0.014,1000.0,3.67
2025-03-16 12:00:00,us-west-2,23.33,0.062,1000.0,4.32
2025-03-16 13:00:00,us-west-2,24.68,0.187,1000.0,8.97
2025-03-16 14:00:00,us-west-2,28.97,0.145,1000.0,1.22
2025-03-16 15:00:00,us-west-2,32.61,0.164,704.7,0.93
2025-03-16 16:00:00,us-west-2,27.71,0.537,772.3,0.1
2025-03-16 17:00:00,us-west-2,22.32,0.718,1000.0,0.41
2025-03-16 18:00:00,us-west-2,26.05,0.094,1000.0,2.06
2025-03-16 19:00:00,us-west-2,25.17,0.543,960.1,0.43
2025-03-16 20:00:00,us-west-2,19.32,0.184,777.0,3.33
2025-03-16 21:00:00,us-west-2,18.44,0.096,1000.0,0.1
2025-03-16 22:00:00,us-west-2,20.86,1.269,833.6,0.75
2025-03-16 23:00:00,us-west-2,24.18,0.523,903.9,2.97
2025-03-17 00:00:00,us-west-2,17.48,1.548,796.3,0.74
2025-03-17 01:00:00,us-west-2,19.71,0.055,742.3,3.26
2025-03-17 02:00:00,us-west-2,22.9,0.047,641.1,13.72
2025-03-17 03:00:00,us-west-2,25.6,0.21,944.3,3.99
2025-03-17 04:00:00,us-west-2,22.96,0.305,897.5,1.05
2025-03-17 05:00:00,us-west-2,23.24,0.056,861.2,5.77
2025-03-17 06:00:00,us-west-2,25.32,0.591,713.4,0.13
2025-03-17 07:00:00,us-west-2,27.27,0.228,1000.0,3.23
2025-03-17 08:00:00,us-west-2,30.94,0.175,1000.0,0.1
2025-03-17 09:00:00,us-west-2,17.55,0.304,1000.0,0.48
2025-03-17 10:00:00,us-west-2,25.67,0.333,1000.0,10.97
2025-03-17 11:00:00,us-west-2,28.76,0.014,935.1,1.12
2025-03-17 12:00:00,us-west-2,188.51,3.016,1000.0,4.29
2025-03-17 13:00:00,us-west-2,27.73,0.149,1000.0,1.18
2025-03-17 14:00:00,us-west-2,22.04,0.021,1000.0,4.58
2025-03-17 15:00:00,us-west-2,22.54,0.631,1000.0,8.41
2025-03-17 16:00:00,us-west-2,22.65,1.638,1000.0,1.43
2025-03-17 17:00:00,us-west-2,26.47,0.559,1000.0,2.05
2025-03-17 18:00:00,us-west-2,23.48,0.63,838.0,2.48
2025-03-17 19:00:00,us-west-2,67.67,0.295,671.2,6.83
2025-03-17 20:00:00,us-west-2,18.11,0.767,937.9,0.74
2025-03-17 21:00:00,us-west-2,20.53,0.011,766.5,2.36
2025-03-17 22:00:00,us-west-2,17.5,0.437,724.2,0.98
2025-03-17 23:00:00,us-west-2,18.0,0.333,894.7,0.61
2025-03-18 00:00:00,us-west-2,28.77,0.015,720.5,0.22
2025-03-18 01:00:00,us-west-2,21.97,0.236,792.5,2.42
2025-03-18 02:00:00,us-west-2,20.73,0.217,952.3,5.34
2025-03-18 03:00:00,us-west-2,110.01,0.353,668.3,1.08
2025-03-18 04:00:00,us-west-2,25.78,0.024,685.8,2.01
2025-03-18 05:00:00,us-west-2,29.39,0.491,656.7,2.57
2025-03-18 06:00:00,us-west-2,27.63,0.045,746.7,1.34
2025-03-18 07:00:00,us-west-2,23.43,0.163,859.9,5.84
2025-03-18 08:00:00,us-west-2,19.48,0.703,1000.0,1.13
2025-03-18 09:00:00,us-west-2,21.5,0.271,1000.0,0.33
2025-03-18 10:00:00,us-west-2,23.77,0.158,1000.0,0.39
2025-03-18 11:00:00,us-west-2,27.22,0.016,1000.0,5.54
2025-03-18 12:00:00,us-west-2,25.66,0.368,1000.0,11.06
2025-03-18 13:00:00,us-west-2,19.71,1.422,897.4,0.85
2025-03-18 14:00:00,us-west-2,19.03,0.801,1000.0,0.39
2025-03-18 15:00:00,us-west-2,149.62,0.417,1000.0,1.65
2025-03-18 16:00:00,us-west-2,121.39,0.037,1000.0,3.09
2025-03-18 17:00:00,us-west-2,24.5,0.09,1000.0,2.37
2025-03-18 18:00:00,us-west-2,27.13,0.068,1000.0,7.55
2025-03-18 19:00:00,us-west-2,26.11,0.132,871.8,4.26
2025-03-18 20:00:00,us-west-2,23.02,0.081,838.0,5.08
2025-03-18 21:00:00,us-west-2,18.89,0.084,886.8,1.95
2025-03-18 22:00:00,us-west-2,28.32,0.288,789.2,0.99
2025-03-18 23:00:00,us-west-2,21.42,0.115,961.2,3.02
2025-03-19 00:00:00,us-west-2,22.16,0.339,604.7,1.45
2025-03-19 01:00:00,us-west-2,19.84,0.886,926.9,0.85
2025-03-19 02:00:00,us-west-2,18.45,0.305,623.1,0.41
2025-03-19 03:00:00,us-west-2,18.72,0.418,759.6,1.88
2025-03-19 04:00:00,us-west-2,18.0,0.418,912.7,2.26
2025-03-19 05:00:00,us-west-2,12.07,0.12,608.4,2.1
2025-03-19 06:00:00,us-west-2,21.48,0.005,870.0,0.31
2025-03-19 07:00:00,us-west-2,25.64,0.017,685.4,2.11
2025-03-19 08:00:00,us-west-2,21.56,0.109,953.8,0.46
2025-03-19 09:00:00,us-west-2,35.01,0.386,946.6,2.72
2025-03-19 10:00:00,us-west-2,30.56,0.783,895.4,1.4
2025-03-19 11:00:00,us-west-2,25.23,1.052,835.2,4.72
2025-03-19 12:00:00,us-west-2,21.08,0.009,1000.0,3.77
2025-03-19 13:00:00,us-west-2,19.24,1.523,1000.0,3.22
2025-03-19 14:00:00,us-west-2,24.87,0.394,912.0,3.02
2025-03-19 15:00:00,us-west-2,25.56,0.611,1000.0,2.06
2025-03-19 16:00:00,us-west-2,24.52,0.066,1000.0,0.16
2025-03-19 17:00:00,us-west-2,29.36,0.021,1000.0,2.66
2025-03-19 18:00:00,us-west-2,30.98,0.157,907.4,1.57
2025-03-19 19:00:00,us-west-2,23.56,0.588,742.1,1.59
2025-03-19 20:00:00,us-west-2,23.74,0.075,992.3,1.19
2025-03-19 21:00:00,us-west-2,20.96,0.05,681.7,6.62
2025-03-19 22:00:00,us-west-2,21.98,0.722,610.4,0.72
2025-03-19 23:00:00,us-west-2,23.36,2.872,803.4,0.95
2025-03-20 00:00:00,us-west-2,20.95,0.004,618.2,8.24
2025-03-20 01:00:00,us-west-2,24.18,0.39,740.8,4.15
2025-03-20 02:00:00,us-west-2,18.51,0.111,699.8,0.1
2025-03-20 03:00:00,us-west-2,19.58,0.141,700.8,5.91
2025-03-20 04:00:00,us-west-2,18.55,0.19,858.3,0.64
2025-03-20 05:00:00,us-west-2,19.79,0.167,880.8,3.06
2025-03-20 06:00:00,us-west-2,21.05,0.217,753.3,2.01
2025-03-20 07:00:00,us-west-2,25.4,0.262,838.7,1.92
2025-03-20 08:00:00,us-west-2,94.39,0.207,971.5,3.16
2025-03-20 09:00:00,us-west-2,20.43,0.399,1000.0,0.58
2025-03-20 10:00:00,us-west-2,19.98,0.418,874.5,0.43
2025-03-20 11:00:00,us-west-2,23.72,0.192,1000.0,2.64
2025-03-20 12:00:00,us-west-2,28.47,0.051,1000.0,0.86
2025-03-20 13:00:00,us-west-2,30.62,0.338,1000.0,9.12
2025-03-20 14:00:00,us-west-2,19.26,0.489,831.3,1.5
2025-03-20 15:00:00,us-west-2,26.71,0.335,1000.0,0.3
2025-03-20 16:00:00,us-west-2,23.77,0.293,1000.0,2.89
2025-03-20 17:00:00,us-west-2,24.07,0.086,1000.0,0.91
2025-03-20 18:00:00,us-west-2,21.26,0.342,1000.0,0.4
2025-03-20 19:00:00,us-west-2,21.27,0.122,736.8,1.37
2025-03-20 20:00:00,us-west-2,18.34,0.756,928.9,8.33
2025-03-20 21:00:00,us-west-2,21.12,0.318,770.1,1.33
2025-03-20 22:00:00,us-west-2,25.79,0.098,839.4,1.07
2025-03-20 23:00:00,us-west-2,24.08,0.192,709.0,1.47
2025-03-21 00:00:00,us-west-2,28.32,0.562,768.6,0.1
2025-03-21 01:00:00,us-west-2,23.74,0.123,957.6,0.36
2025-03-21 02:00:00,us-west-2,22.58,0.224,902.6,4.74
2025-03-21 03:00:00,us-west-2,23.82,0.342,972.9,9.55
2025-03-21 04:00:00,us-west-2,19.44,0.421,682.3,0.43
2025-03-21 05:00:00,us-west-2,15.12,0.057,625.5,1.92
2025-03-21 06:00:00,us-west-2,24.63,0.25,982.2,8.48
2025-03-21 07:00:00,us-west-2,16.08,0.73,973.3,0.43
2025-03-21 08:00:00,us-west-2,29.56,1.14,1000.0,0.52
2025-03-21 09:00:00,us-west-2,28.15,0.352,1000.0,6.54
2025-03-21 10:00:00,us-west-2,22.08,1.358,1000.0,3.06
2025-03-21 11:00:00,us-west-2,23.65,0.279,1000.0,0.41
2025-03-21 12:00:00,us-west-2,25.26,0.193,1000.0,1.25
2025-03-21 13:00:00,us-west-2,21.8,0.265,1000.0,0.14
2025-03-21 14:00:00,us-west-2,27.35,0.041,1000.0,1.42
2025-03-21 15:00:00,us-west-2,27.69,0.17,1000.0,3.76
2025-03-21 16:00:00,us-west-2,19.82,0.202,1000.0,2.02
2025-03-21 17:00:00,us-west-2,22.18,0.623,1000.0,2.61
2025-03-21 18:00:00,us-west-2,25.16,1.832,972.8,0.99
2025-03-21 19:00:00,us-west-2,25.76,0.276,798.3,0.44
2025-03-21 20:00:00,us-west-2,24.15,0.128,639.2,0.1
2025-03-21 21:00:00,us-west-2,14.31,0.062,902.2,4.31
2025-03-21 22:00:00,us-west-2,21.04,0.128,786.4,2.53
2025-03-21 23:00:00,us-west-2,23.56,0.342,682.0,0.65
2025-03-22 00:00:00,us-west-2,19.36,0.092,842.4,1.36
2025-03-22 01:00:00,us-west-2,19.1,0.167,1000.0,4.04
2025-03-22 02:00:00,us-west-2,19.54,0.147,807.8,1.93
2025-03-22 03:00:00,us-west-2,20.98,0.435,818.7,0.89
2025-03-22 04:00:00,us-west-2,18.77,0.646,1000.0,0.78
2025-03-22 05:00:00,us-west-2,24.18,0.361,849.4,0.61
2025-03-22 06:00:00,us-west-2,19.16,0.125,705.1,4.34
2025-03-22 07:00:00,us-west-2,18.58,0.17,932.7,2.18
2025-03-22 08:00:00,us-west-2,23.79,0.051,1000.0,3.09
2025-03-22 09:00:00,us-west-2,30.91,0.061,1000.0,4.92
2025-03-22 10:00:00,us-west-2,27.29,0.059,1000.0,10.83
2025-03-22 11:00:00,us-west-2,27.53,0.046,900.5,0.72
2025-03-22 12:00:00,us-west-2,26.39,0.065,969.2,0.5
2025-03-22 13:00:00,us-west-2,21.71,0.075,1000.0,1.55
2025-03-22 14:00:00,us-west-2,22.87,0.039,1000.0,0.1
2025-03-22 15:00:00,us-west-2,22.23,0.337,1000.0,3.92
2025-03-22 16:00:00,us-west-2,29.44,1.533,1000.0,5.38
2025-03-22 17:00:00,us-west-2,26.42,0.697,1000.0,2.9
2025-03-22 18:00:00,us-west-2,18.97,0.015,949.3,0.78
2025-03-22 19:00:00,us-west-2,26.79,0.165,817.7,0.33
2025-03-22 20:00:00,us-west-2,20.9,0.588,988.7,1.2
2025-03-22 21:00:00,us-west-2,24.16,0.043,778.5,4.48
2025-03-22 22:00:00,us-west-2,25.47,0.564,741.9,1.07
2025-03-22 23:00:00,us-west-2,13.55,0.269,1000.0,0.1
2025-03-23 00:00:00,us-west-2,23.5,0.803,877.1,0.8
2025-03-23 01:00:00,us-west-2,21.17,0.626,757.3,11.5
2025-03-23 02:00:00,us-west-2,14.01,0.339,927.2,2.82
2025-03-23 03:00:00,us-west-2,18.26,0.322,880.7,5.78
2025-03-23 04:00:00,us-west-2,20.5,0.072,781.6,3.73
2025-03-23 05:00:00,us-west-2,24.79,0.037,844.1,1.94
2025-03-23 06:00:00,us-west-2,21.42,0.657,815.0,0.4
2025-03-23 07:00:00,us-west-2,22.49,0.062,968.8,1.07
2025-03-23 08:00:00,us-west-2,23.95,0.036,1000.0,2.19
2025-03-23 09:00:00,us-west-2,29.43,0.119,770.7,5.11
2025-03-23 10:00:00,us-west-2,27.28,0.65,1000.0,0.78
2025-03-23 11:00:00,us-west-2,25.92,0.006,1000.0,0.32
2025-03-23 12:00:00,us-west-2,20.96,0.114,1000.0,2.05
2025-03-23 13:00:00,us-west-2,25.75,0.182,1000.0,0.49
2025-03-23 14:00:00,us-west-2,35.86,0.236,1000.0,2.36
2025-03-23 15:00:00,us-west-2,28.32,0.066,1000.0,0.76
2025-03-23 16:00:00,us-west-2,22.49,1.099,1000.0,0.66
2025-03-23 17:00:00,us-west-2,32.33,0.285,1000.0,1.27
2025-03-23 18:00:00,us-west-2,22.33,0.244,1000.0,2.25
2025-03-23 19:00:00,us-west-2,24.36,0.003,780.2,1.97
2025-03-23 20:00:00,us-west-2,21.85,0.199,850.1,0.7
2025-03-23 21:00:00,us-west-2,22.6,0.545,849.9,5.54
2025-03-23 22:00:00,us-west-2,22.72,0.074,970.5,0.29
2025-03-23 23:00:00,us-west-2,21.18,0.13,941.0,0.1
2025-03-24 00:00:00,us-west-2,20.72,0.006,941.1,2.31
2025-03-24 01:00:00,us-west-2,17.65,1.131,822.6,0.33
2025-03-24 02:00:00,us-west-2,18.29,0.021,931.2,1.76
2025-03-24 03:00:00,us-west-2,23.1,0.685,943.8,7.58
2025-03-24 04:00:00,us-west-2,19.75,0.113,840.5,3.0
2025-03-24 05:00:00,us-west-2,19.0,0.266,883.5,2.4
2025-03-24 06:00:00,us-west-2,31.33,0.341,943.6,2.14
2025-03-24 07:00:00,us-west-2,30.21,0.046,875.3,0.49
2025-03-24 08:00:00,us-west-2,27.5,0.194,1000.0,1.42
2025-03-24 09:00:00,us-west-2,28.04,0.13,1000.0,1.05
2025-03-24 10:00:00,us-west-2,22.22,0.019,1000.0,7.65
2025-03-24 11:00:00,us-west-2,20.8,0.591,1000.0,0.69
2025-03-24 12:00:00,us-west-2,24.01,0.015,895.1,1.59
2025-03-24 13:00:00,us-west-2,25.3,0.35,1000.0,6.95
2025-03-24 14:00:00,us-west-2,28.01,0.124,1000.0,3.89
2025-03-24 15:00:00,us-west-2,18.35,0.07,1000.0,8.35
2025-03-24 16:00:00,us-west-2,33.45,0.363,1000.0,2.34
2025-03-24 17:00:00,us-west-2,26.24,0.972,944.4,1.02
2025-03-24 18:00:00,us-west-2,19.42,0.125,966.8,4.38
2025-03-24 19:00:00,us-west-2,22.52,0.216,847.1,0.86
2025-03-24 20:00:00,us-west-2,19.02,0.085,754.0,0.45
2025-03-24 21:00:00,us-west-2,18.79,0.598,823.4,3.06
2025-03-24 22:00:00,us-west-2,18.49,0.539,785.7,2.55
2025-03-24 23:00:00,us-west-2,21.15,0.084,729.1,5.28
2025-03-25 00:00:00,us-west-2,28.94,0.418,949.1,8.17
2025-03-25 01:00:00,us-west-2,22.31,0.005,859.0,4.87
2025-03-25 02:00:00,us-west-2,24.29,0.094,1000.0,0.15
2025-03-25 03:00:00,us-west-2,25.1,0.141,893.1,2.73
2025-03-25 04:00:00,us-west-2,21.52,0.642,1000.0,3.84
2025-03-25 05:00:00,us-west-2,18.17,0.901,762.5,10.03
2025-03-25 06:00:00,us-west-2,16.72,0.378,761.1,1.17
2025-03-25 07:00:00,us-west-2,20.72,0.203,1000.0,0.47
2025-03-25 08:00:00,us-west-2,29.64,0.338,1000.0,4.79
2025-03-25 09:00:00,us-west-2,28.85,0.176,956.9,0.95
2025-03-25 10:00:00,us-west-2,26.27,0.117,922.3,2.28
2025-03-25 11:00:00,us-west-2,26.78,0.993,1000.0,1.24
2025-03-25 12:00:00,us-west-2,24.78,0.04,1000.0,1.29
2025-03-25 13:00:00,us-west-2,23.47,0.14,1000.0,3.3
2025-03-25 14:00:00,us-west-2,22.5,0.757,1000.0,1.12
2025-03-25 15:00:00,us-west-2,19.72,0.424,992.1,2.95
2025-03-25 16:00:00,us-west-2,32.12,0.01,1000.0,0.1
2025-03-25 17:00:00,us-west-2,25.95,0.008,1000.0,0.98
2025-03-25 18:00:00,us-west-2,23.62,0.24,913.8,0.96
2025-03-25 19:00:00,us-west-2,28.01,0.199,930.9,3.45
2025-03-25 20:00:00,us-west-2,28.64,0.176,1000.0,0.94
2025-03-25 21:00:00,us-west-2,31.06,0.108,885.1,2.51
2025-03-25 22:00:00,us-west-2,21.18,1.295,1000.0,2.92
2025-03-25 23:00:00,us-west-2,22.35,0.095,685.4,2.69
2025-03-26 00:00:00,us-west-2,24.15,0.202,630.4,2.31
2025-03-26 01:00:00,us-west-2,27.49,0.156,879.1,1.33
2025-03-26 02:00:00,us-west-2,22.2,0.056,779.6,1.17
2025-03-26 03:00:00,us-west-2,18.75,0.068,955.5,2.08
2025-03-26 04:00:00,us-west-2,19.51,0.751,812.7,0.16
2025-03-26 05:00:00,us-west-2,25.89,0.586,867.7,5.22
2025-03-26 06:00:00,us-west-2,24.05,0.067,859.7,4.36
2025-03-26 07:00:00,us-west-2,21.43,0.625,863.5,1.06
2025-03-26 08:00:00,us-west-2,24.39,0.077,1000.0,2.09
2025-03-26 09:00:00,us-west-2,24.64,0.325,892.1,6.73
2025-03-26 10:00:00,us-west-2,30.0,0.028,1000.0,0.79
2025-03-26 11:00:00,us-west-2,22.31,0.701,1000.0,3.39
2025-03-26 12:00:00,us-west-2,20.7,0.017,1000.0,0.22
2025-03-26 13:00:00,us-west-2,32.19,1.355,1000.0,1.85
2025-03-26 14:00:00,us-west-2,25.4,0.499,1000.0,5.38
2025-03-26 15:00:00,us-west-2,25.0,0.041,921.4,2.01
2025-03-26 16:00:00,us-west-2,27.85,0.171,1000.0,2.39
2025-03-26 17:00:00,us-west-2,21.55,0.014,936.2,5.96
2025-03-26 18:00:00,us-west-2,28.15,0.379,1000.0,3.14
2025-03-26 19:00:00,us-west-2,20.74,0.11,1000.0,2.98
2025-03-26 20:00:00,us-west-2,25.71,0.246,712.9,2.21
2025-03-26 21:00:00,us-west-2,16.94,0.81,1000.0,2.51
2025-03-26 22:00:00,us-west-2,23.49,0.11,864.5,4.07
2025-03-26 23:00:00,us-west-2,21.24,0.015,881.5,9.69
2025-03-27 00:00:00,us-west-2,19.67,0.338,752.9,3.97
2025-03-27 01:00:00,us-west-2,24.55,0.464,945.9,3.07
2025-03-27 02:00:00,us-west-2,21.51,0.95,806.1,0.36
2025-03-27 03:00:00,us-west-2,23.54,0.052,712.3,4.25
2025-03-27 04:00:00,us-west-2,26.18,0.149,1000.0,3.33
2025-03-27 05:00:00,us-west-2,24.61,0.558,803.7,3.68
2025-03-27 06:00:00,us-west-2,18.43,0.493,626.9,0.66
2025-03-27 07:00:00,us-west-2,20.21,0.294,817.8,5.84
2025-03-27 08:00:00,us-west-2,27.04,0.104,1000.0,0.26
2025-03-27 09:00:00,us-west-2,28.31,0.11,1000.0,0.73
2025-03-27 10:00:00,us-west-2,23.82,0.044,1000.0,2.72
2025-03-27 11:00:00,us-west-2,26.05,0.841,952.5,2.8
2025-03-27 12:00:00,us-west-2,26.03,0.063,891.9,0.94
2025-03-27 13:00:00,us-west-2,26.56,0.281,1000.0,3.02
2025-03-27 14:00:00,us-west-2,20.83,0.29,1000.0,1.23
2025-03-27 15:00:00,us-west-2,19.93,0.152,1000.0,0.1
2025-03-27 16:00:00,us-west-2,16.73,0.143,1000.0,0.44
2025-03-27 17:00:00,us-west-2,25.7,0.364,1000.0,5.36
2025-03-27 18:00:00,us-west-2,91.03,0.162,1000.0,0.63
2025-03-27 19:00:00,us-west-2,29.05,0.088,868.3,0.3
2025-03-27 20:00:00,us-west-2,24.16,0.153,834.0,2.87
2025-03-27 21:00:00,us-west-2,18.1,0.495,962.7,1.45
2025-03-27 22:00:00,us-west-2,25.75,1.019,887.3,3.98
2025-03-27 23:00:00,us-west-2,25.75,0.303,863.0,4.94
2025-03-28 00:00:00,us-west-2,26.02,0.457,845.0,4.68
2025-03-28 01:00:00,us-west-2,19.33,0.228,737.0,0.94
2025-03-28 02:00:00,us-west-2,24.36,0.294,849.9,1.76
2025-03-28 03:00:00,us-west-2,84.5,1.329,772.4,2.63
2025-03-28 04:00:00,us-west-2,27.18,0.173,891.6,0.97
2025-03-28 05:00:00,us-west-2,16.97,0.021,824.9,0.1
2025-03-28 06:00:00,us-west-2,21.28,0.944,1000.0,1.71
2025-03-28 07:00:00,us-west-2,108.92,0.473,698.6,0.1
2025-03-28 08:00:00,us-west-2,32.37,0.168,621.3,7.52
2025-03-28 09:00:00,us-west-2,27.16,1.333,1000.0,3.98
2025-03-28 10:00:00,us-west-2,28.68,0.14,1000.0,0.53
2025-03-28 11:00:00,us-west-2,27.11,0.154,1000.0,0.85
2025-03-28 12:00:00,us-west-2,26.72,0.311,912.2,10.16
2025-03-28 13:00:00,us-west-2,22.02,0.106,1000.0,1.17
2025-03-28 14:00:00,us-west-2,23.61,0.396,1000.0,3.83
2025-03-28 15:00:00,us-west-2,25.57,0.055,994.6,1.48
2025-03-28 16:00:00,us-west-2,22.84,0.038,1000.0,4.99
2025-03-28 17:00:00,us-west-2,22.14,0.253,1000.0,3.04
2025-03-28 18:00:00,us-west-2,24.52,0.268,1000.0,0.1
2025-03-28 19:00:00,us-west-2,20.0,0.034,829.3,0.87
2025-03-28 20:00:00,us-west-2,22.16,0.999,855.6,2.04
2025-03-28 21:00:00,us-west-2,20.54,0.255,778.4,6.52
2025-03-28 22:00:00,us-west-2,19.74,0.049,764.4,0.27
2025-03-28 23:00:00,us-west-2,18.94,0.112,897.8,2.3
2025-03-29 00:00:00,us-west-2,22.02,0.483,805.8,0.9
2025-03-29 01:00:00,us-west-2,24.93,0.222,1000.0,5.5
2025-03-29 02:00:00,us-west-2,24.15,0.063,951.1,3.62
2025-03-29 03:00:00,us-west-2,16.96,0.033,1000.0,1.15
2025-03-29 04:00:00,us-west-2,24.84,0.169,582.6,0.46
2025-03-29 05:00:00,us-west-2,24.12,0.123,1000.0,0.1
2025-03-29 06:00:00,us-west-2,142.31,0.32,563.8,2.43
2025-03-29 07:00:00,us-west-2,25.58,0.778,698.7,1.3
2025-03-29 08:00:00,us-west-2,22.54,0.094,831.6,0.94
2025-03-29 09:00:00,us-west-2,24.16,0.638,1000.0,10.58
2025-03-29 10:00:00,us-west-2,32.09,0.835,1000.0,1.57
2025-03-29 11:00:00,us-west-2,31.87,0.767,1000.0,3.46
2025-03-29 12:00:00,us-west-2,25.01,5.113,1000.0,0.49
2025-03-29 13:00:00,us-west-2,27.59,0.609,1000.0,0.1
2025-03-29 14:00:00,us-west-2,27.92,0.297,959.5,1.35
2025-03-29 15:00:00,us-west-2,31.97,0.174,1000.0,2.74
2025-03-29 16:00:00,us-west-2,26.61,0.223,1000.0,1.77
2025-03-29 17:00:00,us-west-2,20.7,0.68,1000.0,5.53
2025-03-29 18:00:00,us-west-2,23.49,0.477,1000.0,1.42
2025-03-29 19:00:00,us-west-2,32.34,0.052,813.6,0.93
2025-03-29 20:00:00,us-west-2,17.85,0.046,845.9,6.19
2025-03-29 21:00:00,us-west-2,22.17,0.526,728.9,1.31
2025-03-29 22:00:00,us-west-2,29.63,0.43,893.1,0.79
2025-03-29 23:00:00,us-west-2,19.36,0.207,813.5,0.26
2025-03-30 00:00:00,us-west-2,13.0,0.096,936.9,3.94
2025-03-30 01:00:00,us-west-2,13.61,0.34,689.4,4.36
2025-03-30 02:00:00,us-west-2,19.38,0.012,810.4,0.1
2025-03-30 03:00:00,us-west-2,16.18,0.252,710.9,1.11
2025-03-30 04:00:00,us-west-2,25.42,0.152,718.3,3.46
2025-03-30 05:00:00,us-west-2,22.88,1.143,922.7,7.31
2025-03-30 06:00:00,us-west-2,14.96,0.213,984.9,1.19
2025-03-30 07:00:00,us-west-2,16.74,0.241,570.1,5.14
2025-03-30 08:00:00,us-west-2,30.01,0.411,1000.0,1.25
2025-03-30 09:00:00,us-west-2,26.03,0.219,1000.0,0.49
2025-03-30 10:00:00,us-west-2,30.74,0.084,894.9,0.1
2025-03-30 11:00:00,us-west-2,29.55,0.254,1000.0,1.0
2025-03-30 12:00:00,us-west-2,20.93,0.953,1000.0,1.19
2025-03-30 13:00:00,us-west-2,28.65,0.174,1000.0,7.26
2025-03-30 14:00:00,us-west-2,27.44,0.376,1000.0,0.58
2025-03-30 15:00:00,us-west-2,17.86,1.26,1000.0,1.2
2025-03-30 16:00:00,us-west-2,20.13,0.585,1000.0,0.1
2025-03-30 17:00:00,us-west-2,34.55,0.355,1000.0,3.6
2025-03-30 18:00:00,us-west-2,95.94,0.439,1000.0,6.17
2025-03-30 19:00:00,us-west-2,83.87,0.827,987.1,0.68
2025-03-30 20:00:00,us-west-2,21.37,0.964,626.6,1.4
2025-03-30 21:00:00,us-west-2,22.61,1.042,830.6,0.33
2025-03-30 22:00:00,us-west-2,21.59,0.295,1000.0,1.53
2025-03-30 23:00:00,us-west-2,25.19,0.146,934.4,0.36
2025-03-01 00:00:00,eu-central-1,34.23,0.313,805.8,0.99
2025-03-01 01:00:00,eu-central-1,17.06,0.372,792.4,0.96
2025-03-01 02:00:00,eu-central-1,28.47,0.303,658.7,0.99
2025-03-01 03:00:00,eu-central-1,20.71,0.877,912.8,2.79
2025-03-01 04:00:00,eu-central-1,38.26,0.07,979.9,1.89
2025-03-01 05:00:00,eu-central-1,26.03,1.354,1000.0,1.22
2025-03-01 06:00:00,eu-central-1,31.13,0.533,886.6,0.4
2025-03-01 07:00:00,eu-central-1,27.85,0.267,758.0,0.1
2025-03-01 08:00:00,eu-central-1,28.32,0.358,840.3,0.62
2025-03-01 09:00:00,eu-central-1,27.75,0.345,1000.0,0.28
2025-03-01 10:00:00,eu-central-1,39.86,0.02,824.8,3.85
2025-03-01 11:00:00,eu-central-1,36.82,0.081,1000.0,0.3
2025-03-01 12:00:00,eu-central-1,41.59,1.075,1000.0,3.22
2025-03-01 13:00:00,eu-central-1,32.47,0.252,1000.0,1.22
2025-03-01 14:00:00,eu-central-1,33.59,0.157,1000.0,0.19
2025-03-01 15:00:00,eu-central-1,30.91,0.474,1000.0,4.19
2025-03-01 16:00:00,eu-central-1,30.81,0.245,728.2,2.17
2025-03-01 17:00:00,eu-central-1,27.17,0.004,1000.0,0.67
2025-03-01 18:00:00,eu-central-1,32.61,0.44,757.2,5.63
2025-03-01 19:00:00,eu-central-1,126.76,0.395,937.9,0.12
2025-03-01 20:00:00,eu-central-1,29.86,0.054,783.4,0.56
2025-03-01 21:00:00,eu-central-1,28.71,0.942,591.2,3.49
2025-03-01 22:00:00,eu-central-1,29.21,0.076,752.3,3.09
2025-03-01 23:00:00,eu-central-1,35.04,0.184,781.6,0.85
2025-03-02 00:00:00,eu-central-1,128.42,0.037,992.9,0.16
2025-03-02 01:00:00,eu-central-1,31.18,0.277,873.6,4.88
2025-03-02 02:00:00,eu-central-1,36.62,0.141,891.3,0.94
2025-03-02 03:00:00,eu-central-1,33.49,0.131,991.7,0.54
2025-03-02 04:00:00,eu-central-1,32.84,0.526,838.5,1.81
2025-03-02 05:00:00,eu-central-1,26.71,0.003,940.5,6.03
2025-03-02 06:00:00,eu-central-1,28.96,0.48,932.1,0.11
2025-03-02 07:00:00,eu-central-1,22.46,0.254,695.6,3.63
2025-03-02 08:00:00,eu-central-1,34.61,1.411,1000.0,2.12
2025-03-02 09:00:00,eu-central-1,33.53,0.886,883.4,1.39
2025-03-02 10:00:00,eu-central-1,32.31,0.019,1000.0,3.41
2025-03-02 11:00:00,eu-central-1,37.16,0.017,868.3,8.44
2025-03-02 12:00:00,eu-central-1,26.37,0.708,1000.0,0.65
2025-03-02 13:00:00,eu-central-1,40.1,0.607,1000.0,0.39
2025-03-02 14:00:00,eu-central-1,36.56,0.14,1000.0,6.1
2025-03-02 15:00:00,eu-central-1,31.86,0.318,1000.0,2.76
2025-03-02 16:00:00,eu-central-1,31.48,0.222,1000.0,1.44
2025-03-02 17:00:00,eu-central-1,34.52,1.127,1000.0,2.13
2025-03-02 18:00:00,eu-central-1,39.55,0.988,1000.0,3.42
2025-03-02 19:00:00,eu-central-1,28.43,1.238,873.1,3.71
2025-03-02 20:00:00,eu-central-1,28.6,0.604,811.6,6.31
2025-03-02 21:00:00,eu-central-1,28.08,0.721,785.2,1.39
2025-03-02 22:00:00,eu-central-1,35.48,0.073,738.0,0.87
2025-03-02 23:00:00,eu-central-1,26.45,0.533,774.7,2.55
2025-03-03 00:00:00,eu-central-1,27.88,0.37,807.9,1.34
2025-03-03 01:00:00,eu-central-1,34.15,0.987,791.5,2.26
2025-03-03 02:00:00,eu-central-1,28.62,0.254,771.0,1.36
2025-03-03 03:00:00,eu-central-1,32.78,0.027,1000.0,0.42
2025-03-03 04:00:00,eu-central-1,24.17,0.273,726.4,1.58
2025-03-03 05:00:00,eu-central-1,27.14,0.348,867.6,2.94
2025-03-03 06:00:00,eu-central-1,34.23,0.075,921.1,4.01
2025-03-03 07:00:00,eu-central-1,25.16,0.15,925.6,1.7
2025-03-03 08:00:00,eu-central-1,31.47,0.301,1000.0,0.45
2025-03-03 09:00:00,eu-central-1,33.44,0.155,1000.0,1.34
2025-03-03 10:00:00,eu-central-1,27.42,0.155,1000.0,3.86
2025-03-03 11:00:00,eu-central-1,30.2,0.047,1000.0,1.33
2025-03-03 12:00:00,eu-central-1,32.74,0.933,1000.0,2.98
2025-03-03 13:00:00,eu-central-1,32.43,0.458,861.3,1.77
2025-03-03 14:00:00,eu-central-1,38.38,0.0,1000.0,0.69
2025-03-03 15:00:00,eu-central-1,39.65,0.479,926.1,3.98
2025-03-03 16:00:00,eu-central-1,28.07,0.444,1000.0,0.22
2025-03-03 17:00:00,eu-central-1,32.74,0.003,1000.0,1.86
2025-03-03 18:00:00,eu-central-1,35.46,0.152,1000.0,0.59
2025-03-03 19:00:00,eu-central-1,34.37,0.28,1000.0,0.17
2025-03-03 20:00:00,eu-central-1,31.02,0.181,785.5,1.75
2025-03-03 21:00:00,eu-central-1,29.22,0.452,943.0,1.73
2025-03-03 22:00:00,eu-central-1,30.8,0.166,886.7,3.07
2025-03-03 23:00:00,eu-central-1,30.83,0.05,1000.0,3.41
2025-03-04 00:00:00,eu-central-1,24.1,1.124,919.1,3.25
2025-03-04 01:00:00,eu-central-1,28.81,0.083,729.0,1.32
2025-03-04 02:00:00,eu-central-1,34.13,0.379,643.2,2.5
2025-03-04 03:00:00,eu-central-1,27.13,0.046,887.4,2.15
2025-03-04 04:00:00,eu-central-1,28.54,0.12,786.6,1.37
2025-03-04 05:00:00,eu-central-1,26.98,0.175,732.4,2.27
2025-03-04 06:00:00,eu-central-1,18.28,0.064,697.9,7.36
2025-03-04 07:00:00,eu-central-1,28.09,0.179,869.3,0.54
2025-03-04 08:00:00,eu-central-1,33.66,0.056,1000.0,5.91
2025-03-04 09:00:00,eu-central-1,29.72,0.27,1000.0,0.14
2025-03-04 10:00:00,eu-central-1,26.62,0.36,1000.0,0.92
2025-03-04 11:00:00,eu-central-1,27.95,0.021,1000.0,0.85
2025-03-04 12:00:00,eu-central-1,35.89,0.676,903.9,2.46
2025-03-04 13:00:00,eu-central-1,41.73,0.068,1000.0,0.35
2025-03-04 14:00:00,eu-central-1,38.88,0.084,934.2,5.35
2025-03-04 15:00:00,eu-central-1,25.71,0.357,1000.0,4.41
2025-03-04 16:00:00,eu-central-1,36.33,0.209,1000.0,2.64
2025-03-04 17:00:00,eu-central-1,29.0,0.228,1000.0,1.53
2025-03-04 18:00:00,eu-central-1,29.39,0.045,939.9,6.76
2025-03-04 19:00:00,eu-central-1,26.06,0.492,896.9,4.44
2025-03-04 20:00:00,eu-central-1,30.97,0.288,749.2,1.73
2025-03-04 21:00:00,eu-central-1,32.03,0.044,788.7,3.03
2025-03-04 22:00:00,eu-central-1,27.59,0.141,413.8,2.09
2025-03-04 23:00:00,eu-central-1,27.66,0.499,1000.0,2.22
2025-03-05 00:00:00,eu-central-1,29.95,0.252,916.1,1.0
2025-03-05 01:00:00,eu-central-1,30.39,0.035,757.9,1.55
2025-03-05 02:00:00,eu-central-1,32.94,0.14,715.0,0.2
2025-03-05 03:00:00,eu-central-1,22.61,0.083,790.5,1.11
2025-03-05 04:00:00,eu-central-1,28.08,0.219,936.0,2.98
2025-03-05 05:00:00,eu-central-1,23.51,0.556,622.9,7.66
2025-03-05 06:00:00,eu-central-1,27.79,0.172,833.0,8.25
2025-03-05 07:00:00,eu-central-1,27.05,0.17,1000.0,2.03
2025-03-05 08:00:00,eu-central-1,31.97,0.778,928.1,2.33
2025-03-05 09:00:00,eu-central-1,28.34,0.283,1000.0,0.51
2025-03-05 10:00:00,eu-central-1,25.02,0.276,1000.0,2.97
2025-03-05 11:00:00,eu-central-1,22.08,0.1,1000.0,0.18
2025-03-05 12:00:00,eu-central-1,31.57,0.309,1000.0,0.84
2025-03-05 13:00:00,eu-central-1,30.12,0.283,1000.0,2.76
2025-03-05 14:00:00,eu-central-1,28.94,0.167,1000.0,0.93
2025-03-05 15:00:00,eu-central-1,38.59,1.543,1000.0,0.13
2025-03-05 16:00:00,eu-central-1,28.05,0.705,1000.0,4.46
2025-03-05 17:00:00,eu-central-1,39.04,0.457,799.4,0.93
2025-03-05 18:00:00,eu-central-1,180.01,0.254,1000.0,0.16
2025-03-05 19:00:00,eu-central-1,19.81,0.186,734.0,0.19
2025-03-05 20:00:00,eu-central-1,28.39,0.061,816.3,0.73
2025-03-05 21:00:00,eu-central-1,26.32,0.109,818.9,0.49
2025-03-05 22:00:00,eu-central-1,15.77,0.446,993.7,3.72
2025-03-05 23:00:00,eu-central-1,21.93,0.181,933.4,0.97
2025-03-06 00:00:00,eu-central-1,31.25,0.642,881.6,4.08
2025-03-06 01:00:00,eu-central-1,36.48,0.048,849.6,0.48
2025-03-06 02:00:00,eu-central-1,31.79,0.213,722.9,1.7
2025-03-06 03:00:00,eu-central-1,29.36,0.312,588.3,2.91
2025-03-06 04:00:00,eu-central-1,27.91,0.218,863.6,2.64
2025-03-06 05:00:00,eu-central-1,35.07,0.66,945.4,2.3
2025-03-06 06:00:00,eu-central-1,37.02,1.369,837.0,6.47
2025-03-06 07:00:00,eu-central-1,25.54,0.037,785.8,0.65
2025-03-06 08:00:00,eu-central-1,22.54,0.046,1000.0,1.7
2025-03-06 09:00:00,eu-central-1,22.07,0.046,1000.0,5.39
2025-03-06 10:00:00,eu-central-1,38.58,0.377,1000.0,0.2
2025-03-06 11:00:00,eu-central-1,31.97,0.154,1000.0,0.14
2025-03-06 12:00:00,eu-central-1,33.09,0.436,1000.0,0.66
2025-03-06 13:00:00,eu-central-1,23.55,0.172,1000.0,2.51
2025-03-06 14:00:00,eu-central-1,28.56,0.326,903.7,0.75
2025-03-06 15:00:00,eu-central-1,30.77,0.485,1000.0,0.53
2025-03-06 16:00:00,eu-central-1,33.2,0.262,1000.0,1.53
2025-03-06 17:00:00,eu-central-1,30.27,0.256,1000.0,2.38
2025-03-06 18:00:00,eu-central-1,27.19,0.03,1000.0,0.71
2025-03-06 19:00:00,eu-central-1,24.7,0.159,904.3,0.89
2025-03-06 20:00:00,eu-central-1,33.07,0.237,1000.0,2.38
2025-03-06 21:00:00,eu-central-1,29.03,0.186,840.9,7.28
2025-03-06 22:00:00,eu-central-1,30.57,0.693,962.4,2.81
2025-03-06 23:00:00,eu-central-1,24.22,0.711,793.5,3.82
2025-03-07 00:00:00,eu-central-1,15.59,0.518,944.9,1.14
2025-03-07 01:00:00,eu-central-1,25.8,0.141,962.7,0.79
2025-03-07 02:00:00,eu-central-1,24.36,0.379,893.7,1.51
2025-03-07 03:00:00,eu-central-1,29.47,0.151,1000.0,4.11
2025-03-07 04:00:00,eu-central-1,41.8,0.079,743.9,1.52
2025-03-07 05:00:00,eu-central-1,30.92,0.126,791.5,4.69
2025-03-07 06:00:00,eu-central-1,39.49,0.022,875.5,11.22
2025-03-07 07:00:00,eu-central-1,30.39,0.121,955.7,0.19
2025-03-07 08:00:00,eu-central-1,29.16,0.204,1000.0,0.12
2025-03-07 09:00:00,eu-central-1,33.88,1.027,1000.0,0.41
2025-03-07 10:00:00,eu-central-1,40.8,0.124,1000.0,1.21
2025-03-07 11:00:00,eu-central-1,41.04,0.768,927.1,0.35
2025-03-07 12:00:00,eu-central-1,29.42,0.086,1000.0,5.11
2025-03-07 13:00:00,eu-central-1,33.42,0.07,1000.0,0.1
2025-03-07 14:00:00,eu-central-1,25.3,0.242,1000.0,0.95
2025-03-07 15:00:00,eu-central-1,36.18,0.368,1000.0,0.51
2025-03-07 16:00:00,eu-central-1,39.7,0.015,1000.0,6.7
2025-03-07 17:00:00,eu-central-1,32.39,0.082,1000.0,2.77
2025-03-07 18:00:00,eu-central-1,28.98,0.201,1000.0,6.08
2025-03-07 19:00:00,eu-central-1,29.51,0.121,813.4,8.97
2025-03-07 20:00:00,eu-central-1,29.75,0.374,825.6,1.72
2025-03-07 21:00:00,eu-central-1,28.34,0.215,801.6,0.67
2025-03-07 22:00:00,eu-central-1,28.75,0.052,952.8,0.54
2025-03-07 23:00:00,eu-central-1,27.27,0.675,873.3,0.63
2025-03-08 00:00:00,eu-central-1,32.18,0.104,1000.0,3.08
2025-03-08 01:00:00,eu-central-1,31.09,0.394,869.3,0.1
2025-03-08 02:00:00,eu-central-1,23.87,0.454,783.9,0.13
2025-03-08 03:00:00,eu-central-1,23.76,0.99,1000.0,2.34
2025-03-08 04:00:00,eu-central-1,26.93,0.207,899.6,2.57
2025-03-08 05:00:00,eu-central-1,31.09,0.287,968.8,2.74
2025-03-08 06:00:00,eu-central-1,28.62,0.122,921.1,1.16
2025-03-08 07:00:00,eu-central-1,25.3,0.34,924.8,4.1
2025-03-08 08:00:00,eu-central-1,33.46,0.205,1000.0,1.91
2025-03-08 09:00:00,eu-central-1,30.6,0.19,933.1,0.28
2025-03-08 10:00:00,eu-central-1,36.45,0.638,1000.0,3.99
2025-03-08 11:00:00,eu-central-1,33.81,0.017,898.3,7.65
2025-03-08 12:00:00,eu-central-1,30.68,0.705,1000.0,0.15
2025-03-08 13:00:00,eu-central-1,33.32,0.631,991.8,1.24
2025-03-08 14:00:00,eu-central-1,38.55,0.233,1000.0,1.67
2025-03-08 15:00:00,eu-central-1,29.45,0.222,1000.0,0.4
2025-03-08 16:00:00,eu-central-1,34.14,0.148,1000.0,5.06
2025-03-08 17:00:00,eu-central-1,31.86,1.698,1000.0,0.84
2025-03-08 18:00:00,eu-central-1,34.26,0.039,1000.0,3.82
2025-03-08 19:00:00,eu-central-1,25.25,0.268,818.7,2.78
2025-03-08 20:00:00,eu-central-1,28.46,0.343,960.4,2.28
2025-03-08 21:00:00,eu-central-1,32.65,0.817,978.1,0.53
2025-03-08 22:00:00,eu-central-1,24.06,0.455,712.4,0.62
2025-03-08 23:00:00,eu-central-1,22.42,0.31,666.3,0.12
2025-03-09 00:00:00,eu-central-1,22.58,0.037,762.8,0.69
2025-03-09 01:00:00,eu-central-1,23.08,0.14,975.4,1.06
2025-03-09 02:00:00,eu-central-1,30.5,0.045,995.8,4.48
2025-03-09 03:00:00,eu-central-1,22.1,0.639,739.0,1.14
2025-03-09 04:00:00,eu-central-1,26.75,0.415,886.9,3.51
2025-03-09 05:00:00,eu-central-1,30.6,0.425,1000.0,1.45
2025-03-09 06:00:00,eu-central-1,29.75,0.317,899.8,3.84
2025-03-09 07:00:00,eu-central-1,26.38,0.212,1000.0,9.35
2025-03-09 08:00:00,eu-central-1,33.12,0.054,1000.0,0.69
2025-03-09 09:00:00,eu-central-1,32.72,0.132,963.0,4.96
2025-03-09 10:00:00,eu-central-1,31.12,0.049,1000.0,2.43
2025-03-09 11:00:00,eu-central-1,31.18,0.426,1000.0,4.25
2025-03-09 12:00:00,eu-central-1,43.0,0.058,1000.0,2.64
2025-03-09 13:00:00,eu-central-1,36.11,0.4,1000.0,1.38
2025-03-09 14:00:00,eu-central-1,44.18,0.389,1000.0,0.65
2025-03-09 15:00:00,eu-central-1,29.8,0.203,647.0,0.18
2025-03-09 16:00:00,eu-central-1,31.79,0.048,900.2,1.92
2025-03-09 17:00:00,eu-central-1,25.77,0.125,763.8,11.6
2025-03-09 18:00:00,eu-central-1,28.29,0.127,1000.0,3.35
2025-03-09 19:00:00,eu-central-1,35.99,0.362,878.9,0.99
2025-03-09 20:00:00,eu-central-1,25.81,0.036,884.0,4.39
2025-03-09 21:00:00,eu-central-1,36.06,0.53,734.9,3.66
2025-03-09 22:00:00,eu-central-1,22.78,0.429,930.9,0.83
2025-03-09 23:00:00,eu-central-1,23.58,0.062,936.0,0.1
2025-03-10 00:00:00,eu-central-1,26.57,0.381,699.4,0.31
2025-03-10 01:00:00,eu-central-1,27.73,0.331,674.1,5.25
2025-03-10 02:00:00,eu-central-1,31.88,0.414,850.0,4.53
2025-03-10 03:00:00,eu-central-1,29.89,0.063,1000.0,0.87
2025-03-10 04:00:00,eu-central-1,26.25,0.051,1000.0,0.84
2025-03-10 05:00:00,eu-central-1,27.44,0.081,917.6,3.94
2025-03-10 06:00:00,eu-central-1,26.66,0.137,762.4,6.94
2025-03-10 07:00:00,eu-central-1,24.16,0.473,956.4,3.78
2025-03-10 08:00:00,eu-central-1,27.91,0.442,1000.0,2.33
2025-03-10 09:00:00,eu-central-1,37.16,4.704,985.3,0.69
2025-03-10 10:00:00,eu-central-1,23.37,0.02,770.5,1.87
2025-03-10 11:00:00,eu-central-1,40.01,0.004,1000.0,0.66
2025-03-10 12:00:00,eu-central-1,30.54,0.396,1000.0,4.13
2025-03-10 13:00:00,eu-central-1,28.47,0.108,1000.0,1.22
2025-03-10 14:00:00,eu-central-1,35.77,0.134,746.3,4.48
2025-03-10 15:00:00,eu-central-1,39.37,0.261,1000.0,1.2
2025-03-10 16:00:00,eu-central-1,37.6,0.036,725.7,4.35
2025-03-10 17:00:00,eu-central-1,34.62,0.34,1000.0,1.01
2025-03-10 18:00:00,eu-central-1,37.45,0.13,1000.0,1.45
2025-03-10 19:00:00,eu-central-1,20.79,0.3,816.6,2.39
2025-03-10 20:00:00,eu-central-1,25.81,0.539,917.5,0.18
2025-03-10 21:00:00,eu-central-1,119.8,0.056,732.6,7.4
2025-03-10 22:00:00,eu-central-1,33.14,0.802,858.7,2.13
2025-03-10 23:00:00,eu-central-1,26.39,0.227,945.4,1.77
2025-03-11 00:00:00,eu-central-1,31.55,0.769,478.7,4.57
2025-03-11 01:00:00,eu-central-1,30.25,0.07,796.3,5.02
2025-03-11 02:00:00,eu-central-1,24.38,0.278,847.3,1.85
2025-03-11 03:00:00,eu-central-1,25.53,0.82,826.4,6.55
2025-03-11 04:00:00,eu-central-1,33.43,0.446,1000.0,0.17
2025-03-11 05:00:00,eu-central-1,119.23,0.279,715.1,0.3
2025-03-11 06:00:00,eu-central-1,28.52,0.205,775.5,2.27
2025-03-11 07:00:00,eu-central-1,24.71,0.733,620.1,1.09
2025-03-11 08:00:00,eu-central-1,30.68,0.156,1000.0,1.56
2025-03-11 09:00:00,eu-central-1,31.98,0.082,1000.0,0.99
2025-03-11 10:00:00,eu-central-1,28.42,0.309,1000.0,1.3
2025-03-11 11:00:00,eu-central-1,27.56,0.323,1000.0,4.32
2025-03-11 12:00:00,eu-central-1,33.58,0.191,1000.0,2.25
2025-03-11 13:00:00,eu-central-1,28.12,0.22,1000.0,14.83
2025-03-11 14:00:00,eu-central-1,28.28,1.059,1000.0,3.86
2025-03-11 15:00:00,eu-central-1,27.66,0.435,1000.0,0.8
2025-03-11 16:00:00,eu-central-1,182.55,0.039,1000.0,0.77
2025-03-11 17:00:00,eu-central-1,36.76,0.079,1000.0,1.02
2025-03-11 18:00:00,eu-central-1,39.48,1.225,1000.0,4.63
2025-03-11 19:00:00,eu-central-1,24.95,0.389,669.8,0.1
2025-03-11 20:00:00,eu-central-1,37.03,0.74,854.8,0.65
2025-03-11 21:00:00,eu-central-1,23.78,0.109,944.0,5.88
2025-03-11 22:00:00,eu-central-1,32.55,0.406,776.4,2.55
2025-03-11 23:00:00,eu-central-1,24.97,0.376,753.1,0.64
2025-03-12 00:00:00,eu-central-1,24.34,0.105,1000.0,0.62
2025-03-12 01:00:00,eu-central-1,24.87,0.24,678.8,4.96
2025-03-12 02:00:00,eu-central-1,129.07,0.296,601.9,5.61
2025-03-12 03:00:00,eu-central-1,30.44,0.197,711.7,0.74
2025-03-12 04:00:00,eu-central-1,30.81,0.527,665.1,1.36
2025-03-12 05:00:00,eu-central-1,24.04,0.537,896.3,4.5
2025-03-12 06:00:00,eu-central-1,23.84,0.57,806.7,3.69
2025-03-12 07:00:00,eu-central-1,24.15,0.488,823.6,4.2
2025-03-12 08:00:00,eu-central-1,31.66,0.221,1000.0,1.83
2025-03-12 09:00:00,eu-central-1,31.18,0.159,997.2,6.06
2025-03-12 10:00:00,eu-central-1,27.61,0.587,1000.0,0.99
2025-03-12 11:00:00,eu-central-1,33.5,0.222,1000.0,0.43
2025-03-12 12:00:00,eu-central-1,43.13,0.093,1000.0,3.08
2025-03-12 13:00:00,eu-central-1,29.76,0.234,1000.0,1.94
2025-03-12 14:00:00,eu-central-1,30.11,0.05,1000.0,4.82
2025-03-12 15:00:00,eu-central-1,34.9,0.388,1000.0,0.21
2025-03-12 16:00:00,eu-central-1,29.5,0.135,859.8,4.64
2025-03-12 17:00:00,eu-central-1,35.43,0.1,848.3,0.87
2025-03-12 18:00:00,eu-central-1,28.73,1.035,1000.0,2.66
2025-03-12 19:00:00,eu-central-1,35.69,0.45,743.3,0.1
2025-03-12 20:00:00,eu-central-1,29.45,0.464,788.0,2.35
2025-03-12 21:00:00,eu-central-1,25.4,0.293,823.7,3.16
2025-03-12 22:00:00,eu-central-1,25.53,0.548,936.4,1.15
2025-03-12 23:00:00,eu-central-1,25.84,0.427,801.1,0.61
2025-03-13 00:00:00,eu-central-1,33.77,0.274,751.1,1.93
2025-03-13 01:00:00,eu-central-1,22.67,0.974,807.8,4.48
2025-03-13 02:00:00,eu-central-1,25.19,0.064,757.7,0.98
2025-03-13 03:00:00,eu-central-1,25.64,0.861,737.9,0.73
2025-03-13 04:00:00,eu-central-1,27.93,0.154,656.4,0.82
2025-03-13 05:00:00,eu-central-1,26.86,0.225,858.3,7.45
2025-03-13 06:00:00,eu-central-1,21.74,0.039,781.8,1.11
2025-03-13 07:00:00,eu-central-1,26.32,0.233,966.0,0.1
2025-03-13 08:00:00,eu-central-1,31.72,0.312,879.2,3.8
2025-03-13 09:00:00,eu-central-1,29.17,2.005,1000.0,3.0
2025-03-13 10:00:00,eu-central-1,35.52,1.22,1000.0,0.34
2025-03-13 11:00:00,eu-central-1,36.64,1.12,958.4,10.48
2025-03-13 12:00:00,eu-central-1,31.82,0.141,1000.0,2.34
2025-03-13 13:00:00,eu-central-1,33.31,1.564,915.3,1.74
2025-03-13 14:00:00,eu-central-1,21.76,0.201,894.6,1.2
2025-03-13 15:00:00,eu-central-1,92.86,0.63,1000.0,5.72
2025-03-13 16:00:00,eu-central-1,37.05,0.08,1000.0,0.7
2025-03-13 17:00:00,eu-central-1,30.15,0.233,1000.0,0.84
2025-03-13 18:00:00,eu-central-1,28.64,1.116,840.4,0.33
2025-03-13 19:00:00,eu-central-1,37.57,0.881,893.0,3.56
2025-03-13 20:00:00,eu-central-1,35.64,0.345,988.9,2.26
2025-03-13 21:00:00,eu-central-1,29.96,0.48,987.9,2.35
2025-03-13 22:00:00,eu-central-1,32.78,0.058,930.2,0.62
2025-03-13 23:00:00,eu-central-1,18.65,0.384,714.5,2.63
2025-03-14 00:00:00,eu-central-1,24.69,0.289,887.6,3.63
2025-03-14 01:00:00,eu-central-1,26.03,0.029,930.1,1.11
2025-03-14 02:00:00,eu-central-1,27.01,0.036,634.7,4.04
2025-03-14 03:00:00,eu-central-1,25.94,0.034,715.4,1.07
2025-03-14 04:00:00,eu-central-1,17.29,0.387,956.6,3.55
2025-03-14 05:00:00,eu-central-1,29.62,0.046,955.1,0.1
2025-03-14 06:00:00,eu-central-1,30.28,0.189,664.2,2.0
2025-03-14 07:00:00,eu-central-1,34.73,0.132,945.4,8.73
2025-03-14 08:00:00,eu-central-1,28.39,0.264,1000.0,9.94
2025-03-14 09:00:00,eu-central-1,28.0,0.405,1000.0,0.83
2025-03-14 10:00:00,eu-central-1,19.26,0.381,1000.0,1.46
2025-03-14 11:00:00,eu-central-1,109.64,0.239,1000.0,0.16
2025-03-14 12:00:00,eu-central-1,36.55,0.206,1000.0,5.17
2025-03-14 13:00:00,eu-central-1,29.25,0.167,1000.0,2.1
2025-03-14 14:00:00,eu-central-1,42.55,0.653,1000.0,1.22
2025-03-14 15:00:00,eu-central-1,101.73,0.133,1000.0,0.3
2025-03-14 16:00:00,eu-central-1,32.91,0.099,1000.0,7.33
2025-03-14 17:00:00,eu-central-1,25.62,0.449,1000.0,1.89
2025-03-14 18:00:00,eu-central-1,33.59,0.147,961.2,0.83
2025-03-14 19:00:00,eu-central-1,19.69,0.563,764.1,1.08
2025-03-14 20:00:00,eu-central-1,30.91,0.119,865.2,0.79
2025-03-14 21:00:00,eu-central-1,31.04,0.363,940.4,2.3
2025-03-14 22:00:00,eu-central-1,33.71,0.014,689.7,6.65
2025-03-14 23:00:00,eu-central-1,23.72,0.146,1000.0,4.86
2025-03-15 00:00:00,eu-central-1,28.67,0.126,887.0,1.54
2025-03-15 01:00:00,eu-central-1,30.37,0.509,906.0,4.38
2025-03-15 02:00:00,eu-central-1,29.86,1.024,838.3,1.38
2025-03-15 03:00:00,eu-central-1,24.37,0.185,852.3,0.73
2025-03-15 04:00:00,eu-central-1,17.95,0.523,832.2,10.25
2025-03-15 05:00:00,eu-central-1,29.46,0.361,972.1,0.91
2025-03-15 06:00:00,eu-central-1,27.36,1.027,849.0,0.98
2025-03-15 07:00:00,eu-central-1,25.62,0.5,942.0,11.44
2025-03-15 08:00:00,eu-central-1,35.89,0.027,1000.0,0.36
2025-03-15 09:00:00,eu-central-1,31.98,0.412,1000.0,3.57
2025-03-15 10:00:00,eu-central-1,25.83,0.253,979.6,6.86
2025-03-15 11:00:00,eu-central-1,22.87,0.005,1000.0,1.79
2025-03-15 12:00:00,eu-central-1,26.75,0.096,974.9,0.1
2025-03-15 13:00:00,eu-central-1,43.76,0.841,1000.0,1.18
2025-03-15 14:00:00,eu-central-1,35.69,0.859,1000.0,0.3
2025-03-15 15:00:00,eu-central-1,33.11,0.529,1000.0,1.35
2025-03-15 16:00:00,eu-central-1,31.32,1.322,1000.0,3.9
2025-03-15 17:00:00,eu-central-1,31.01,0.542,1000.0,1.44
2025-03-15 18:00:00,eu-central-1,37.84,0.003,1000.0,1.41
2025-03-15 19:00:00,eu-central-1,25.94,0.102,751.8,2.03
2025-03-15 20:00:00,eu-central-1,30.42,0.009,870.3,2.18
2025-03-15 21:00:00,eu-central-1,26.54,0.03,756.9,4.85
2025-03-15 22:00:00,eu-central-1,36.15,0.074,900.5,0.92
2025-03-15 23:00:00,eu-central-1,119.14,0.21,848.1,4.31
2025-03-16 00:00:00,eu-central-1,33.23,0.564,831.4,2.09
2025-03-16 01:00:00,eu-central-1,151.19,0.594,992.6,0.89
2025-03-16 02:00:00,eu-central-1,126.11,0.287,771.5,0.87
2025-03-16 03:00:00,eu-central-1,26.69,0.79,920.4,1.12
2025-03-16 04:00:00,eu-central-1,28.46,0.208,757.7,2.44
2025-03-16 05:00:00,eu-central-1,34.87,0.66,863.5,0.66
2025-03-16 06:00:00,eu-central-1,23.62,0.182,706.5,6.32
2025-03-16 07:00:00,eu-central-1,28.85,0.097,770.5,2.14
2025-03-16 08:00:00,eu-central-1,34.32,0.819,1000.0,6.31
2025-03-16 09:00:00,eu-central-1,34.71,0.162,1000.0,0.12
2025-03-16 10:00:00,eu-central-1,30.02,0.231,1000.0,1.05
2025-03-16 11:00:00,eu-central-1,42.28,0.132,1000.0,0.1
2025-03-16 12:00:00,eu-central-1,127.17,0.359,1000.0,0.79
2025-03-16 13:00:00,eu-central-1,39.25,1.751,1000.0,4.95
2025-03-16 14:00:00,eu-central-1,38.07,0.009,1000.0,0.1
2025-03-16 15:00:00,eu-central-1,41.38,0.759,1000.0,1.43
2025-03-16 16:00:00,eu-central-1,24.53,0.001,1000.0,0.31
2025-03-16 17:00:00,eu-central-1,28.0,0.149,1000.0,1.35
2025-03-16 18:00:00,eu-central-1,39.41,0.061,1000.0,4.56
2025-03-16 19:00:00,eu-central-1,20.12,0.425,611.3,2.44
2025-03-16 20:00:00,eu-central-1,21.25,0.016,962.3,3.34
2025-03-16 21:00:00,eu-central-1,25.95,0.242,981.4,1.07
2025-03-16 22:00:00,eu-central-1,28.81,0.105,1000.0,7.22
2025-03-16 23:00:00,eu-central-1,34.69,0.043,900.7,3.09
2025-03-17 00:00:00,eu-central-1,27.22,0.443,820.2,1.37
2025-03-17 01:00:00,eu-central-1,25.45,0.074,950.2,1.39
2025-03-17 02:00:00,eu-central-1,29.31,0.076,952.0,6.27
2025-03-17 03:00:00,eu-central-1,29.97,0.097,1000.0,2.15
2025-03-17 04:00:00,eu-central-1,29.85,0.265,844.6,3.06
2025-03-17 05:00:00,eu-central-1,27.25,0.323,830.1,1.35
2025-03-17 06:00:00,eu-central-1,19.79,0.005,764.1,0.63
2025-03-17 07:00:00,eu-central-1,24.15,0.083,914.5,3.21
2025-03-17 08:00:00,eu-central-1,39.06,0.186,863.5,2.34
2025-03-17 09:00:00,eu-central-1,33.1,0.133,1000.0,1.74
2025-03-17 10:00:00,eu-central-1,30.64,0.711,1000.0,2.45
2025-03-17 11:00:00,eu-central-1,37.6,0.511,1000.0,0.58
2025-03-17 12:00:00,eu-central-1,26.74,0.324,1000.0,3.95
2025-03-17 13:00:00,eu-central-1,31.11,0.136,1000.0,7.4
2025-03-17 14:00:00,eu-central-1,32.87,0.398,1000.0,5.54
2025-03-17 15:00:00,eu-central-1,30.07,0.612,1000.0,0.97
2025-03-17 16:00:00,eu-central-1,32.69,0.298,1000.0,1.3
2025-03-17 17:00:00,eu-central-1,31.29,0.506,967.8,4.13
2025-03-17 18:00:00,eu-central-1,25.44,0.456,1000.0,2.26
2025-03-17 19:00:00,eu-central-1,28.76,0.254,730.0,1.98
2025-03-17 20:00:00,eu-central-1,22.42,0.423,980.0,6.53
2025-03-17 21:00:00,eu-central-1,28.7,0.411,1000.0,1.92
2025-03-17 22:00:00,eu-central-1,161.59,0.07,744.5,1.81
2025-03-17 23:00:00,eu-central-1,26.82,0.454,827.7,0.11
2025-03-18 00:00:00,eu-central-1,23.08,0.49,852.0,0.18
2025-03-18 01:00:00,eu-central-1,27.47,2.078,956.1,0.1
2025-03-18 02:00:00,eu-central-1,24.51,0.192,1000.0,6.11
2025-03-18 03:00:00,eu-central-1,30.5,0.064,647.7,1.31
2025-03-18 04:00:00,eu-central-1,27.38,0.032,811.8,1.58
2025-03-18 05:00:00,eu-central-1,35.18,0.408,818.1,4.67
2025-03-18 06:00:00,eu-central-1,32.88,0.652,681.9,2.35
2025-03-18 07:00:00,eu-central-1,27.36,0.316,791.8,2.35
2025-03-18 08:00:00,eu-central-1,35.66,0.051,1000.0,0.88
2025-03-18 09:00:00,eu-central-1,30.3,0.901,1000.0,4.49
2025-03-18 10:00:00,eu-central-1,32.36,1.491,864.0,0.45
2025-03-18 11:00:00,eu-central-1,30.45,0.187,1000.0,0.14
2025-03-18 12:00:00,eu-central-1,35.9,0.298,1000.0,0.53
2025-03-18 13:00:00,eu-central-1,39.12,0.496,1000.0,0.78
2025-03-18 14:00:00,eu-central-1,36.06,0.44,933.7,0.83
2025-03-18 15:00:00,eu-central-1,36.65,6.424,1000.0,2.78
2025-03-18 16:00:00,eu-central-1,36.66,0.04,1000.0,0.61
2025-03-18 17:00:00,eu-central-1,34.86,0.287,810.4,2.82
2025-03-18 18:00:00,eu-central-1,26.7,0.389,938.0,0.24
2025-03-18 19:00:00,eu-central-1,35.14,0.662,945.4,0.4
2025-03-18 20:00:00,eu-central-1,35.58,0.622,1000.0,1.78
2025-03-18 21:00:00,eu-central-1,27.02,1.145,894.1,6.37
2025-03-18 22:00:00,eu-central-1,26.44,0.215,982.4,4.91
2025-03-18 23:00:00,eu-central-1,30.57,0.533,831.3,8.66
2025-03-19 00:00:00,eu-central-1,30.31,0.167,839.6,2.63
2025-03-19 01:00:00,eu-central-1,27.15,0.165,980.9,2.82
2025-03-19 02:00:00,eu-central-1,22.75,0.088,1000.0,2.45
2025-03-19 03:00:00,eu-central-1,29.28,0.512,1000.0,2.44
2025-03-19 04:00:00,eu-central-1,30.32,1.277,722.0,0.4
2025-03-19 05:00:00,eu-central-1,31.05,0.089,842.0,1.96
2025-03-19 06:00:00,eu-central-1,29.47,0.017,883.3,1.22
2025-03-19 07:00:00,eu-central-1,26.86,0.507,818.8,1.46
2025-03-19 08:00:00,eu-central-1,37.0,0.32,1000.0,1.85
2025-03-19 09:00:00,eu-central-1,32.52,1.06,1000.0,0.34
2025-03-19 10:00:00,eu-central-1,29.95,0.096,1000.0,1.11
2025-03-19 11:00:00,eu-central-1,31.33,0.024,1000.0,0.16
2025-03-19 12:00:00,eu-central-1,23.77,0.224,1000.0,9.74
2025-03-19 13:00:00,eu-central-1,149.44,0.029,892.2,0.32
2025-03-19 14:00:00,eu-central-1,35.53,0.1,1000.0,0.75
2025-03-19 15:00:00,eu-central-1,33.84,0.044,1000.0,5.55
2025-03-19 16:00:00,eu-central-1,39.54,0.339,1000.0,1.65
2025-03-19 17:00:00,eu-central-1,30.93,0.037,1000.0,0.36
2025-03-19 18:00:00,eu-central-1,34.55,1.015,1000.0,1.21
2025-03-19 19:00:00,eu-central-1,31.33,0.098,873.0,0.31
2025-03-19 20:00:00,eu-central-1,37.84,0.176,850.8,0.56
2025-03-19 21:00:00,eu-central-1,28.61,0.687,739.2,0.13
2025-03-19 22:00:00,eu-central-1,23.61,0.339,576.2,1.44
2025-03-19 23:00:00,eu-central-1,31.56,0.289,716.6,4.11
2025-03-20 00:00:00,eu-central-1,35.84,0.367,803.2,2.2
2025-03-20 01:00:00,eu-central-1,26.65,1.969,981.7,2.33
2025-03-20 02:00:00,eu-central-1,31.53,0.63,837.6,0.56
2025-03-20 03:00:00,eu-central-1,33.16,0.309,787.7,1.05
2025-03-20 04:00:00,eu-central-1,32.27,0.662,743.1,4.66
2025-03-20 05:00:00,eu-central-1,28.53,0.23,928.8,0.23
2025-03-20 06:00:00,eu-central-1,25.07,0.097,1000.0,4.88
2025-03-20 07:00:00,eu-central-1,27.66,0.636,977.6,1.65
2025-03-20 08:00:00,eu-central-1,34.42,0.257,1000.0,4.54
2025-03-20 09:00:00,eu-central-1,36.59,0.781,874.8,0.96
2025-03-20 10:00:00,eu-central-1,33.81,0.014,1000.0,1.03
2025-03-20 11:00:00,eu-central-1,30.37,0.167,1000.0,3.48
2025-03-20 12:00:00,eu-central-1,34.88,0.974,1000.0,3.84
2025-03-20 13:00:00,eu-central-1,36.35,0.095,865.1,0.65
2025-03-20 14:00:00,eu-central-1,34.03,0.937,1000.0,9.02
2025-03-20 15:00:00,eu-central-1,28.16,1.015,1000.0,0.22
2025-03-20 16:00:00,eu-central-1,31.32,0.706,986.1,0.18
2025-03-20 17:00:00,eu-central-1,36.78,0.274,744.8,2.26
2025-03-20 18:00:00,eu-central-1,25.52,0.344,1000.0,3.21
2025-03-20 19:00:00,eu-central-1,19.21,0.611,755.5,8.1
2025-03-20 20:00:00,eu-central-1,34.33,0.449,755.9,1.3
2025-03-20 21:00:00,eu-central-1,30.15,0.298,807.4,0.1
2025-03-20 22:00:00,eu-central-1,30.55,1.21,834.0,2.31
2025-03-20 23:00:00,eu-central-1,23.48,0.347,848.9,0.86
2025-03-21 00:00:00,eu-central-1,31.1,1.113,743.9,1.42
2025-03-21 01:00:00,eu-central-1,29.16,0.018,823.6,1.68
2025-03-21 02:00:00,eu-central-1,21.35,0.045,639.1,0.17
2025-03-21 03:00:00,eu-central-1,33.98,0.18,887.3,1.66
2025-03-21 04:00:00,eu-central-1,28.67,0.146,507.2,1.39
2025-03-21 05:00:00,eu-central-1,95.47,0.458,815.3,3.12
2025-03-21 06:00:00,eu-central-1,26.41,0.053,960.3,2.59
2025-03-21 07:00:00,eu-central-1,19.54,1.12,722.9,0.51
2025-03-21 08:00:00,eu-central-1,35.07,0.125,1000.0,0.58
2025-03-21 09:00:00,eu-central-1,33.46,0.185,1000.0,0.72
2025-03-21 10:00:00,eu-central-1,31.26,0.106,589.0,0.49
2025-03-21 11:00:00,eu-central-1,38.38,0.286,1000.0,2.68
2025-03-21 12:00:00,eu-central-1,25.52,0.02,656.4,12.98
2025-03-21 13:00:00,eu-central-1,29.32,0.054,1000.0,2.64
2025-03-21 14:00:00,eu-central-1,28.09,0.452,1000.0,2.33
2025-03-21 15:00:00,eu-central-1,30.85,0.068,717.7,1.32
2025-03-21 16:00:00,eu-central-1,32.53,0.089,1000.0,0.94
2025-03-21 17:00:00,eu-central-1,34.28,0.52,1000.0,6.05
2025-03-21 18:00:00,eu-central-1,30.52,0.032,972.6,8.68
2025-03-21 19:00:00,eu-central-1,24.32,0.173,1000.0,1.72
2025-03-21 20:00:00,eu-central-1,35.08,0.007,634.5,0.86
2025-03-21 21:00:00,eu-central-1,38.13,0.128,702.5,3.68
2025-03-21 22:00:00,eu-central-1,28.6,0.36,574.1,0.36
2025-03-21 23:00:00,eu-central-1,24.82,0.028,1000.0,3.63
2025-03-22 00:00:00,eu-central-1,143.12,0.658,889.9,4.27
2025-03-22 01:00:00,eu-central-1,21.92,0.721,929.1,0.33
2025-03-22 02:00:00,eu-central-1,26.59,0.033,886.1,9.42
2025-03-22 03:00:00,eu-central-1,25.08,1.404,918.9,10.59
2025-03-22 04:00:00,eu-central-1,23.13,0.106,859.4,6.9
2025-03-22 05:00:00,eu-central-1,26.82,0.026,882.5,1.71
2025-03-22 06:00:00,eu-central-1,24.37,0.002,862.9,0.71
2025-03-22 07:00:00,eu-central-1,28.05,0.158,777.0,2.18
2025-03-22 08:00:00,eu-central-1,32.33,0.328,1000.0,1.36
2025-03-22 09:00:00,eu-central-1,29.2,0.133,1000.0,0.58
2025-03-22 10:00:00,eu-central-1,30.41,0.598,1000.0,1.38
2025-03-22 11:00:00,eu-central-1,31.08,0.416,874.5,2.73
2025-03-22 12:00:00,eu-central-1,36.11,0.142,895.2,0.18
2025-03-22 13:00:00,eu-central-1,31.48,0.437,1000.0,1.01
2025-03-22 14:00:00,eu-central-1,36.18,0.931,1000.0,0.1
2025-03-22 15:00:00,eu-central-1,35.03,0.032,1000.0,3.46
2025-03-22 16:00:00,eu-central-1,34.96,0.121,934.6,2.56
2025-03-22 17:00:00,eu-central-1,38.9,0.205,875.2,0.16
2025-03-22 18:00:00,eu-central-1,26.79,0.227,973.4,8.36
2025-03-22 19:00:00,eu-central-1,26.01,0.234,823.3,0.1
2025-03-22 20:00:00,eu-central-1,35.41,0.107,770.2,2.23
2025-03-22 21:00:00,eu-central-1,26.92,0.33,1000.0,3.74
2025-03-22 22:00:00,eu-central-1,16.18,0.311,871.5,3.88
2025-03-22 23:00:00,eu-central-1,27.15,0.259,1000.0,0.1
2025-03-23 00:00:00,eu-central-1,28.57,0.036,898.5,5.92
2025-03-23 01:00:00,eu-central-1,17.01,0.194,560.5,6.27
2025-03-23 02:00:00,eu-central-1,33.6,0.132,976.7,2.06
2025-03-23 03:00:00,eu-central-1,25.0,0.203,668.9,1.64
2025-03-23 04:00:00,eu-central-1,29.38,0.765,877.7,0.11
2025-03-23 05:00:00,eu-central-1,27.05,0.196,757.0,2.06
2025-03-23 06:00:00,eu-central-1,22.59,0.004,1000.0,1.32
2025-03-23 07:00:00,eu-central-1,23.5,0.173,1000.0,3.7
2025-03-23 08:00:00,eu-central-1,27.68,0.567,989.3,1.29
2025-03-23 09:00:00,eu-central-1,37.44,0.5,1000.0,2.88
2025-03-23 10:00:00,eu-central-1,31.49,0.238,1000.0,0.27
2025-03-23 11:00:00,eu-central-1,107.52,0.095,1000.0,0.36
2025-03-23 12:00:00,eu-central-1,27.69,0.206,1000.0,0.38
2025-03-23 13:00:00,eu-central-1,37.98,0.274,945.1,0.12
2025-03-23 14:00:00,eu-central-1,39.27,2.957,993.1,1.95
2025-03-23 15:00:00,eu-central-1,37.92,0.341,1000.0,3.95
2025-03-23 16:00:00,eu-central-1,34.58,0.391,1000.0,2.36
2025-03-23 17:00:00,eu-central-1,33.6,0.223,1000.0,2.14
2025-03-23 18:00:00,eu-central-1,26.33,0.144,984.3,2.85
2025-03-23 19:00:00,eu-central-1,26.97,0.503,927.8,1.04
2025-03-23 20:00:00,eu-central-1,25.13,0.205,803.6,1.12
2025-03-23 21:00:00,eu-central-1,20.33,1.571,956.8,0.94
2025-03-23 22:00:00,eu-central-1,32.44,0.183,1000.0,3.11
2025-03-23 23:00:00,eu-central-1,25.08,0.021,806.9,0.44
2025-03-24 00:00:00,eu-central-1,33.02,0.344,946.2,0.1
2025-03-24 01:00:00,eu-central-1,31.7,0.014,760.6,2.27
2025-03-24 02:00:00,eu-central-1,167.99,0.087,836.5,7.13
2025-03-24 03:00:00,eu-central-1,30.57,0.131,853.5,2.35
2025-03-24 04:00:00,eu-central-1,25.42,0.404,826.8,3.82
2025-03-24 05:00:00,eu-central-1,35.8,0.205,1000.0,2.79
2025-03-24 06:00:00,eu-central-1,28.18,0.043,813.2,1.72
2025-03-24 07:00:00,eu-central-1,29.27,0.288,920.4,3.17
2025-03-24 08:00:00,eu-central-1,29.06,0.175,803.9,4.34
2025-03-24 09:00:00,eu-central-1,27.7,0.841,1000.0,0.64
2025-03-24 10:00:00,eu-central-1,34.51,0.228,1000.0,1.02
2025-03-24 11:00:00,eu-central-1,33.25,0.407,1000.0,0.63
2025-03-24 12:00:00,eu-central-1,28.39,0.082,713.4,1.5
2025-03-24 13:00:00,eu-central-1,25.25,0.472,1000.0,5.41
2025-03-24 14:00:00,eu-central-1,26.07,0.421,1000.0,1.06
2025-03-24 15:00:00,eu-central-1,37.98,0.774,1000.0,1.17
2025-03-24 16:00:00,eu-central-1,29.24,0.011,1000.0,4.92
2025-03-24 17:00:00,eu-central-1,30.56,0.196,1000.0,1.81
2025-03-24 18:00:00,eu-central-1,39.21,0.375,971.4,1.92
2025-03-24 19:00:00,eu-central-1,23.29,0.03,710.0,4.93
2025-03-24 20:00:00,eu-central-1,24.95,0.159,873.8,1.69
2025-03-24 21:00:00,eu-central-1,24.77,0.855,907.5,2.86
2025-03-24 22:00:00,eu-central-1,34.8,0.172,784.5,0.22
2025-03-24 23:00:00,eu-central-1,36.37,1.268,943.4,0.49
2025-03-25 00:00:00,eu-central-1,31.16,0.018,905.8,1.3
2025-03-25 01:00:00,eu-central-1,31.29,0.38,855.2,1.71
2025-03-25 02:00:00,eu-central-1,25.56,0.261,741.7,8.43
2025-03-25 03:00:00,eu-central-1,36.18,0.208,792.2,8.82
2025-03-25 04:00:00,eu-central-1,29.12,1.061,558.4,4.76
2025-03-25 05:00:00,eu-central-1,31.58,0.042,878.3,0.95
2025-03-25 06:00:00,eu-central-1,27.56,0.679,853.2,8.31
2025-03-25 07:00:00,eu-central-1,26.87,0.353,872.6,2.92
2025-03-25 08:00:00,eu-central-1,40.23,0.099,1000.0,1.25
2025-03-25 09:00:00,eu-central-1,34.81,0.765,1000.0,3.02
2025-03-25 10:00:00,eu-central-1,39.21,0.185,1000.0,0.1
2025-03-25 11:00:00,eu-central-1,33.43,0.555,1000.0,0.4
2025-03-25 12:00:00,eu-central-1,28.1,0.162,885.9,4.43
2025-03-25 13:00:00,eu-central-1,29.38,0.628,1000.0,2.59
2025-03-25 14:00:00,eu-central-1,32.7,0.334,1000.0,1.13
2025-03-25 15:00:00,eu-central-1,29.17,0.05,990.2,1.74
2025-03-25 16:00:00,eu-central-1,26.85,0.346,1000.0,5.89
2025-03-25 17:00:00,eu-central-1,38.0,0.07,1000.0,2.5
2025-03-25 18:00:00,eu-central-1,29.57,0.175,1000.0,1.27
2025-03-25 19:00:00,eu-central-1,28.58,0.307,864.0,0.32
2025-03-25 20:00:00,eu-central-1,152.98,0.033,939.6,0.87
2025-03-25 21:00:00,eu-central-1,25.53,0.071,958.1,9.58
2025-03-25 22:00:00,eu-central-1,34.09,0.231,933.3,1.44
2025-03-25 23:00:00,eu-central-1,23.31,0.197,597.3,1.6
2025-03-26 00:00:00,eu-central-1,29.1,0.209,993.3,1.73
2025-03-26 01:00:00,eu-central-1,29.03,0.085,1000.0,5.39
2025-03-26 02:00:00,eu-central-1,27.77,0.347,792.1,2.32
2025-03-26 03:00:00,eu-central-1,22.55,0.365,878.4,2.96
2025-03-26 04:00:00,eu-central-1,31.66,0.133,743.1,1.23
2025-03-26 05:00:00,eu-central-1,31.12,0.639,616.2,0.1
2025-03-26 06:00:00,eu-central-1,25.16,0.31,761.4,6.68
2025-03-26 07:00:00,eu-central-1,30.97,0.375,785.2,7.45
2025-03-26 08:00:00,eu-central-1,34.01,0.107,1000.0,7.45
2025-03-26 09:00:00,eu-central-1,26.01,0.0,955.4,7.19
2025-03-26 10:00:00,eu-central-1,28.08,0.662,990.6,4.22
2025-03-26 11:00:00,eu-central-1,37.7,0.57,1000.0,2.88
2025-03-26 12:00:00,eu-central-1,33.69,0.043,984.8,4.65
2025-03-26 13:00:00,eu-central-1,29.47,0.155,1000.0,2.29
2025-03-26 14:00:00,eu-central-1,28.05,0.357,1000.0,0.36
2025-03-26 15:00:00,eu-central-1,29.71,0.348,1000.0,1.24
2025-03-26 16:00:00,eu-central-1,30.05,0.65,1000.0,8.88
2025-03-26 17:00:00,eu-central-1,28.11,0.05,1000.0,1.08
2025-03-26 18:00:00,eu-central-1,23.79,0.185,1000.0,5.06
2025-03-26 19:00:00,eu-central-1,32.79,0.031,885.2,0.24
2025-03-26 20:00:00,eu-central-1,32.08,0.148,889.2,1.02
2025-03-26 21:00:00,eu-central-1,22.65,0.005,788.4,1.08
2025-03-26 22:00:00,eu-central-1,28.57,0.686,944.0,0.13
2025-03-26 23:00:00,eu-central-1,24.21,0.225,682.2,0.32
2025-03-27 00:00:00,eu-central-1,26.9,0.569,820.7,0.54
2025-03-27 01:00:00,eu-central-1,26.55,0.019,916.7,4.55
2025-03-27 02:00:00,eu-central-1,26.2,0.077,815.5,0.16
2025-03-27 03:00:00,eu-central-1,36.41,0.49,825.2,0.89
2025-03-27 04:00:00,eu-central-1,26.15,0.147,833.5,0.1
2025-03-27 05:00:00,eu-central-1,24.61,0.487,749.7,2.97
2025-03-27 06:00:00,eu-central-1,24.8,0.147,990.9,2.42
2025-03-27 07:00:00,eu-central-1,32.38,0.069,727.8,2.59
2025-03-27 08:00:00,eu-central-1,24.22,0.106,1000.0,1.17
2025-03-27 09:00:00,eu-central-1,28.52,0.027,1000.0,0.58
2025-03-27 10:00:00,eu-central-1,39.19,0.471,957.0,3.19
2025-03-27 11:00:00,eu-central-1,33.38,0.194,1000.0,4.17
2025-03-27 12:00:00,eu-central-1,33.13,0.427,963.1,0.37
2025-03-27 13:00:00,eu-central-1,42.5,0.378,1000.0,1.67
2025-03-27 14:00:00,eu-central-1,33.39,0.048,927.3,0.71
2025-03-27 15:00:00,eu-central-1,28.78,0.051,1000.0,0.46
2025-03-27 16:00:00,eu-central-1,30.84,0.465,914.0,3.31
2025-03-27 17:00:00,eu-central-1,26.72,0.422,893.2,1.93
2025-03-27 18:00:00,eu-central-1,38.27,0.157,1000.0,0.61
2025-03-27 19:00:00,eu-central-1,30.41,0.024,915.1,0.93
2025-03-27 20:00:00,eu-central-1,32.72,0.004,866.8,8.5
2025-03-27 21:00:00,eu-central-1,33.09,0.102,771.2,4.72
2025-03-27 22:00:00,eu-central-1,26.26,0.003,958.9,5.3
2025-03-27 23:00:00,eu-central-1,24.03,0.078,751.1,1.54
2025-03-28 00:00:00,eu-central-1,27.78,0.163,945.2,2.44
2025-03-28 01:00:00,eu-central-1,24.33,0.039,745.3,1.18
2025-03-28 02:00:00,eu-central-1,28.69,0.033,772.7,0.2
2025-03-28 03:00:00,eu-central-1,32.75,0.68,941.0,1.28
2025-03-28 04:00:00,eu-central-1,27.29,0.264,953.7,2.25
2025-03-28 05:00:00,eu-central-1,28.63,0.818,921.7,0.85
2025-03-28 06:00:00,eu-central-1,27.61,0.127,724.0,4.71
2025-03-28 07:00:00,eu-central-1,31.37,0.339,796.4,0.41
2025-03-28 08:00:00,eu-central-1,28.97,0.076,1000.0,1.14
2025-03-28 09:00:00,eu-central-1,21.59,0.318,972.5,0.33
2025-03-28 10:00:00,eu-central-1,34.47,0.046,1000.0,1.3
2025-03-28 11:00:00,eu-central-1,36.97,0.001,730.3,0.1
2025-03-28 12:00:00,eu-central-1,34.36,0.885,983.5,0.8
2025-03-28 13:00:00,eu-central-1,29.11,0.267,1000.0,1.28
2025-03-28 14:00:00,eu-central-1,26.72,0.863,661.3,1.63
2025-03-28 15:00:00,eu-central-1,34.59,0.134,887.2,1.96
2025-03-28 16:00:00,eu-central-1,32.88,0.131,1000.0,0.8
2025-03-28 17:00:00,eu-central-1,31.59,0.169,1000.0,1.85
2025-03-28 18:00:00,eu-central-1,41.0,0.404,1000.0,1.78
2025-03-28 19:00:00,eu-central-1,24.02,0.25,1000.0,0.95
2025-03-28 20:00:00,eu-central-1,35.46,4.013,902.0,4.43
2025-03-28 21:00:00,eu-central-1,28.13,0.008,887.6,1.97
2025-03-28 22:00:00,eu-central-1,20.29,0.37,857.9,1.01
2025-03-28 23:00:00,eu-central-1,27.25,0.12,531.4,7.36
2025-03-29 00:00:00,eu-central-1,32.03,0.06,682.7,4.66
2025-03-29 01:00:00,eu-central-1,26.47,0.214,862.1,10.13
2025-03-29 02:00:00,eu-central-1,21.81,0.211,923.9,2.95
2025-03-29 03:00:00,eu-central-1,27.31,0.044,884.8,1.19
2025-03-29 04:00:00,eu-central-1,24.4,0.068,742.9,0.82
2025-03-29 05:00:00,eu-central-1,30.07,0.157,962.5,2.72
2025-03-29 06:00:00,eu-central-1,31.25,0.158,1000.0,9.88
2025-03-29 07:00:00,eu-central-1,23.56,0.115,962.6,2.46
2025-03-29 08:00:00,eu-central-1,28.79,0.053,1000.0,5.33
2025-03-29 09:00:00,eu-central-1,35.85,0.001,1000.0,1.0
2025-03-29 10:00:00,eu-central-1,28.05,1.16,1000.0,1.31
2025-03-29 11:00:00,eu-central-1,26.97,0.948,1000.0,5.92
2025-03-29 12:00:00,eu-central-1,26.51,0.218,1000.0,3.54
2025-03-29 13:00:00,eu-central-1,33.9,1.752,1000.0,9.96
2025-03-29 14:00:00,eu-central-1,33.69,0.37,1000.0,3.73
2025-03-29 15:00:00,eu-central-1,28.9,0.024,970.8,1.49
2025-03-29 16:00:00,eu-central-1,32.22,0.041,1000.0,1.89
2025-03-29 17:00:00,eu-central-1,39.58,0.818,1000.0,5.77
2025-03-29 18:00:00,eu-central-1,27.5,0.328,1000.0,2.01
2025-03-29 19:00:00,eu-central-1,19.8,0.556,957.2,0.74
2025-03-29 20:00:00,eu-central-1,29.91,0.686,938.4,1.43
2025-03-29 21:00:00,eu-central-1,27.54,0.178,814.1,1.82
2025-03-29 22:00:00,eu-central-1,25.02,0.015,1000.0,0.25
2025-03-29 23:00:00,eu-central-1,30.74,0.063,807.3,3.4
2025-03-30 00:00:00,eu-central-1,31.52,0.021,1000.0,0.29
2025-03-30 01:00:00,eu-central-1,18.73,0.063,902.1,1.3
2025-03-30 02:00:00,eu-central-1,25.26,0.159,848.1,4.08
2025-03-30 03:00:00,eu-central-1,37.73,0.038,743.5,1.58
2025-03-30 04:00:00,eu-central-1,30.45,0.055,839.4,4.61
2025-03-30 05:00:00,eu-central-1,30.84,0.177,825.5,1.05
2025-03-30 06:00:00,eu-central-1,32.93,0.125,699.0,7.9
2025-03-30 07:00:00,eu-central-1,28.07,0.189,823.9,0.59
2025-03-30 08:00:00,eu-central-1,36.05,0.185,979.6,0.1
2025-03-30 09:00:00,eu-central-1,35.67,0.341,1000.0,5.15
2025-03-30 10:00:00,eu-central-1,34.8,0.913,1000.0,3.49
2025-03-30 11:00:00,eu-central-1,30.64,0.038,913.6,0.66
2025-03-30 12:00:00,eu-central-1,33.03,0.034,1000.0,10.46
2025-03-30 13:00:00,eu-central-1,29.36,0.632,1000.0,1.74
2025-03-30 14:00:00,eu-central-1,32.26,0.233,952.9,7.54
2025-03-30 15:00:00,eu-central-1,26.56,0.48,1000.0,1.76
2025-03-30 16:00:00,eu-central-1,28.38,0.08,1000.0,1.6
2025-03-30 17:00:00,eu-central-1,30.84,0.583,1000.0,1.49
2025-03-30 18:00:00,eu-central-1,27.64,0.85,1000.0,1.02
2025-03-30 19:00:00,eu-central-1,25.88,0.303,752.0,1.91
2025-03-30 20:00:00,eu-central-1,27.31,0.034,936.9,1.51
2025-03-30 21:00:00,eu-central-1,29.69,0.677,815.6,0.1
2025-03-30 22:00:00,eu-central-1,31.99,0.472,677.6,0.75
2025-03-30 23:00:00,eu-central-1,26.05,0.417,916.1,0.6
